{"bench": 0.02, "car": 0.9599999999999965, "cow": 0.006666666666666667, "truck": 0.21333333333333307, "boat": 0.060000000000000005, "fire hydrant": 0.023333333333333334, "person": 0.13333333333333322, "train": 0.04666666666666667, "umbrella": 0.006666666666666667, "backpack": 0.0033333333333333335, "motorcycle": 0.0033333333333333335, "bus": 0.02666666666666667, "kite": 0.02, "traffic light": 0.006666666666666667, "dog": 0.01, "bird": 0.006666666666666667, "giraffe": 0.01, "potted plant": 0.016666666666666666, "frisbee": 0.006666666666666667, "bowl": 0.0033333333333333335, "surfboard": 0.013333333333333334, "stop sign": 0.006666666666666667, "tennis racket": 0.0033333333333333335, "refrigerator": 0.0033333333333333335, "bicycle": 0.006666666666666667, "density": 1.6166666666666667}