{"house": 0.25, "where": 0.07333333333333333, "person": 0.07666666666666666, "was": 0.07333333333333333, "found": 0.043333333333333335, "in": 0.14666666666666667, "neighborhood": 0.006666666666666667, "road": 0.5266666666666666, "beach": 0.37, "just": 0.023333333333333334, "short": 0.06, "walk": 0.06, "from": 0.11, "lined": 0.006666666666666667, "trees": 0.013333333333333334, "shrubs": 0.0033333333333333335, "car": 0.05, "parked": 0.01, "on": 0.03666666666666667, "home": 0.03333333333333333, "person,": 0.02, "who": 0.016666666666666666, "shot": 0.006666666666666667, "right": 0.0033333333333333335, "outside": 0.0033333333333333335, "park": 0.04666666666666667, "middle": 0.03333333333333333, "forest": 0.013333333333333334, "city": 0.09333333333333334, "beautiful": 0.013333333333333334, "front": 0.01, "lived": 0.03, "born": 0.023333333333333334, "located": 0.06, "heart": 0.02666666666666667, "garden": 0.013333333333333334, "main": 0.02, "street": 0.02, "town": 0.043333333333333335, "coast": 0.023333333333333334, "small": 0.03666666666666667, "this": 0.006666666666666667, "owner": 0.0033333333333333335, "hotel": 0.09333333333333334, "man": 0.013333333333333334, "view": 0.02, "parking": 0.013333333333333334, "lot": 0.013333333333333334, "island": 0.01, "off": 0.0033333333333333335, "closed": 0.0033333333333333335, "for": 0.013333333333333334, "weekend": 0.0033333333333333335, "popular": 0.013333333333333334, "tourist": 0.006666666666666667, "destination": 0.006666666666666667, "temple": 0.02, "his": 0.006666666666666667, "mother": 0.0033333333333333335, "tree": 0.03333333333333333, "at": 0.02, "resort": 0.006666666666666667, "farm": 0.01, "parents": 0.0033333333333333335, "i": 0.0033333333333333335, "grew": 0.0033333333333333335, "up": 0.0033333333333333335, "couple": 0.016666666666666666, "were": 0.016666666666666666, "site": 0.013333333333333334, "end": 0.006666666666666667, "day": 0.0033333333333333335, "airport": 0.0033333333333333335, "backyard": 0.006666666666666667, "bit": 0.0033333333333333335, "mess": 0.0033333333333333335, "place": 0.006666666666666667, "tourists": 0.0033333333333333335, "couple's": 0.006666666666666667, "market": 0.006666666666666667, "$1": 0.006666666666666667, "castle": 0.01, "west": 0.0033333333333333335, "area": 0.006666666666666667, "our": 0.006666666666666667, "now": 0.01, "living": 0.01, "seen": 0.006666666666666667, "walking": 0.01, "down": 0.01, "along": 0.0033333333333333335, "canal": 0.0033333333333333335, "spotted": 0.006666666666666667, "fire": 0.0033333333333333335, "started": 0.0033333333333333335, "building": 0.01, "mountains": 0.013333333333333334, "sunset,": 0.0033333333333333335, "driving": 0.0033333333333333335, "past": 0.0033333333333333335, "property": 0.006666666666666667, "boat": 0.01, "sea": 0.006666666666666667, "jungle": 0.01, "palm": 0.006666666666666667, "symbol": 0.0033333333333333335, "land": 0.0033333333333333335, "path": 0.006666666666666667, "trip": 0.006666666666666667, "proposed": 0.0033333333333333335, "new": 0.0033333333333333335, "school": 0.0033333333333333335, "seafront": 0.0033333333333333335, "ocean": 0.0033333333333333335, "cut": 0.0033333333333333335, "morning": 0.0033333333333333335, "top": 0.0033333333333333335, "village": 0.006666666666666667, "through": 0.0033333333333333335, "countryside": 0.0033333333333333335, "entrance": 0.0033333333333333335, "hiding": 0.0033333333333333335, "full": 0.0033333333333333335, "passerby": 0.0033333333333333335}