{"truck": 0.15, "car": 0.7800000000000005, "boat": 0.07, "person": 0.21000000000000005, "stop sign": 0.02, "train": 0.060000000000000005, "bird": 0.01, "backpack": 0.01, "bus": 0.02, "traffic light": 0.01, "bicycle": 0.02, "umbrella": 0.01, "bench": 0.02, "kite": 0.01, "density": 1.4}