{"green": 0.37333333333333335, "car": 0.34, "driving": 0.24666666666666667, "down": 0.19, "road": 0.37, "past": 0.06333333333333334, "forest": 0.02, "blurry": 0.03333333333333333, "field": 0.52, "animals": 0.08333333333333333, "dirt": 0.02666666666666667, "lot": 0.016666666666666666, "houses": 0.0033333333333333335, "in": 0.3, "background": 0.04, "next": 0.05, "herd": 0.21666666666666667, "sheep": 0.24666666666666667, "tractor": 0.07, "middle": 0.02, "cattle": 0.08666666666666667, "street": 0.043333333333333335, "motorcycle": 0.14, "parked": 0.21333333333333335, "on": 0.33, "side": 0.10333333333333333, "grazing": 0.28, "trees": 0.023333333333333334, "truck": 0.03333333333333333, "farm": 0.03666666666666667, "cows": 0.06333333333333334, "grass": 0.05, "through": 0.013333333333333334, "few": 0.0033333333333333335, "person": 0.03, "pasture": 0.08, "lush": 0.043333333333333335, "tree": 0.023333333333333334, "front": 0.02666666666666667, "house": 0.006666666666666667, "horse": 0.01, "fence": 0.04, "cars": 0.04, "near": 0.02666666666666667, "group": 0.0033333333333333335, "building": 0.02, "large": 0.16666666666666666, "distance": 0.006666666666666667, "long": 0.006666666666666667, "narrow": 0.0033333333333333335, "bicycle": 0.0033333333333333335, "bench": 0.016666666666666666, "white": 0.0033333333333333335, "highway": 0.016666666666666666, "top": 0.02, "image": 0.0033333333333333335, "chain": 0.0033333333333333335, "link": 0.0033333333333333335, "train": 0.0033333333333333335, "dog": 0.013333333333333334, "standing": 0.023333333333333334, "traffic": 0.0033333333333333335, "couple": 0.013333333333333334, "hills": 0.0033333333333333335, "running": 0.0033333333333333335, "sandy": 0.0033333333333333335, "beach": 0.0033333333333333335, "bike": 0.006666666666666667, "behind": 0.013333333333333334, "hill": 0.01, "metal": 0.006666666666666667, "man": 0.0033333333333333335, "parking": 0.0033333333333333335, "filled": 0.0033333333333333335, "country": 0.006666666666666667, "motorcycles": 0.0033333333333333335, "drives": 0.0033333333333333335, "several": 0.0033333333333333335, "sitting": 0.01, "object": 0.0033333333333333335, "some": 0.0033333333333333335, "amount": 0.006666666666666667, "snow": 0.0033333333333333335, "sign": 0.0033333333333333335, "taking": 0.006666666666666667, "black": 0.0033333333333333335, "small": 0.006666666666666667, "village": 0.0033333333333333335, "plane": 0.0033333333333333335, "yard": 0.0033333333333333335, "grassy": 0.0033333333333333335, "number": 0.006666666666666667, "planes": 0.0033333333333333335}