{"frisbee": 0.013333333333333334, "car": 0.2833333333333332, "sheep": 0.02, "bench": 0.023333333333333334, "train": 0.01, "person": 0.05, "truck": 0.05, "bus": 0.0033333333333333335, "fire hydrant": 0.006666666666666667, "giraffe": 0.0033333333333333335, "traffic light": 0.006666666666666667, "bottle": 0.0033333333333333335, "kite": 0.006666666666666667, "cow": 0.01, "bicycle": 0.016666666666666666, "backpack": 0.01, "horse": 0.0033333333333333335, "bird": 0.0033333333333333335, "density": 0.5233333333333333}