{"road": 0.6533333333333333, "house": 0.25333333333333335, "farmland": 0.006666666666666667, "in": 0.24666666666666667, "countryside": 0.13, "person": 0.07666666666666666, "castle": 0.07, "farm": 0.19666666666666666, "street": 0.0033333333333333335, "view": 0.02, "building": 0.01, "beach": 0.02, "tree": 0.03, "was": 0.08666666666666667, "found": 0.023333333333333334, "woods": 0.016666666666666666, "country": 0.03, "trees": 0.03666666666666667, "car": 0.10333333333333333, "long": 0.01, "way": 0.01, "spotted": 0.02666666666666667, "on": 0.05333333333333334, "from": 0.043333333333333335, "field": 0.05333333333333334, "wheat": 0.02666666666666667, "middle": 0.02666666666666667, "parked": 0.02666666666666667, "fields": 0.016666666666666666, "barley": 0.0033333333333333335, "airport": 0.01, "lined": 0.023333333333333334, "couple": 0.02, "were": 0.023333333333333334, "seen": 0.006666666666666667, "walking": 0.016666666666666666, "their": 0.006666666666666667, "dog": 0.0033333333333333335, "where": 0.043333333333333335, "lived": 0.03666666666666667, "his": 0.02666666666666667, "mother": 0.016666666666666666, "property": 0.08, "city": 0.03, "region": 0.01, "parents": 0.006666666666666667, "located": 0.05, "attacked": 0.0033333333333333335, "home": 0.013333333333333334, "person,": 0.006666666666666667, "who": 0.006666666666666667, "now": 0.006666666666666667, "living": 0.006666666666666667, "closed": 0.02, "for": 0.03333333333333333, "day": 0.006666666666666667, "garden": 0.01, "near": 0.01, "village": 0.02666666666666667, "along": 0.006666666666666667, "heart": 0.01, "outside": 0.0033333333333333335, "through": 0.016666666666666666, "park": 0.03, "area": 0.013333333333333334, "pictured": 0.006666666666666667, "movie": 0.006666666666666667, "site": 0.0033333333333333335, "proposed": 0.0033333333333333335, "new": 0.0033333333333333335, "school": 0.0033333333333333335, "exterior": 0.0033333333333333335, "image": 0.02, "#": 0.02, "m": 0.01, "center": 0.01, "internet,": 0.01, "pool,": 0.01, "terrace": 0.01, "short": 0.0033333333333333335, "walk": 0.0033333333333333335, "set": 0.02, "acres": 0.02, "land": 0.023333333333333334, "surrounded": 0.013333333333333334, "trip": 0.0033333333333333335, "driveway": 0.0033333333333333335, "left": 0.01, "broken": 0.006666666666666667, "leg": 0.006666666666666667, "after": 0.006666666666666667, "they": 0.0033333333333333335, "driving": 0.0033333333333333335, "struck": 0.0033333333333333335, "small": 0.006666666666666667, "town": 0.0033333333333333335, "couple's": 0.0033333333333333335, "shrubs": 0.006666666666666667, "sale": 0.006666666666666667, "several": 0.01, "days": 0.0033333333333333335, "market": 0.006666666666666667, "\u00a3": 0.006666666666666667, "1": 0.006666666666666667, "beautiful": 0.006666666666666667, "neighborhood": 0.006666666666666667, "wife": 0.0033333333333333335, "children": 0.0033333333333333335, "nowhere": 0.0033333333333333335, "hours": 0.006666666666666667, "large": 0.01, "swimming": 0.006666666666666667, "pool": 0.006666666666666667, "trip,": 0.0033333333333333335, "roads": 0.0033333333333333335, "man": 0.006666666666666667, "woman": 0.0033333333333333335, "forest": 0.006666666666666667, "mountains": 0.006666666666666667, "square": 0.006666666666666667, "meters,": 0.0033333333333333335, "plot": 0.006666666666666667, "meters": 0.0033333333333333335, "attack": 0.0033333333333333335, "long,": 0.0033333333333333335, "winding": 0.0033333333333333335, "parking": 0.006666666666666667, "lot": 0.006666666666666667, "no": 0.0033333333333333335, "choice": 0.0033333333333333335, "but": 0.0033333333333333335, "sell": 0.0033333333333333335, "cut": 0.0033333333333333335, "down": 0.006666666666666667, "full": 0.0033333333333333335, "place": 0.0033333333333333335, "visit": 0.0033333333333333335, "at": 0.0033333333333333335, "entrance": 0.0033333333333333335, "my": 0.0033333333333333335, "barn": 0.0033333333333333335, "filmed": 0.0033333333333333335, "weekend": 0.0033333333333333335, "poppies": 0.0033333333333333335, "path": 0.0033333333333333335}