{"park": 0.02666666666666667, "located": 0.05333333333333334, "in": 0.16, "heart": 0.023333333333333334, "field": 0.013333333333333334, "grass": 0.0033333333333333335, "trees": 0.006666666666666667, "market": 0.013333333333333334, "open": 0.0033333333333333335, "every": 0.0033333333333333335, "sunday": 0.0033333333333333335, "road": 0.4533333333333333, "jungle": 0.06333333333333334, "house": 0.19666666666666666, "from": 0.13333333333333333, "beach": 0.23, "airport": 0.023333333333333334, "city": 0.04666666666666667, "beautiful": 0.03, "landscape": 0.01, "property": 0.04666666666666667, "image": 0.04, "#": 0.03333333333333333, "m": 0.02, "center": 0.023333333333333334, "person": 0.02666666666666667, "car": 0.08, "was": 0.03, "spotted": 0.006666666666666667, "on": 0.04, "view": 0.11666666666666667, "top": 0.043333333333333335, "place": 0.02, "aerial": 0.04, "forest": 0.03, "tree": 0.03, "middle": 0.016666666666666666, "this": 0.006666666666666667, "i": 0.013333333333333334, "grew": 0.006666666666666667, "up": 0.01, "hill": 0.01, "old": 0.0033333333333333335, "building": 0.02, "town": 0.006666666666666667, "temple": 0.023333333333333334, "parked": 0.02, "front": 0.023333333333333334, "countryside": 0.03, "large": 0.013333333333333334, "swimming": 0.01, "pool": 0.01, "river": 0.04666666666666667, "flows": 0.0033333333333333335, "through": 0.05, "lake": 0.01, "at": 0.03, "end": 0.006666666666666667, "playground": 0.0033333333333333335, "village": 0.01, "mountains": 0.03, "movie": 0.0033333333333333335, "titled": 0.0033333333333333335, "drive": 0.0033333333333333335, "retired": 0.0033333333333333335, "teacher": 0.0033333333333333335, "who": 0.01, "lives": 0.0033333333333333335, "morning": 0.01, "stadium": 0.0033333333333333335, "door": 0.0033333333333333335, "farm": 0.02666666666666667, "outside": 0.0033333333333333335, "island": 0.0033333333333333335, "entrance": 0.016666666666666666, "parking": 0.013333333333333334, "lot": 0.006666666666666667, "driving": 0.03666666666666667, "highway": 0.0033333333333333335, "boys": 0.0033333333333333335, "hike": 0.0033333333333333335, "so": 0.0033333333333333335, "deep": 0.006666666666666667, "almost": 0.0033333333333333335, "as": 0.01, "itself": 0.0033333333333333335, "path": 0.006666666666666667, "short": 0.013333333333333334, "walk": 0.013333333333333334, "internet,": 0.006666666666666667, "air": 0.006666666666666667, "conditioning,": 0.006666666666666667, "live": 0.0033333333333333335, "little": 0.0033333333333333335, "bit": 0.0033333333333333335, "different": 0.0033333333333333335, "houses": 0.006666666666666667, "main": 0.0033333333333333335, "visit": 0.006666666666666667, "small": 0.006666666666666667, "man": 0.016666666666666666, "walks": 0.01, "along": 0.006666666666666667, "banks": 0.006666666666666667, "tropical": 0.01, "closed": 0.006666666666666667, "traffic": 0.0033333333333333335, "backyard": 0.0033333333333333335, "home": 0.01, "down": 0.006666666666666667, "country": 0.006666666666666667, "standing": 0.0033333333333333335, "street,": 0.0033333333333333335, "site": 0.006666666666666667, "proposed": 0.0033333333333333335, "new": 0.0033333333333333335, "school": 0.01, "sea": 0.0033333333333333335, "hotel": 0.02, "bridge": 0.006666666666666667, "over": 0.01, "rural": 0.0033333333333333335, "area": 0.01, "original": 0.0033333333333333335, "quarry": 0.0033333333333333335, "tourists": 0.0033333333333333335, "enjoy": 0.0033333333333333335, "day": 0.006666666666666667, "suburb": 0.006666666666666667, "stream": 0.0033333333333333335, "running": 0.0033333333333333335, "just": 0.0033333333333333335, ":": 0.0033333333333333335, "boat": 0.0033333333333333335, "bay": 0.0033333333333333335, "palm": 0.0033333333333333335, "sun": 0.0033333333333333335, "sets": 0.0033333333333333335, "horizon": 0.0033333333333333335, "crowd": 0.0033333333333333335, "concert": 0.0033333333333333335, "community": 0.0033333333333333335, "growing": 0.006666666666666667, "exponentially": 0.0033333333333333335, "result": 0.0033333333333333335, "program": 0.0033333333333333335, "falls": 0.0033333333333333335, "flowing": 0.013333333333333334, "villa": 0.0033333333333333335, "port": 0.0033333333333333335, "for": 0.013333333333333334, "$1": 0.0033333333333333335, "sign": 0.006666666666666667, "woods": 0.0033333333333333335, "person,": 0.01, "where": 0.006666666666666667, "born": 0.0033333333333333335, "rainforest": 0.006666666666666667, "\u00a3": 0.006666666666666667, "1": 0.006666666666666667, "rock": 0.006666666666666667, "pools": 0.0033333333333333335, "base": 0.0033333333333333335, "waterfall": 0.0033333333333333335, "now": 0.006666666666666667, "winter": 0.0033333333333333335, "mountain": 0.006666666666666667, "national": 0.0033333333333333335, "nature": 0.0033333333333333335, "drove": 0.0033333333333333335, "wind": 0.0033333333333333335, "side": 0.0033333333333333335, "animals": 0.0033333333333333335, "garden": 0.01, "surrounded": 0.0033333333333333335, "lush": 0.0033333333333333335, "greenery": 0.0033333333333333335, "living": 0.0033333333333333335, "roots": 0.0033333333333333335, "out": 0.0033333333333333335, "cave": 0.0033333333333333335, "full": 0.0033333333333333335, "shrubs": 0.0033333333333333335, "region": 0.0033333333333333335, "lights": 0.0033333333333333335, "night": 0.0033333333333333335, "lived": 0.0033333333333333335, "statue": 0.0033333333333333335, "popular": 0.0033333333333333335, "tourist": 0.0033333333333333335, "destination": 0.0033333333333333335, "team": 0.0033333333333333335, "group": 0.0033333333333333335, "people": 0.0033333333333333335, "coast": 0.0033333333333333335, "cut": 0.0033333333333333335, "set": 0.0033333333333333335, "acres": 0.0033333333333333335, "woodland": 0.0033333333333333335, "green": 0.0033333333333333335, "meadow": 0.0033333333333333335, "trip": 0.006666666666666667, "seen": 0.0033333333333333335, "climbing": 0.0033333333333333335, "then": 0.0033333333333333335, "jumping": 0.0033333333333333335, "off": 0.0033333333333333335, "whole": 0.0033333333333333335, "family": 0.0033333333333333335, "shot": 0.0033333333333333335, "biological": 0.0033333333333333335, "species": 0.0033333333333333335, "artist": 0.0033333333333333335}