{"person": 0.7400000000000004, "truck": 0.07, "boat": 0.03, "airplane": 0.060000000000000005, "train": 0.01, "car": 0.6000000000000003, "kite": 0.02, "baseball bat": 0.01, "handbag": 0.03, "giraffe": 0.01, "chair": 0.01, "potted plant": 0.09999999999999999, "dining table": 0.03, "vase": 0.02, "bird": 0.02, "umbrella": 0.02, "dog": 0.02, "bench": 0.07, "bottle": 0.01, "frisbee": 0.04, "cell phone": 0.01, "cup": 0.01, "fire hydrant": 0.03, "stop sign": 0.01, "sheep": 0.01, "density": 1.99}