{"car": 0.6699999999999995, "person": 0.5300000000000009, "chair": 0.02, "train": 0.04, "truck": 0.0833333333333333, "airplane": 0.04, "sheep": 0.023333333333333334, "boat": 0.08999999999999996, "bench": 0.060000000000000005, "fire hydrant": 0.013333333333333334, "kite": 0.02, "bird": 0.01, "baseball glove": 0.0033333333333333335, "bear": 0.006666666666666667, "potted plant": 0.04, "dining table": 0.01, "vase": 0.006666666666666667, "frisbee": 0.02666666666666667, "traffic light": 0.0033333333333333335, "backpack": 0.01, "baseball bat": 0.0033333333333333335, "handbag": 0.01, "dog": 0.01, "umbrella": 0.01, "cow": 0.0033333333333333335, "bus": 0.0033333333333333335, "surfboard": 0.01, "stop sign": 0.006666666666666667, "giraffe": 0.0033333333333333335, "bottle": 0.0033333333333333335, "cell phone": 0.0033333333333333335, "cup": 0.0033333333333333335, "density": 1.7766666666666666}