{"person": 0.11666666666666667, "standing": 0.09, "on": 0.19666666666666666, "rock": 0.02, "near": 0.04, "stop": 0.013333333333333334, "sign": 0.02, "group": 0.03333333333333333, "animals": 0.18333333333333332, "grazing": 0.04666666666666667, "in": 0.4033333333333333, "field": 0.5333333333333333, "large": 0.09666666666666666, "mountain": 0.016666666666666666, "background": 0.07, "car": 0.41333333333333333, "driving": 0.21333333333333335, "down": 0.11, "road": 0.26, "herd": 0.11, "sheep": 0.08333333333333333, "past": 0.016666666666666666, "cattle": 0.043333333333333335, "street": 0.013333333333333334, "lot": 0.04, "green": 0.05333333333333334, "trees": 0.013333333333333334, "middle": 0.043333333333333335, "motorcycle": 0.12666666666666668, "dog": 0.023333333333333334, "ground": 0.006666666666666667, "highway": 0.01, "several": 0.0033333333333333335, "planes": 0.02, "flying": 0.023333333333333334, "over": 0.01, "vehicle": 0.01, "man": 0.02666666666666667, "cars": 0.01, "trucks": 0.006666666666666667, "formation": 0.01, "parked": 0.12333333333333334, "front": 0.006666666666666667, "building": 0.016666666666666666, "side": 0.04666666666666667, "desert": 0.08333333333333333, "truck": 0.04666666666666667, "next": 0.07, "woman": 0.0033333333333333335, "zebras": 0.016666666666666666, "forest": 0.01, "cow": 0.006666666666666667, "jet": 0.01, "ski": 0.0033333333333333335, "riding": 0.02666666666666667, "dirt": 0.10333333333333333, "top": 0.03666666666666667, "grass": 0.03666666666666667, "covered": 0.006666666666666667, "few": 0.06333333333333334, "laying": 0.0033333333333333335, "barn": 0.0033333333333333335, "horse": 0.023333333333333334, "blue": 0.016666666666666666, "disc": 0.0033333333333333335, "distance": 0.06, "rocky": 0.013333333333333334, "hillside": 0.006666666666666667, "scene": 0.0033333333333333335, "focus": 0.0033333333333333335, "city": 0.0033333333333333335, "lush": 0.02, "couple": 0.013333333333333334, "plane": 0.056666666666666664, "water": 0.013333333333333334, "amount": 0.006666666666666667, "motorcycles": 0.006666666666666667, "each": 0.0033333333333333335, "other": 0.0033333333333333335, "white": 0.01, "taking": 0.02, "two": 0.0033333333333333335, "mountains": 0.006666666666666667, "blurry": 0.023333333333333334, "sandy": 0.006666666666666667, "beach": 0.013333333333333334, "pasture": 0.006666666666666667, "through": 0.023333333333333334, "very": 0.0033333333333333335, "big": 0.006666666666666667, "air": 0.006666666666666667, "area": 0.01, "small": 0.0033333333333333335, "clouds": 0.0033333333333333335, "sky": 0.01, "horses": 0.0033333333333333335, "snow": 0.006666666666666667, "farm": 0.006666666666666667, "house": 0.0033333333333333335, "sitting": 0.0033333333333333335, "fence": 0.01, "black": 0.0033333333333333335, "cat": 0.0033333333333333335, "people": 0.016666666666666666, "disk": 0.0033333333333333335, "lake": 0.006666666666666667, "river": 0.0033333333333333335, "body": 0.0033333333333333335, "museum": 0.0033333333333333335, "painting": 0.0033333333333333335, "airplane": 0.0033333333333333335, "gravel": 0.0033333333333333335, "roof": 0.0033333333333333335, "room": 0.0033333333333333335, "red": 0.006666666666666667, "bench": 0.0033333333333333335, "door": 0.0033333333333333335, "cows": 0.01, "some": 0.0033333333333333335, "tractor": 0.0033333333333333335, "walking": 0.006666666666666667, "trailer": 0.006666666666666667, "park": 0.0033333333333333335, "wide": 0.0033333333333333335, "open": 0.0033333333333333335, "birds": 0.0033333333333333335, "around": 0.0033333333333333335, "cliff": 0.0033333333333333335, "rocks": 0.0033333333333333335, "stone": 0.0033333333333333335, "wall": 0.0033333333333333335, "grassy": 0.0033333333333333335, "boat": 0.0033333333333333335, "metal": 0.0033333333333333335, "object": 0.0033333333333333335, "waterfall": 0.0033333333333333335}