{"car": 0.09999999999999999, "skateboard": 0.02, "person": 0.2700000000000001, "boat": 0.08, "umbrella": 0.01, "horse": 0.01, "bird": 0.08, "elephant": 0.01, "fire hydrant": 0.01, "bench": 0.01, "dog": 0.01, "kite": 0.02, "bed": 0.01, "density": 0.64}