{"kite": 0.02, "person": 0.24999999999999967, "bottle": 0.01, "train": 0.01, "car": 0.1566666666666665, "cow": 0.060000000000000005, "bench": 0.02666666666666667, "truck": 0.023333333333333334, "boat": 0.043333333333333335, "motorcycle": 0.006666666666666667, "skateboard": 0.01, "bird": 0.07666666666666665, "dog": 0.0033333333333333335, "airplane": 0.006666666666666667, "parking meter": 0.0033333333333333335, "fire hydrant": 0.006666666666666667, "horse": 0.023333333333333334, "bus": 0.0033333333333333335, "refrigerator": 0.0033333333333333335, "chair": 0.01, "potted plant": 0.006666666666666667, "surfboard": 0.0033333333333333335, "bed": 0.0033333333333333335, "umbrella": 0.0033333333333333335, "giraffe": 0.0033333333333333335, "elephant": 0.006666666666666667, "sheep": 0.0033333333333333335, "frisbee": 0.0033333333333333335, "density": 0.7866666666666666}