{"road": 0.8, "beach": 0.26666666666666666, "mountains": 0.13333333333333333, "man": 0.006666666666666667, "rides": 0.0033333333333333335, "his": 0.0033333333333333335, "bike": 0.0033333333333333335, "through": 0.03, "desert": 0.013333333333333334, "trip": 0.016666666666666666, "countryside": 0.01, "tree": 0.013333333333333334, "in": 0.08333333333333333, "neighborhood": 0.006666666666666667, "city": 0.15666666666666668, "beautiful": 0.056666666666666664, "drive": 0.013333333333333334, "place": 0.03, "visit": 0.03, "highway": 0.023333333333333334, "was": 0.016666666666666666, "shot": 0.0033333333333333335, "back": 0.0033333333333333335, "pickup": 0.0033333333333333335, "truck": 0.0033333333333333335, "site": 0.0033333333333333335, "proposed": 0.0033333333333333335, "new": 0.0033333333333333335, "school": 0.0033333333333333335, "found": 0.006666666666666667, "backyard": 0.0033333333333333335, "home": 0.0033333333333333335, "farm": 0.13666666666666666, "airport": 0.01, "small": 0.02666666666666667, "town": 0.02666666666666667, "house": 0.1, "forest": 0.023333333333333334, "village": 0.006666666666666667, "landscape": 0.0033333333333333335, "parking": 0.02, "lot": 0.02, "country": 0.0033333333333333335, "closed": 0.0033333333333333335, "for": 0.006666666666666667, "several": 0.0033333333333333335, "hours": 0.0033333333333333335, "car": 0.03666666666666667, "driving": 0.006666666666666667, "on": 0.01, "where": 0.0033333333333333335, "person": 0.006666666666666667, "view": 0.02, "from": 0.023333333333333334, "popular": 0.01, "tourist": 0.006666666666666667, "destination": 0.006666666666666667, "property": 0.02, "located": 0.03666666666666667, "parked": 0.006666666666666667, "middle": 0.03333333333333333, "spotted": 0.0033333333333333335, "border": 0.006666666666666667, "top": 0.0033333333333333335, "hill": 0.0033333333333333335, "sign": 0.01, "temple": 0.016666666666666666, "park": 0.016666666666666666, "area": 0.013333333333333334, "ranch": 0.0033333333333333335, "nowhere": 0.01, "hills": 0.0033333333333333335, "couple": 0.0033333333333333335, "were": 0.0033333333333333335, "seen": 0.0033333333333333335, "walking": 0.006666666666666667, "heart": 0.006666666666666667, "spot": 0.0033333333333333335, "biking": 0.0033333333333333335, "lined": 0.0033333333333333335, "trees": 0.006666666666666667, "good": 0.0033333333333333335, "condition": 0.0033333333333333335, "bush": 0.0033333333333333335, "image": 0.0033333333333333335, "#": 0.0033333333333333335, "m": 0.0033333333333333335, "center": 0.0033333333333333335, "hotel": 0.0033333333333333335, "drives": 0.006666666666666667, "along": 0.0033333333333333335, "jungle": 0.0033333333333333335, "rural": 0.0033333333333333335, "field": 0.0033333333333333335}