{"car": 0.09333333333333328, "person": 0.16999999999999982, "cow": 0.05, "horse": 0.01, "skateboard": 0.01, "bench": 0.013333333333333334, "truck": 0.02666666666666667, "bird": 0.013333333333333334, "sheep": 0.030000000000000002, "traffic light": 0.0033333333333333335, "clock": 0.0033333333333333335, "bicycle": 0.0033333333333333335, "train": 0.006666666666666667, "giraffe": 0.006666666666666667, "zebra": 0.01, "stop sign": 0.0033333333333333335, "kite": 0.0033333333333333335, "bus": 0.0033333333333333335, "snowboard": 0.0033333333333333335, "surfboard": 0.0033333333333333335, "density": 0.4666666666666667}