{"street": 0.22, "motorcycle": 0.19666666666666666, "parked": 0.34, "on": 0.4066666666666667, "side": 0.22666666666666666, "road": 0.4166666666666667, "blurry": 0.06333333333333334, "car": 0.17333333333333334, "driving": 0.12666666666666668, "down": 0.15333333333333332, "dirt": 0.10666666666666667, "herd": 0.06, "animals": 0.07, "grazing": 0.013333333333333334, "lush": 0.023333333333333334, "green": 0.3233333333333333, "field": 0.07333333333333333, "in": 0.23, "forest": 0.1, "tree": 0.02666666666666667, "mountain": 0.03, "stop": 0.016666666666666666, "sign": 0.06333333333333334, "background": 0.03, "lot": 0.056666666666666664, "trees": 0.07333333333333333, "benches": 0.006666666666666667, "scene": 0.01, "bench": 0.07333333333333333, "pasture": 0.04666666666666667, "traffic": 0.01, "large": 0.14, "building": 0.09333333333333334, "stone": 0.006666666666666667, "wall": 0.006666666666666667, "front": 0.04, "fire": 0.023333333333333334, "hydrant": 0.023333333333333334, "sitting": 0.07666666666666666, "next": 0.13333333333333333, "fence": 0.07666666666666666, "cars": 0.06333333333333334, "motorcycles": 0.023333333333333334, "truck": 0.10333333333333333, "bus": 0.016666666666666666, "pile": 0.01, "garbage": 0.0033333333333333335, "top": 0.03, "hillside": 0.02, "reads": 0.016666666666666666, "\"horsemeat\"": 0.0033333333333333335, "cow": 0.0033333333333333335, "arrow": 0.006666666666666667, "grass": 0.023333333333333334, "couple": 0.02666666666666667, "motor": 0.0033333333333333335, "bikes": 0.0033333333333333335, "view": 0.0033333333333333335, "bunch": 0.03333333333333333, "cat": 0.0033333333333333335, "path": 0.01, "woods": 0.013333333333333334, "man": 0.013333333333333334, "walking": 0.013333333333333334, "near": 0.03333333333333333, "train": 0.03, "going": 0.0033333333333333335, "gravel": 0.0033333333333333335, "row": 0.0033333333333333335, "small": 0.006666666666666667, "park": 0.04, "distance": 0.006666666666666667, "traveling": 0.006666666666666667, "tracks": 0.013333333333333334, "covered": 0.0033333333333333335, "leaves": 0.0033333333333333335, "middle": 0.03666666666666667, "metal": 0.02, "object": 0.0033333333333333335, "grassy": 0.006666666666666667, "area": 0.0033333333333333335, "highway": 0.03333333333333333, "\"the": 0.01, "blocked\"": 0.0033333333333333335, "": 0.5366666666666666, "van": 0.016666666666666666, "bike": 0.006666666666666667, "hill": 0.013333333333333334, "long": 0.01, "some": 0.006666666666666667, "cows": 0.01, "bushes": 0.0033333333333333335, "cattle": 0.0033333333333333335, "parking": 0.013333333333333334, "past": 0.013333333333333334, "light": 0.0033333333333333335, "at": 0.0033333333333333335, "end": 0.0033333333333333335, "gate": 0.0033333333333333335, "corner": 0.0033333333333333335, "sink": 0.0033333333333333335, "white": 0.016666666666666666, "meter": 0.0033333333333333335, "approaching": 0.006666666666666667, "elephants": 0.006666666666666667, "shown": 0.0033333333333333335, "sheep": 0.03, "horse": 0.02, "standing": 0.016666666666666666, "filled": 0.01, "black": 0.0033333333333333335, "\"hurry\"": 0.0033333333333333335, "behind": 0.006666666666666667, "paved\"": 0.0033333333333333335, "person": 0.013333333333333334, "taking": 0.006666666666666667, "mountains": 0.006666666666666667, "group": 0.0033333333333333335, "yellow": 0.016666666666666666, "clock": 0.006666666666666667, "tower": 0.0033333333333333335, "arrows": 0.0033333333333333335, "silver": 0.0033333333333333335, "very": 0.006666666666666667, "dirty": 0.006666666666666667, "run": 0.0033333333333333335, "yard": 0.01, "tall": 0.0033333333333333335, "rocks": 0.0033333333333333335, "empty\"": 0.0033333333333333335, "trailer": 0.0033333333333333335, "dog": 0.0033333333333333335, "number": 0.006666666666666667, "people": 0.006666666666666667, "construction": 0.0033333333333333335, "city": 0.006666666666666667, "lots": 0.0033333333333333335, "lake": 0.0033333333333333335, "passing": 0.0033333333333333335, "an": 0.01, "animal": 0.01, "riding": 0.0033333333333333335, "dead": 0.0033333333333333335, "boat": 0.006666666666666667, "water": 0.01, "rocky": 0.0033333333333333335, "cliff": 0.0033333333333333335, "few": 0.006666666666666667, "boats": 0.0033333333333333335, "beach": 0.01, "blur": 0.0033333333333333335, "sand": 0.0033333333333333335, "station": 0.0033333333333333335, "scooters": 0.0033333333333333335, "each": 0.0033333333333333335, "other": 0.0033333333333333335, "body": 0.0033333333333333335, "outside": 0.0033333333333333335, "blue": 0.006666666666666667, "alley": 0.0033333333333333335, "buildings": 0.0033333333333333335, "looking": 0.0033333333333333335}