{"car": 0.6600000000000004, "truck": 0.24000000000000007, "bench": 0.060000000000000005, "bus": 0.12999999999999998, "train": 0.04, "stop sign": 0.08, "person": 0.25000000000000006, "boat": 0.03, "motorcycle": 0.03, "umbrella": 0.01, "giraffe": 0.01, "fire hydrant": 0.03, "kite": 0.02, "bicycle": 0.07, "chair": 0.01, "couch": 0.01, "potted plant": 0.11999999999999998, "density": 1.8}