{"car": 0.5300000000000004, "motorcycle": 0.015, "umbrella": 0.01, "bicycle": 0.09000000000000001, "person": 0.17500000000000007, "train": 0.05499999999999999, "truck": 0.15500000000000005, "bus": 0.075, "bench": 0.049999999999999996, "skateboard": 0.015, "stop sign": 0.015, "backpack": 0.01, "chair": 0.01, "boat": 0.01, "couch": 0.005, "cell phone": 0.005, "bird": 0.01, "kite": 0.01, "fire hydrant": 0.025, "parking meter": 0.005, "refrigerator": 0.015, "zebra": 0.005, "airplane": 0.005, "potted plant": 0.06499999999999999, "giraffe": 0.005, "cow": 0.01, "traffic light": 0.015, "surfboard": 0.01, "density": 1.405}