{"car": 0.5500000000000007, "bus": 0.06333333333333334, "train": 0.03666666666666667, "truck": 0.16999999999999982, "chair": 0.013333333333333334, "boat": 0.023333333333333334, "couch": 0.0033333333333333335, "cow": 0.02, "person": 0.2166666666666664, "motorcycle": 0.016666666666666666, "stop sign": 0.023333333333333334, "bird": 0.01, "fire hydrant": 0.013333333333333334, "parking meter": 0.0033333333333333335, "bench": 0.04666666666666667, "airplane": 0.006666666666666667, "bicycle": 0.07999999999999997, "potted plant": 0.06666666666666667, "kite": 0.016666666666666666, "skateboard": 0.01, "backpack": 0.0033333333333333335, "cell phone": 0.0033333333333333335, "refrigerator": 0.006666666666666667, "giraffe": 0.0033333333333333335, "bear": 0.0033333333333333335, "apple": 0.0033333333333333335, "sheep": 0.0033333333333333335, "sports ball": 0.0033333333333333335, "traffic light": 0.01, "bottle": 0.006666666666666667, "umbrella": 0.01, "elephant": 0.0033333333333333335, "horse": 0.0033333333333333335, "clock": 0.0033333333333333335, "density": 3.735042735042735}