{"bench": 0.04750000000000001, "truck": 0.1725000000000001, "sports ball": 0.0025, "car": 0.5574999999999991, "elephant": 0.005, "train": 0.034999999999999996, "bus": 0.06500000000000002, "cow": 0.01, "person": 0.22000000000000014, "potted plant": 0.06000000000000002, "refrigerator": 0.01, "chair": 0.0125, "skateboard": 0.005, "bicycle": 0.06250000000000001, "traffic light": 0.0075, "boat": 0.0175, "motorcycle": 0.0175, "fire hydrant": 0.02, "stop sign": 0.02, "bottle": 0.005, "zebra": 0.0025, "giraffe": 0.005, "bird": 0.01, "horse": 0.0025, "clock": 0.0025, "sheep": 0.0025, "kite": 0.01, "frisbee": 0.0025, "couch": 0.0025, "umbrella": 0.0125, "parking meter": 0.0025, "bear": 0.0025, "apple": 0.0025, "backpack": 0.005, "density": 1.4175}