{"car": 0.5180000000000003, "frisbee": 0.002, "truck": 0.17200000000000013, "train": 0.04600000000000003, "elephant": 0.004, "stop sign": 0.020000000000000004, "person": 0.20600000000000016, "cow": 0.012, "motorcycle": 0.016, "refrigerator": 0.008, "bird": 0.008, "bus": 0.06600000000000004, "zebra": 0.004, "bench": 0.044000000000000025, "potted plant": 0.04800000000000003, "sports ball": 0.002, "umbrella": 0.01, "boat": 0.020000000000000004, "fire hydrant": 0.022000000000000006, "parking meter": 0.002, "kite": 0.012, "chair": 0.014, "bicycle": 0.05200000000000003, "couch": 0.002, "skateboard": 0.008, "traffic light": 0.006, "backpack": 0.004, "cell phone": 0.002, "giraffe": 0.004, "horse": 0.002, "surfboard": 0.004, "sheep": 0.002, "airplane": 0.002, "bottle": 0.004, "clock": 0.002, "bear": 0.002, "apple": 0.002, "density": 1.354}