{"car": 0.4833333333333345, "bus": 0.09333333333333328, "truck": 0.16333333333333316, "person": 0.16999999999999982, "train": 0.04666666666666667, "stop sign": 0.02666666666666667, "motorcycle": 0.02666666666666667, "umbrella": 0.013333333333333334, "elephant": 0.0033333333333333335, "bench": 0.03333333333333333, "bicycle": 0.07666666666666665, "zebra": 0.0033333333333333335, "skateboard": 0.006666666666666667, "fire hydrant": 0.016666666666666666, "chair": 0.016666666666666666, "boat": 0.01, "couch": 0.0033333333333333335, "potted plant": 0.05333333333333334, "refrigerator": 0.013333333333333334, "cow": 0.013333333333333334, "sheep": 0.0033333333333333335, "bird": 0.006666666666666667, "kite": 0.006666666666666667, "giraffe": 0.006666666666666667, "surfboard": 0.006666666666666667, "bear": 0.0033333333333333335, "apple": 0.0033333333333333335, "backpack": 0.0033333333333333335, "density": 1.3133333333333332}