{"bear": 0.01, "bird": 0.013333333333333334, "person": 0.10999999999999992, "potted plant": 0.03333333333333333, "car": 0.26666666666666644, "cow": 0.013333333333333334, "truck": 0.03333333333333333, "boat": 0.05666666666666667, "sheep": 0.006666666666666667, "kite": 0.016666666666666666, "airplane": 0.006666666666666667, "traffic light": 0.0033333333333333335, "stop sign": 0.013333333333333334, "horse": 0.0033333333333333335, "bench": 0.016666666666666666, "train": 0.006666666666666667, "motorcycle": 0.0033333333333333335, "fire hydrant": 0.01, "clock": 0.0033333333333333335, "refrigerator": 0.006666666666666667, "sports ball": 0.0033333333333333335, "baseball bat": 0.0033333333333333335, "density": 0.64}