{"city": 0.07333333333333333, "beautiful": 0.03, "place": 0.023333333333333334, "visit": 0.023333333333333334, "property": 0.09666666666666666, "image": 0.08333333333333333, "#": 0.07666666666666666, "house": 0.36, "in": 0.16666666666666666, "countryside": 0.04, "large": 0.03666666666666667, "swimming": 0.03666666666666667, "pool": 0.03666666666666667, "road": 0.6033333333333334, "mountains": 0.08, "lined": 0.02666666666666667, "trees": 0.04, "shrubs": 0.013333333333333334, "farm": 0.12333333333333334, "village": 0.043333333333333335, "from": 0.08, "movie": 0.013333333333333334, "beach": 0.09, "where": 0.043333333333333335, "person": 0.056666666666666664, "lived": 0.03666666666666667, "square": 0.006666666666666667, "meters,": 0.0033333333333333335, "on": 0.013333333333333334, "plot": 0.0033333333333333335, "meters": 0.0033333333333333335, "located": 0.05, "area": 0.016666666666666666, "park": 0.02, "neighborhood": 0.013333333333333334, "detached": 0.01, "chalet": 0.006666666666666667, "view": 0.03666666666666667, "garden": 0.006666666666666667, "foggy": 0.0033333333333333335, "field": 0.013333333333333334, "forest": 0.016666666666666666, "small": 0.016666666666666666, "town": 0.02666666666666667, "person,": 0.016666666666666666, "home": 0.023333333333333334, "who": 0.01, "died": 0.0033333333333333335, "valley": 0.0033333333333333335, "m": 0.02666666666666667, "center": 0.03, "castle": 0.02666666666666667, "car": 0.023333333333333334, "heart": 0.0033333333333333335, "top": 0.006666666666666667, "hill": 0.006666666666666667, "tree": 0.016666666666666666, "middle": 0.01, "through": 0.01, "woods": 0.01, "hotel": 0.006666666666666667, "airport": 0.01, "for": 0.01, "sale": 0.006666666666666667, "parking": 0.013333333333333334, "lot": 0.006666666666666667, "street": 0.006666666666666667, "old": 0.013333333333333334, "internet,": 0.006666666666666667, "air": 0.006666666666666667, "conditioning,": 0.006666666666666667, "his": 0.016666666666666666, "mother": 0.016666666666666666, "border": 0.0033333333333333335, "owner": 0.0033333333333333335, "was": 0.016666666666666666, "shot": 0.006666666666666667, "building": 0.01, "found": 0.01, "rock": 0.006666666666666667, "so": 0.006666666666666667, "big": 0.0033333333333333335, "it's": 0.0033333333333333335, "almost": 0.006666666666666667, "touching": 0.0033333333333333335, "ground": 0.0033333333333333335, "summer": 0.0033333333333333335, "windows": 0.0033333333333333335, "full": 0.0033333333333333335, "her": 0.0033333333333333335, "parents": 0.0033333333333333335, "corn": 0.0033333333333333335, "be": 0.0033333333333333335, "harvested": 0.0033333333333333335, "killer": 0.0033333333333333335, "holiday": 0.0033333333333333335, "quiet": 0.0033333333333333335, "location": 0.0033333333333333335, "garden,": 0.0033333333333333335, "at": 0.006666666666666667, "couple's": 0.006666666666666667, "river": 0.0033333333333333335, "wide": 0.0033333333333333335, "invisible": 0.0033333333333333335, "eye": 0.0033333333333333335, "outside": 0.006666666666666667, "seen": 0.006666666666666667, "this": 0.006666666666666667, "undated": 0.0033333333333333335, "natural": 0.006666666666666667, "feature": 0.0033333333333333335, "early": 0.0033333333333333335, "morning": 0.0033333333333333335, "landscape": 0.006666666666666667, "mix": 0.0033333333333333335, "man": 0.01, "-": 0.0033333333333333335, "made": 0.0033333333333333335, "region": 0.006666666666666667, "driving": 0.0033333333333333335, "rural": 0.0033333333333333335, "i": 0.0033333333333333335, "grew": 0.0033333333333333335, "up": 0.0033333333333333335, "19th": 0.0033333333333333335, "century,": 0.0033333333333333335, "completely": 0.0033333333333333335, "renovated": 0.0033333333333333335, "tall": 0.0033333333333333335, "grass": 0.0033333333333333335, "villa": 0.0033333333333333335, "country": 0.0033333333333333335, "entrance": 0.0033333333333333335, "sea": 0.006666666666666667, "walls": 0.0033333333333333335, "closed": 0.0033333333333333335, "weekend": 0.0033333333333333335, "sign": 0.0033333333333333335, "bit": 0.0033333333333333335, "narrow": 0.0033333333333333335, "took": 0.0033333333333333335, "me": 0.0033333333333333335, "trip,": 0.0033333333333333335, "roads": 0.0033333333333333335, "standing": 0.0033333333333333335, "front": 0.0033333333333333335, "driveway": 0.0033333333333333335, "growing": 0.0033333333333333335, "walks": 0.0033333333333333335}