{"kite": 0.01, "cow": 0.01, "car": 0.35000000000000014, "traffic light": 0.01, "stop sign": 0.02, "truck": 0.04, "sheep": 0.01, "train": 0.01, "bird": 0.01, "boat": 0.11999999999999998, "person": 0.060000000000000005, "density": 0.65}