{"road": 0.6133333333333333, "farm": 0.17, "city": 0.06666666666666667, "house": 0.29, "mountains": 0.07, "view": 0.04, "from": 0.06333333333333334, "top": 0.013333333333333334, "hill": 0.01, "hotel": 0.006666666666666667, "sea": 0.013333333333333334, "wind": 0.0033333333333333335, "turbine": 0.0033333333333333335, "in": 0.19, "middle": 0.023333333333333334, "nowhere": 0.0033333333333333335, "apartment": 0.016666666666666666, "rental": 0.0033333333333333335, "-": 0.0033333333333333335, "parking": 0.013333333333333334, "property": 0.09, "image": 0.07333333333333333, "#": 0.07333333333333333, "countryside": 0.07, "large": 0.04666666666666667, "swimming": 0.04, "pool": 0.04, "located": 0.03, "neighborhood": 0.016666666666666666, "heart": 0.0033333333333333335, "tree": 0.023333333333333334, "villa": 0.016666666666666666, "car": 0.05333333333333334, "park": 0.016666666666666666, "at": 0.01, "site": 0.013333333333333334, "where": 0.03333333333333333, "person": 0.04, "was": 0.02666666666666667, "found": 0.013333333333333334, "m": 0.023333333333333334, "center": 0.02666666666666667, "internet,": 0.006666666666666667, "air": 0.0033333333333333335, "conditioning,": 0.0033333333333333335, "closed": 0.006666666666666667, "for": 0.02, "weekend": 0.006666666666666667, "olive": 0.01, "grove": 0.006666666666666667, "small": 0.006666666666666667, "village": 0.02666666666666667, "travelling": 0.0033333333333333335, "along": 0.0033333333333333335, "sun": 0.0033333333333333335, "shines": 0.0033333333333333335, "through": 0.006666666666666667, "trees": 0.02, "castle": 0.056666666666666664, "man": 0.01, "arrested": 0.0033333333333333335, "after": 0.0033333333333333335, "he": 0.0033333333333333335, "reportedly": 0.0033333333333333335, "jumped": 0.0033333333333333335, "building": 0.013333333333333334, "beautiful": 0.03, "place": 0.02666666666666667, "visit": 0.023333333333333334, "street": 0.013333333333333334, "field": 0.016666666666666666, "study": 0.0033333333333333335, "ask": 0.0033333333333333335, "owner": 0.0033333333333333335, "photos": 0.0033333333333333335, "parked": 0.006666666666666667, "beach": 0.07666666666666666, "detached": 0.006666666666666667, "chalet": 0.0033333333333333335, "lived": 0.023333333333333334, "her": 0.0033333333333333335, "parents": 0.01, "future": 0.0033333333333333335, "near": 0.0033333333333333335, "his": 0.013333333333333334, "wife": 0.0033333333333333335, "children": 0.0033333333333333335, "fire": 0.0033333333333333335, "occurred": 0.0033333333333333335, "summer": 0.0033333333333333335, "trip,": 0.0033333333333333335, "on": 0.01, "roads": 0.0033333333333333335, "market": 0.0033333333333333335, "\u00a3": 0.0033333333333333335, "1": 0.0033333333333333335, "landscape": 0.0033333333333333335, "factory": 0.0033333333333333335, "streets": 0.0033333333333333335, "lined": 0.006666666666666667, "houses": 0.0033333333333333335, "proposed": 0.006666666666666667, "new": 0.006666666666666667, "school": 0.0033333333333333335, "sale": 0.006666666666666667, "airport": 0.01, "woods": 0.0033333333333333335, "full": 0.01, "bloom": 0.0033333333333333335, "square": 0.006666666666666667, "meters,": 0.0033333333333333335, "plot": 0.0033333333333333335, "meters": 0.0033333333333333335, "holiday": 0.0033333333333333335, "home": 0.006666666666666667, "quiet": 0.0033333333333333335, "location": 0.0033333333333333335, "garden,": 0.0033333333333333335, "corn": 0.0033333333333333335, "being": 0.0033333333333333335, "harvested": 0.0033333333333333335, "path": 0.006666666666666667, "forest": 0.013333333333333334, "entrance": 0.0033333333333333335, "land": 0.0033333333333333335, "lot": 0.006666666666666667, "fence": 0.0033333333333333335, "around": 0.0033333333333333335, "wall": 0.006666666666666667, "old": 0.013333333333333334, "girl": 0.0033333333333333335, "person,": 0.0033333333333333335, "who": 0.0033333333333333335, "now": 0.0033333333333333335, "living": 0.0033333333333333335, "stadium": 0.0033333333333333335, "seen": 0.0033333333333333335, "walks": 0.0033333333333333335, "down": 0.0033333333333333335, "town": 0.01, "mountain": 0.0033333333333333335, "shot": 0.0033333333333333335, "head": 0.0033333333333333335, "short": 0.0033333333333333335, "walk": 0.0033333333333333335, "country": 0.0033333333333333335, "unesco": 0.0033333333333333335, "world": 0.0033333333333333335, "heritage": 0.0033333333333333335, "pool,": 0.0033333333333333335, "washing": 0.0033333333333333335, "machine": 0.0033333333333333335, "mother": 0.0033333333333333335, "wheat": 0.0033333333333333335, "area": 0.0033333333333333335, "vineyard": 0.0033333333333333335, "region": 0.0033333333333333335, "restaurant": 0.0033333333333333335, "pictured": 0.0033333333333333335, "trunk": 0.0033333333333333335, "trail": 0.0033333333333333335, "bit": 0.0033333333333333335, "steep,": 0.0033333333333333335, "but": 0.0033333333333333335, "it's": 0.0033333333333333335, "not": 0.0033333333333333335, "bad": 0.0033333333333333335, "all": 0.0033333333333333335, "tractor": 0.0033333333333333335}