{"person": 0.13666666666666655, "motorcycle": 0.04666666666666667, "fire hydrant": 0.013333333333333334, "bear": 0.0033333333333333335, "bench": 0.03333333333333333, "giraffe": 0.006666666666666667, "kite": 0.02, "car": 0.3600000000000004, "traffic light": 0.0033333333333333335, "train": 0.016666666666666666, "truck": 0.043333333333333335, "horse": 0.006666666666666667, "stop sign": 0.016666666666666666, "bird": 0.013333333333333334, "bed": 0.0033333333333333335, "potted plant": 0.023333333333333334, "chair": 0.006666666666666667, "bicycle": 0.0033333333333333335, "skateboard": 0.0033333333333333335, "refrigerator": 0.006666666666666667, "tv": 0.0033333333333333335, "suitcase": 0.0033333333333333335, "parking meter": 0.0033333333333333335, "cow": 0.01, "density": 0.7866666666666666}