{"bench": 0.060000000000000005, "car": 0.4300000000000002, "traffic light": 0.01, "person": 0.11999999999999998, "motorcycle": 0.03, "train": 0.02, "giraffe": 0.01, "chair": 0.02, "potted plant": 0.01, "bird": 0.02, "truck": 0.03, "fire hydrant": 0.04, "stop sign": 0.02, "kite": 0.02, "bicycle": 0.01, "refrigerator": 0.02, "tv": 0.01, "suitcase": 0.01, "bear": 0.01, "horse": 0.01, "density": 0.91}