{"car": 0.10999999999999992, "bus": 0.016666666666666666, "person": 0.37666666666666715, "elephant": 0.006666666666666667, "motorcycle": 0.13333333333333322, "umbrella": 0.05666666666666667, "bench": 0.09999999999999994, "truck": 0.06999999999999999, "train": 0.02, "apple": 0.0033333333333333335, "kite": 0.016666666666666666, "bird": 0.023333333333333334, "giraffe": 0.013333333333333334, "surfboard": 0.013333333333333334, "boat": 0.04, "stop sign": 0.0033333333333333335, "chair": 0.013333333333333334, "dog": 0.0033333333333333335, "potted plant": 0.06333333333333334, "bicycle": 0.02, "horse": 0.0033333333333333335, "tv": 0.0033333333333333335, "handbag": 0.0033333333333333335, "clock": 0.0033333333333333335, "sheep": 0.02, "cow": 0.013333333333333334, "frisbee": 0.006666666666666667, "zebra": 0.0033333333333333335, "bear": 0.0033333333333333335, "density": 1.1633333333333333}