{"car": 0.09, "truck": 0.09, "bench": 0.11999999999999998, "frisbee": 0.02, "surfboard": 0.02, "person": 0.23000000000000007, "kite": 0.04, "umbrella": 0.04, "motorcycle": 0.08, "bus": 0.02, "bird": 0.02, "train": 0.03, "bicycle": 0.01, "potted plant": 0.01, "sheep": 0.05, "cow": 0.01, "apple": 0.01, "boat": 0.02, "density": 0.91}