{"road": 0.43, "lot": 0.1, "green": 0.12666666666666668, "trees": 0.04666666666666667, "person": 0.056666666666666664, "standing": 0.056666666666666664, "in": 0.22, "sand": 0.01, "near": 0.02666666666666667, "car": 0.4266666666666667, "street": 0.14666666666666667, "scene": 0.01, "motorcycle": 0.20333333333333334, "group": 0.023333333333333334, "animals": 0.14333333333333334, "on": 0.3433333333333333, "top": 0.03333333333333333, "dirt": 0.16333333333333333, "field": 0.26666666666666666, "truck": 0.043333333333333335, "parked": 0.22666666666666666, "next": 0.15, "tree": 0.01, "driving": 0.21, "down": 0.18, "highway": 0.07, "large": 0.07, "amount": 0.0033333333333333335, "vegetation": 0.0033333333333333335, "some": 0.006666666666666667, "series": 0.0033333333333333335, "photos": 0.0033333333333333335, "showing": 0.0033333333333333335, "man": 0.03, "stop": 0.013333333333333334, "sign": 0.03666666666666667, "shown": 0.0033333333333333335, "mountain": 0.023333333333333334, "white": 0.03, "signs": 0.006666666666666667, "desert": 0.05333333333333334, "area": 0.01, "building": 0.04666666666666667, "metal": 0.006666666666666667, "gate": 0.0033333333333333335, "sitting": 0.01, "side": 0.1, "front": 0.02, "telephone": 0.0033333333333333335, "pole": 0.0033333333333333335, "small": 0.03, "middle": 0.013333333333333334, "sidewalk": 0.0033333333333333335, "blurry": 0.006666666666666667, "reads": 0.0033333333333333335, "\"nile\"": 0.0033333333333333335, "": 0.18666666666666668, "cars": 0.08666666666666667, "dogs": 0.0033333333333333335, "grass": 0.01, "taking": 0.02, "horse": 0.02, "parking": 0.01, "stopped": 0.0033333333333333335, "at": 0.0033333333333333335, "carriage": 0.0033333333333333335, "farm": 0.01, "herd": 0.15, "cattle": 0.04, "grazing": 0.05333333333333334, "lush": 0.016666666666666666, "zebras": 0.006666666666666667, "motorcycles": 0.03333333333333333, "trucks": 0.01, "arrow": 0.006666666666666667, "long": 0.0033333333333333335, "bench": 0.006666666666666667, "rocky": 0.0033333333333333335, "cliff": 0.0033333333333333335, "through": 0.03, "filled": 0.006666666666666667, "sheep": 0.07, "couple": 0.023333333333333334, "city": 0.01, "cows": 0.02666666666666667, "dog": 0.02666666666666667, "two": 0.02, "pile": 0.0033333333333333335, "rocks": 0.0033333333333333335, "town": 0.01, "beach": 0.0033333333333333335, "traffic": 0.006666666666666667, "outside": 0.0033333333333333335, "walking": 0.0033333333333333335, "blue": 0.01, "lots": 0.0033333333333333335, "number": 0.0033333333333333335, "fence": 0.01, "three": 0.006666666666666667, "an": 0.006666666666666667, "old": 0.0033333333333333335, "camel": 0.03, "laying": 0.006666666666666667, "ground": 0.01, "buildings": 0.006666666666666667, "few": 0.0033333333333333335, "gravel": 0.0033333333333333335, "light": 0.0033333333333333335, "riding": 0.006666666666666667, "each": 0.0033333333333333335, "other": 0.006666666666666667, "benches": 0.0033333333333333335, "room": 0.013333333333333334, "park": 0.0033333333333333335, "plane": 0.006666666666666667, "flying": 0.006666666666666667, "over": 0.0033333333333333335, "palm": 0.006666666666666667, "family": 0.0033333333333333335, "pasture": 0.006666666666666667, "both": 0.0033333333333333335, "sides": 0.0033333333333333335, "bunch": 0.013333333333333334, "wooden": 0.0033333333333333335, "wall": 0.0033333333333333335, "red": 0.0033333333333333335, "door": 0.0033333333333333335, "cow": 0.006666666666666667, "houses": 0.006666666666666667, "big": 0.0033333333333333335, "hill": 0.0033333333333333335, "planes": 0.0033333333333333335, "line": 0.0033333333333333335, "shelf": 0.0033333333333333335, "lamp": 0.0033333333333333335, "boat": 0.0033333333333333335, "goats": 0.0033333333333333335, "several": 0.0033333333333333335, "past": 0.006666666666666667, "forest": 0.01, "elephants": 0.0033333333333333335, "cat": 0.0033333333333333335, "jet": 0.0033333333333333335, "sky": 0.0033333333333333335, "yellow": 0.0033333333333333335, "mound": 0.0033333333333333335, "blur": 0.0033333333333333335, "background": 0.01, "van": 0.006666666666666667, "distance": 0.006666666666666667, "running": 0.0033333333333333335, "across": 0.0033333333333333335, "lanes": 0.0033333333333333335, "one": 0.0033333333333333335, "lane": 0.006666666666666667, "vehicles": 0.0033333333333333335, "bike": 0.0033333333333333335, "umbrella": 0.0033333333333333335, "yard": 0.0033333333333333335, "paved": 0.0033333333333333335, "around": 0.0033333333333333335}