{"car": 1.0133333333333296, "person": 0.16333333333333316, "bench": 0.030000000000000002, "boat": 0.013333333333333334, "potted plant": 0.006666666666666667, "truck": 0.08999999999999996, "dog": 0.01, "kite": 0.05333333333333334, "motorcycle": 0.006666666666666667, "bird": 0.006666666666666667, "train": 0.013333333333333334, "stop sign": 0.02, "fire hydrant": 0.01, "sheep": 0.0033333333333333335, "bus": 0.013333333333333334, "clock": 0.0033333333333333335, "cow": 0.006666666666666667, "backpack": 0.006666666666666667, "surfboard": 0.0033333333333333335, "frisbee": 0.01, "zebra": 0.0033333333333333335, "umbrella": 0.0033333333333333335, "traffic light": 0.016666666666666666, "refrigerator": 0.01, "oven": 0.0033333333333333335, "horse": 0.0033333333333333335, "vase": 0.0033333333333333335, "density": 1.5266666666666666}