{"home": 0.013333333333333334, "person,": 0.013333333333333334, "who": 0.006666666666666667, "resident": 0.0033333333333333335, "house": 0.09666666666666666, "in": 0.09, "center": 0.013333333333333334, "road": 0.5833333333333334, "beach": 0.17666666666666667, "car": 0.05333333333333334, "drives": 0.006666666666666667, "down": 0.006666666666666667, "highway": 0.023333333333333334, "city": 0.27, "beautiful": 0.043333333333333335, "place": 0.03666666666666667, "visit": 0.02, "temple": 0.006666666666666667, "street": 0.02, "view": 0.006666666666666667, "area": 0.006666666666666667, "ghost": 0.0033333333333333335, "town": 0.04, "east": 0.0033333333333333335, "mountain": 0.0033333333333333335, "range": 0.0033333333333333335, "short": 0.006666666666666667, "walk": 0.006666666666666667, "from": 0.006666666666666667, "was": 0.04, "spotted": 0.02, "near": 0.0033333333333333335, "border": 0.02, "where": 0.04, "person": 0.03333333333333333, "found": 0.006666666666666667, "small": 0.043333333333333335, "village": 0.013333333333333334, "building": 0.023333333333333334, "located": 0.05, "on": 0.02, "desert": 0.10333333333333333, "pilgrimage": 0.006666666666666667, "for": 0.006666666666666667, "many": 0.006666666666666667, "travelers": 0.0033333333333333335, "hotel": 0.01, "trip": 0.01, "through": 0.03, "countryside": 0.013333333333333334, "site": 0.016666666666666666, "proposed": 0.013333333333333334, "new": 0.01, "park": 0.02, "mountains": 0.08666666666666667, "parking": 0.023333333333333334, "lot": 0.023333333333333334, "this": 0.0033333333333333335, "tree": 0.013333333333333334, "i": 0.006666666666666667, "want": 0.0033333333333333335, "grow": 0.0033333333333333335, "my": 0.0033333333333333335, "backyard": 0.006666666666666667, "lived": 0.03, "airport": 0.05333333333333334, "seen": 0.013333333333333334, "his": 0.006666666666666667, "parents": 0.006666666666666667, "future": 0.006666666666666667, "property": 0.01, "image": 0.006666666666666667, "#": 0.006666666666666667, "apartment": 0.0033333333333333335, "stadium": 0.0033333333333333335, "owner": 0.0033333333333333335, "development": 0.0033333333333333335, "vineyards": 0.0033333333333333335, "full": 0.0033333333333333335, "bloom": 0.0033333333333333335, "farm": 0.023333333333333334, "entrance": 0.0033333333333333335, "need": 0.0033333333333333335, "renovation": 0.0033333333333333335, "parked": 0.01, "side": 0.006666666666666667, "sign": 0.006666666666666667, "neighborhood": 0.0033333333333333335, "man": 0.03, "walks": 0.016666666666666666, "courtyard": 0.0033333333333333335, "school": 0.006666666666666667, "rock": 0.006666666666666667, "so": 0.006666666666666667, "big,": 0.0033333333333333335, "it's": 0.006666666666666667, "almost": 0.006666666666666667, "like": 0.0033333333333333335, "giant": 0.0033333333333333335, "quiet": 0.0033333333333333335, "large": 0.01, "region": 0.0033333333333333335, "closed": 0.0033333333333333335, "traffic": 0.0033333333333333335, "driving": 0.006666666666666667, "playground": 0.0033333333333333335, "at": 0.0033333333333333335, "population": 0.006666666666666667, "inhabitants": 0.0033333333333333335, "heart": 0.006666666666666667, "cave": 0.0033333333333333335, "front": 0.006666666666666667, "landscape": 0.01, "mix": 0.0033333333333333335, "natural": 0.006666666666666667, "manmade": 0.006666666666666667, "along": 0.006666666666666667, "trail": 0.0033333333333333335, "bridge": 0.0033333333333333335, "top": 0.01, "field": 0.006666666666666667, "palm": 0.0033333333333333335, "trees": 0.0033333333333333335, "arrested": 0.006666666666666667, "after": 0.006666666666666667, "he": 0.006666666666666667, "reportedly": 0.006666666666666667, "ran": 0.006666666666666667, "over": 0.006666666666666667, "truck": 0.0033333333333333335, "canyon": 0.006666666666666667, "walking": 0.0033333333333333335, "mixture": 0.0033333333333333335, "now": 0.0033333333333333335, "living": 0.0033333333333333335, "wheat": 0.0033333333333333335, "struck": 0.0033333333333333335, "swimming": 0.0033333333333333335, "pool": 0.0033333333333333335, "middle": 0.0033333333333333335, "window": 0.0033333333333333335, "forest": 0.0033333333333333335, "wall": 0.006666666666666667, "room": 0.0033333333333333335, "attack": 0.0033333333333333335, "took": 0.0033333333333333335, "big": 0.0033333333333333335, "invisible": 0.0033333333333333335, "eye": 0.0033333333333333335, "olive": 0.0033333333333333335, "grove": 0.0033333333333333335, "great": 0.0033333333333333335, "beauty": 0.0033333333333333335, "around": 0.0033333333333333335, "1": 0.0033333333333333335, "garden": 0.0033333333333333335, "art": 0.0033333333333333335, "hallway": 0.0033333333333333335}