{"person": 0.16, "bird": 0.01, "car": 1.5100000000000011, "bus": 0.02, "truck": 0.09999999999999999, "boat": 0.01, "train": 0.03, "dog": 0.03, "cow": 0.01, "fire hydrant": 0.01, "refrigerator": 0.01, "traffic light": 0.01, "kite": 0.03, "stop sign": 0.02, "motorcycle": 0.01, "density": 1.97}