{"car": 0.8300000000000005, "person": 0.8800000000000006, "motorcycle": 0.16, "bench": 0.05, "boat": 0.03, "umbrella": 0.08, "bus": 0.02, "truck": 0.09999999999999999, "clock": 0.01, "giraffe": 0.01, "fire hydrant": 0.01, "surfboard": 0.01, "cow": 0.03, "chair": 0.01, "bird": 0.02, "tv": 0.01, "train": 0.01, "backpack": 0.01, "kite": 0.01, "bicycle": 0.03, "density": 2.32}