{"giraffe": 0.013333333333333334, "bench": 0.043333333333333335, "person": 0.8333333333333311, "car": 0.6633333333333329, "truck": 0.12666666666666657, "cow": 0.04666666666666667, "bird": 0.016666666666666666, "train": 0.013333333333333334, "umbrella": 0.043333333333333335, "motorcycle": 0.18666666666666645, "skateboard": 0.006666666666666667, "backpack": 0.006666666666666667, "kite": 0.0033333333333333335, "chair": 0.006666666666666667, "bicycle": 0.030000000000000002, "bus": 0.01, "toilet": 0.0033333333333333335, "sink": 0.0033333333333333335, "clock": 0.0033333333333333335, "airplane": 0.01, "fire hydrant": 0.0033333333333333335, "surfboard": 0.0033333333333333335, "boat": 0.013333333333333334, "potted plant": 0.016666666666666666, "sports ball": 0.0033333333333333335, "sheep": 0.006666666666666667, "tv": 0.0033333333333333335, "density": 2.12}