{"tree": 0.01, "in": 0.13666666666666666, "middle": 0.06, "road": 0.7, "city": 0.20666666666666667, "temple": 0.24, "farm": 0.04666666666666667, "main": 0.01, "street": 0.03333333333333333, "town": 0.07333333333333333, "market": 0.006666666666666667, "site": 0.016666666666666666, "factory": 0.0033333333333333335, "village": 0.12, ":": 0.006666666666666667, "view": 0.0033333333333333335, "family": 0.0033333333333333335, "person,": 0.013333333333333334, "who": 0.006666666666666667, "lives": 0.0033333333333333335, "village,": 0.0033333333333333335, "gather": 0.0033333333333333335, "around": 0.0033333333333333335, "fire": 0.006666666666666667, "pit": 0.0033333333333333335, "watch": 0.0033333333333333335, "walk": 0.0033333333333333335, "through": 0.02, "swamp": 0.0033333333333333335, "beach": 0.15333333333333332, "house": 0.11, "where": 0.013333333333333334, "person": 0.016666666666666666, "lived": 0.01, "parking": 0.0033333333333333335, "lot": 0.0033333333333333335, "at": 0.0033333333333333335, "end": 0.0033333333333333335, "field": 0.01, "biological": 0.0033333333333333335, "species": 0.0033333333333333335, "school": 0.01, "man": 0.016666666666666666, "walks": 0.01, "along": 0.006666666666666667, "airport": 0.013333333333333334, "this": 0.01, "i": 0.01, "grew": 0.01, "up": 0.01, "small": 0.07666666666666666, "was": 0.013333333333333334, "born": 0.0033333333333333335, "desert": 0.01, "park": 0.006666666666666667, "located": 0.023333333333333334, "heart": 0.0033333333333333335, "couple": 0.0033333333333333335, "were": 0.0033333333333333335, "seen": 0.006666666666666667, "walking": 0.006666666666666667, "bush": 0.0033333333333333335, "jungle": 0.023333333333333334, "beautiful": 0.016666666666666666, "place": 0.013333333333333334, "car": 0.013333333333333334, "driving": 0.013333333333333334, "motorcycle": 0.0033333333333333335, "when": 0.0033333333333333335, "he": 0.0033333333333333335, "hit": 0.0033333333333333335, "forest": 0.02, "countryside": 0.006666666666666667, "property": 0.0033333333333333335, "nowhere": 0.0033333333333333335, "highway": 0.0033333333333333335, "lined": 0.006666666666666667, "houses": 0.0033333333333333335, "trees": 0.01, "from": 0.013333333333333334, "hotel": 0.01, "scene": 0.0033333333333333335, "replica": 0.0033333333333333335, "one": 0.0033333333333333335, "used": 0.0033333333333333335, "building": 0.006666666666666667, "busy": 0.0033333333333333335, "rock": 0.0033333333333333335, "formations": 0.0033333333333333335, "so": 0.0033333333333333335, "proposed": 0.006666666666666667, "new": 0.006666666666666667, "on": 0.01, "country": 0.0033333333333333335, "walkway": 0.0033333333333333335, "home": 0.0033333333333333335, "now": 0.0033333333333333335, "living": 0.0033333333333333335, "closed": 0.0033333333333333335, "traffic": 0.0033333333333333335, "outside": 0.006666666666666667, "exhibition": 0.0033333333333333335, "work": 0.0033333333333333335, "art": 0.0033333333333333335, "valley": 0.0033333333333333335, "entrance": 0.0033333333333333335, "truck": 0.006666666666666667, "parked": 0.0033333333333333335, "typical": 0.0033333333333333335, "rural": 0.0033333333333333335, "shrubs": 0.0033333333333333335, "capital": 0.0033333333333333335, "former": 0.0033333333333333335, "known": 0.0033333333333333335, "for": 0.006666666666666667, "its": 0.0033333333333333335, "\u00a3": 0.0033333333333333335, "1": 0.0033333333333333335}