{"stop sign": 0.01, "car": 1.876666666666683, "truck": 0.21333333333333307, "person": 0.10666666666666659, "bird": 0.02, "bench": 0.05, "sports ball": 0.006666666666666667, "traffic light": 0.06666666666666667, "bus": 0.016666666666666666, "train": 0.030000000000000002, "potted plant": 0.043333333333333335, "chair": 0.0033333333333333335, "cow": 0.01, "giraffe": 0.013333333333333334, "umbrella": 0.013333333333333334, "kite": 0.0033333333333333335, "skateboard": 0.0033333333333333335, "airplane": 0.0033333333333333335, "frisbee": 0.0033333333333333335, "cell phone": 0.0033333333333333335, "density": 2.4966666666666666}