{"road": 0.61, "airport": 0.03666666666666667, "closed": 0.08, "for": 0.08, "weekend": 0.05333333333333334, "couple's": 0.01, "home": 0.043333333333333335, "on": 0.056666666666666664, "property": 0.016666666666666666, "lined": 0.03, "cars": 0.0033333333333333335, "house": 0.14, "street": 0.02, "in": 0.17666666666666667, "neighborhood": 0.03, "view": 0.013333333333333334, "highway": 0.02, "beach": 0.19, "from": 0.016666666666666666, "border": 0.013333333333333334, "city": 0.08, "parking": 0.023333333333333334, "lot": 0.023333333333333334, "located": 0.07666666666666666, "car": 0.15666666666666668, "driving": 0.006666666666666667, "through": 0.0033333333333333335, "person": 0.03666666666666667, "shown": 0.006666666666666667, "hotel": 0.03333333333333333, "beautiful": 0.016666666666666666, "person,": 0.023333333333333334, "who": 0.023333333333333334, "now": 0.013333333333333334, "living": 0.0033333333333333335, "trees": 0.02666666666666667, "drives": 0.023333333333333334, "down": 0.016666666666666666, "was": 0.10333333333333333, "shot": 0.013333333333333334, "heart": 0.02, "park": 0.06333333333333334, "mountains": 0.02666666666666667, "next": 0.0033333333333333335, "few": 0.0033333333333333335, "days": 0.0033333333333333335, "spotted": 0.02666666666666667, "area": 0.013333333333333334, "small": 0.0033333333333333335, "town": 0.0033333333333333335, "top": 0.006666666666666667, "market": 0.006666666666666667, "$1": 0.006666666666666667, "seen": 0.04, "this": 0.06, "undated": 0.03333333333333333, "image": 0.02, "past": 0.0033333333333333335, "store": 0.0033333333333333335, "country": 0.0033333333333333335, "bridge": 0.02, "over": 0.02666666666666667, "river": 0.02, "stolen": 0.0033333333333333335, "so": 0.0033333333333333335, "deep": 0.0033333333333333335, "almost": 0.0033333333333333335, "invisible": 0.0033333333333333335, "eye": 0.0033333333333333335, "entrance": 0.006666666666666667, "day": 0.0033333333333333335, "driver": 0.0033333333333333335, "vehicle": 0.0033333333333333335, "taken": 0.006666666666666667, "hospital": 0.006666666666666667, "serious": 0.006666666666666667, "condition": 0.006666666666666667, "short": 0.013333333333333334, "walk": 0.013333333333333334, "found": 0.03666666666666667, "middle": 0.03, "man": 0.02, "arrested": 0.013333333333333334, "after": 0.013333333333333334, "he": 0.013333333333333334, "reportedly": 0.013333333333333334, "drove": 0.0033333333333333335, "his": 0.013333333333333334, "into": 0.0033333333333333335, "crowd": 0.0033333333333333335, "people": 0.0033333333333333335, "sign": 0.006666666666666667, "where": 0.02666666666666667, "lived": 0.02, "mother": 0.01, "office": 0.0033333333333333335, "space": 0.0033333333333333335, "building": 0.02, "just": 0.0033333333333333335, "accused": 0.0033333333333333335, "stealing": 0.0033333333333333335, "ran": 0.01, "morning": 0.0033333333333333335, "file": 0.013333333333333334, "along": 0.006666666666666667, "couple": 0.013333333333333334, "were": 0.01, "passerby": 0.0033333333333333335, "traffic": 0.0033333333333333335, "future": 0.016666666666666666, "tree": 0.016666666666666666, "i": 0.01, "grew": 0.01, "up": 0.01, "place": 0.01, "visit": 0.01, "landscape": 0.0033333333333333335, "trail": 0.006666666666666667, "waterfall": 0.006666666666666667, "pictured": 0.0033333333333333335, "forest": 0.006666666666666667, "jungle": 0.0033333333333333335, "plants": 0.0033333333333333335, "animals": 0.0033333333333333335, "long": 0.0033333333333333335, "way": 0.0033333333333333335, "backyard": 0.0033333333333333335, "my": 0.0033333333333333335, "travelling": 0.0033333333333333335, "at": 0.0033333333333333335, "mph": 0.0033333333333333335, "school": 0.006666666666666667, "district": 0.0033333333333333335, "considering": 0.0033333333333333335, "plan": 0.0033333333333333335, "build": 0.0033333333333333335, "new": 0.0033333333333333335, "path": 0.0033333333333333335, "grass": 0.0033333333333333335, "greener": 0.0033333333333333335, "other": 0.0033333333333333335, "side": 0.01, "several": 0.006666666666666667, "hours": 0.006666666666666667, "block": 0.0033333333333333335, "common": 0.0033333333333333335, "sight": 0.0033333333333333335, "temple": 0.01, "season": 0.0033333333333333335, "parked": 0.006666666666666667, "palm": 0.0033333333333333335, "front": 0.0033333333333333335, "intersection": 0.006666666666666667, "a-story": 0.0033333333333333335, "residential": 0.0033333333333333335, "farm": 0.0033333333333333335, "village": 0.0033333333333333335, "museum": 0.0033333333333333335, "countryside": 0.0033333333333333335, "walking": 0.0033333333333333335, "when": 0.0033333333333333335, "they": 0.0033333333333333335, "noticed": 0.0033333333333333335, "large": 0.0033333333333333335, "growing": 0.0033333333333333335, "corner": 0.0033333333333333335}