{"bench": 0.03, "car": 1.5800000000000012, "truck": 0.2700000000000001, "person": 0.05, "traffic light": 0.060000000000000005, "stop sign": 0.02, "potted plant": 0.10999999999999999, "umbrella": 0.03, "bird": 0.02, "bus": 0.03, "train": 0.01, "skateboard": 0.01, "cell phone": 0.01, "cow": 0.02, "frisbee": 0.01, "sports ball": 0.01, "density": 2.27}