{"person": 0.4233333333333341, "car": 0.7633333333333319, "backpack": 0.02, "truck": 0.1199999999999999, "umbrella": 0.006666666666666667, "chair": 0.06666666666666667, "bicycle": 0.030000000000000002, "elephant": 0.013333333333333334, "traffic light": 0.023333333333333334, "potted plant": 0.07999999999999997, "vase": 0.023333333333333334, "stop sign": 0.016666666666666666, "cow": 0.01, "suitcase": 0.023333333333333334, "frisbee": 0.0033333333333333335, "toilet": 0.013333333333333334, "bench": 0.18333333333333313, "fire hydrant": 0.013333333333333334, "motorcycle": 0.016666666666666666, "skateboard": 0.0033333333333333335, "boat": 0.03666666666666667, "dining table": 0.0033333333333333335, "bus": 0.05, "bird": 0.016666666666666666, "donut": 0.0033333333333333335, "orange": 0.0033333333333333335, "clock": 0.0033333333333333335, "surfboard": 0.006666666666666667, "train": 0.01, "refrigerator": 0.006666666666666667, "tv": 0.0033333333333333335, "handbag": 0.0033333333333333335, "density": 2.0}