{"rocky": 0.0033333333333333335, "cliff": 0.0033333333333333335, "boats": 0.0033333333333333335, "in": 0.36333333333333334, "water": 0.013333333333333334, "herd": 0.05, "elephants": 0.01, "standing": 0.03666666666666667, "on": 0.37666666666666665, "top": 0.03333333333333333, "lush": 0.023333333333333334, "green": 0.31, "field": 0.22333333333333333, "person": 0.02, "taking": 0.0033333333333333335, "motorcycle": 0.26, "parked": 0.38333333333333336, "front": 0.05333333333333334, "building": 0.07, "park": 0.043333333333333335, "large": 0.16, "animals": 0.08333333333333333, "grazing": 0.04, "grass": 0.03666666666666667, "plane": 0.006666666666666667, "distance": 0.01, "blurry": 0.08666666666666667, "dirt": 0.1, "road": 0.24, "amount": 0.01, "pasture": 0.056666666666666664, "beach": 0.056666666666666664, "few": 0.01, "forest": 0.09, "middle": 0.07333333333333333, "street": 0.14333333333333334, "sign": 0.056666666666666664, "sitting": 0.06, "side": 0.15666666666666668, "truck": 0.05333333333333334, "next": 0.09333333333333334, "fence": 0.05333333333333334, "horse": 0.06333333333333334, "background": 0.02, "very": 0.01, "long": 0.013333333333333334, "trail": 0.0033333333333333335, "trees": 0.08333333333333333, "pile": 0.0033333333333333335, "leaves": 0.006666666666666667, "driving": 0.03, "down": 0.05333333333333334, "car": 0.12666666666666668, "scene": 0.02, "van": 0.016666666666666666, "white": 0.023333333333333334, "man": 0.01, "dog": 0.023333333333333334, "walking": 0.03, "view": 0.0033333333333333335, "from": 0.0033333333333333335, "parking": 0.02, "lot": 0.06333333333333334, "grafitti": 0.0033333333333333335, "ground": 0.006666666666666667, "many": 0.0033333333333333335, "motorcycles": 0.023333333333333334, "bench": 0.056666666666666664, "boat": 0.016666666666666666, "metal": 0.013333333333333334, "indoor": 0.0033333333333333335, "garden": 0.0033333333333333335, "lots": 0.01, "plants": 0.006666666666666667, "sheep": 0.02, "through": 0.006666666666666667, "muddy": 0.0033333333333333335, "river": 0.016666666666666666, "path": 0.02, "blue": 0.016666666666666666, "number": 0.016666666666666666, "planes": 0.0033333333333333335, "sky": 0.0033333333333333335, "cars": 0.05333333333333334, "cattle": 0.013333333333333334, "bus": 0.0033333333333333335, "church": 0.006666666666666667, "benches": 0.01, "windows": 0.0033333333333333335, "narrow": 0.0033333333333333335, "near": 0.02, "train": 0.02, "small": 0.01, "woods": 0.0033333333333333335, "stop": 0.013333333333333334, "dining": 0.006666666666666667, "room": 0.016666666666666666, "table": 0.01, "pictures": 0.0033333333333333335, "wall": 0.01, "laying": 0.0033333333333333335, "group": 0.01, "people": 0.016666666666666666, "sand": 0.0033333333333333335, "chairs": 0.006666666666666667, "clock": 0.01, "wooded": 0.0033333333333333335, "area": 0.0033333333333333335, "tree": 0.023333333333333334, "track": 0.013333333333333334, "says": 0.006666666666666667, "\"goats": 0.0033333333333333335, "pasture\"": 0.0033333333333333335, "": 0.6666666666666666, "row": 0.0033333333333333335, "baseball": 0.01, "bats": 0.0033333333333333335, "couple": 0.016666666666666666, "covered": 0.01, "sandy": 0.01, "skateboard": 0.0033333333333333335, "cat": 0.006666666666666667, "bunch": 0.023333333333333334, "luggage": 0.01, "floor": 0.0033333333333333335, "graffiti": 0.0033333333333333335, "window": 0.006666666666666667, "\"the": 0.006666666666666667, "paved\"": 0.0033333333333333335, "runway": 0.0033333333333333335, "around": 0.0033333333333333335, "carousel": 0.0033333333333333335, "arrow": 0.0033333333333333335, "bushes": 0.006666666666666667, "woman": 0.0033333333333333335, "hallway": 0.0033333333333333335, "animal": 0.006666666666666667, "plant": 0.0033333333333333335, "growing": 0.0033333333333333335, "body": 0.006666666666666667, "past": 0.0033333333333333335, "wooden": 0.01, "shop": 0.0033333333333333335, "reads": 0.01, "\"airplane": 0.0033333333333333335, "museum\"": 0.0033333333333333335, "museum": 0.0033333333333333335, "art": 0.0033333333333333335, "display": 0.0033333333333333335, "\"purdue": 0.0033333333333333335, "pharma\"": 0.0033333333333333335, "farm": 0.0033333333333333335, "stone": 0.0033333333333333335, "tower": 0.0033333333333333335, "grassy": 0.006666666666666667, "chain": 0.006666666666666667, "link": 0.006666666666666667, "dirty": 0.0033333333333333335, "looking": 0.0033333333333333335, "motorboat": 0.0033333333333333335, "ocean": 0.0033333333333333335, "sink": 0.0033333333333333335, "walkway": 0.0033333333333333335, "an": 0.006666666666666667, "old": 0.0033333333333333335, "frisbees": 0.0033333333333333335, "tennis": 0.006666666666666667, "court": 0.0033333333333333335, "net": 0.0033333333333333335, "ball": 0.0033333333333333335, "passing": 0.0033333333333333335, "black": 0.0033333333333333335, "park\"": 0.0033333333333333335, "town": 0.0033333333333333335, "table,": 0.0033333333333333335, "chairs,": 0.0033333333333333335, "doorway": 0.0033333333333333335, "fire": 0.0033333333333333335, "hydrant": 0.0033333333333333335, "bike": 0.0033333333333333335, "riding": 0.0033333333333333335, "painting": 0.0033333333333333335, "shore": 0.0033333333333333335, "kitchen": 0.0033333333333333335, "focus": 0.0033333333333333335}