{"road": 0.22333333333333333, "hotel": 0.016666666666666666, "forest": 0.1, "full": 0.043333333333333335, "trees": 0.05, "jungle": 0.016666666666666666, "plants": 0.006666666666666667, "animals": 0.0033333333333333335, "house": 0.23, "where": 0.05, "person": 0.03666666666666667, "lived": 0.03, "his": 0.01, "mother": 0.0033333333333333335, "beach": 0.11, "tree": 0.09333333333333334, "in": 0.2733333333333333, "middle": 0.056666666666666664, "entrance": 0.02, "building": 0.04, "greenhouse": 0.006666666666666667, "nursery": 0.0033333333333333335, "city": 0.12333333333333334, "temple": 0.023333333333333334, "museum": 0.01, "art": 0.0033333333333333335, "biological": 0.0033333333333333335, "species": 0.0033333333333333335, "view": 0.02666666666666667, "from": 0.05, "front": 0.023333333333333334, "door": 0.006666666666666667, "beautiful": 0.056666666666666664, "place": 0.05, "visit": 0.016666666666666666, "i'm": 0.006666666666666667, "most": 0.0033333333333333335, "relaxed": 0.0033333333333333335, "was": 0.04, "found": 0.04666666666666667, "garden": 0.04666666666666667, "mural": 0.0033333333333333335, "on": 0.03, "side": 0.0033333333333333335, "coast": 0.02, "car": 0.04, "parking": 0.03666666666666667, "lot": 0.03666666666666667, "rainforest": 0.0033333333333333335, "farm": 0.0033333333333333335, "couple": 0.023333333333333334, "monkeys": 0.0033333333333333335, "path": 0.03333333333333333, "future": 0.006666666666666667, "park": 0.10333333333333333, "located": 0.11333333333333333, "neighborhood": 0.03666666666666667, "waterfall": 0.0033333333333333335, "woods": 0.016666666666666666, "interior": 0.013333333333333334, "church": 0.02, "living": 0.016666666666666666, "room": 0.006666666666666667, "graffiti": 0.0033333333333333335, "covered": 0.0033333333333333335, "girls": 0.0033333333333333335, "were": 0.023333333333333334, "heart": 0.043333333333333335, "tennis": 0.0033333333333333335, "court": 0.0033333333333333335, "street": 0.03666666666666667, "home": 0.03333333333333333, "popular": 0.016666666666666666, "tourist": 0.0033333333333333335, "destination": 0.0033333333333333335, "seats": 0.0033333333333333335, "all": 0.0033333333333333335, "empty": 0.0033333333333333335, "castle": 0.0033333333333333335, "bit": 0.013333333333333334, "mess": 0.0033333333333333335, "property": 0.023333333333333334, "trail": 0.01, "walk": 0.023333333333333334, "short": 0.02, "at": 0.02666666666666667, "resort": 0.006666666666666667, "backyard": 0.0033333333333333335, "river": 0.023333333333333334, "so": 0.0033333333333333335, "wide": 0.0033333333333333335, "almost": 0.0033333333333333335, "like": 0.0033333333333333335, "muddy": 0.0033333333333333335, "too": 0.0033333333333333335, "big": 0.0033333333333333335, "for": 0.016666666666666666, "me": 0.0033333333333333335, "i": 0.01, "grew": 0.0033333333333333335, "up": 0.0033333333333333335, "man": 0.023333333333333334, "walks": 0.006666666666666667, "down": 0.01, "couple's": 0.006666666666666667, "market": 0.0033333333333333335, "$1": 0.0033333333333333335, "now": 0.013333333333333334, "person,": 0.02, "who": 0.02, "deck": 0.006666666666666667, "off": 0.0033333333333333335, "just": 0.006666666666666667, "swims": 0.0033333333333333335, "sea": 0.0033333333333333335, "built": 0.0033333333333333335, "gates": 0.0033333333333333335, "mix": 0.01, "old": 0.006666666666666667, "new": 0.006666666666666667, "shrubs": 0.006666666666666667, "spotted": 0.0033333333333333335, "walking": 0.006666666666666667, "passengers": 0.0033333333333333335, "wait": 0.0033333333333333335, "line": 0.0033333333333333335, "be": 0.0033333333333333335, "screened": 0.0033333333333333335, "airport": 0.01, "families": 0.0033333333333333335, "spend": 0.0033333333333333335, "time": 0.0033333333333333335, "flows": 0.0033333333333333335, "through": 0.006666666666666667, "stadium": 0.006666666666666667, "seen": 0.006666666666666667, "before": 0.0033333333333333335, "match": 0.0033333333333333335, "growing": 0.0033333333333333335, "actor": 0.0033333333333333335, "fence": 0.006666666666666667, "around": 0.006666666666666667, "dark": 0.0033333333333333335, "wife": 0.006666666666666667, "driveway": 0.006666666666666667, "lined": 0.006666666666666667, "sign": 0.006666666666666667, "closed": 0.0033333333333333335, "day": 0.0033333333333333335, "right": 0.0033333333333333335, "next": 0.0033333333333333335, "arrested": 0.0033333333333333335, "after": 0.0033333333333333335, "he": 0.0033333333333333335, "reportedly": 0.0033333333333333335, "ran": 0.0033333333333333335, "over": 0.006666666666666667, "passerby": 0.006666666666666667, "corner": 0.0033333333333333335, "large": 0.0033333333333333335, "rock": 0.0033333333333333335, "suburb": 0.006666666666666667, "small": 0.006666666666666667, "town": 0.006666666666666667, "statue": 0.0033333333333333335, "military": 0.0033333333333333335, "commander": 0.0033333333333333335, "lobby": 0.006666666666666667, "modern": 0.0033333333333333335, "traditional": 0.0033333333333333335, "bloom": 0.0033333333333333335, "area": 0.01, "parked": 0.01, "symbol": 0.006666666666666667, "peace": 0.0033333333333333335, "set": 0.0033333333333333335, "host": 0.0033333333333333335, "final": 0.0033333333333333335, "pictured": 0.0033333333333333335, "live": 0.006666666666666667, "spirit": 0.0033333333333333335, "my": 0.0033333333333333335, "local": 0.0033333333333333335, "farmer": 0.0033333333333333335, "had": 0.0033333333333333335, "returned": 0.0033333333333333335, "trip": 0.0033333333333333335, "children": 0.006666666666666667, "this": 0.0033333333333333335, "botanical": 0.0033333333333333335, "shot": 0.006666666666666667, "killed": 0.006666666666666667, "blues": 0.0033333333333333335, "artist": 0.0033333333333333335, "hall": 0.0033333333333333335, "village": 0.0033333333333333335, "play": 0.0033333333333333335, "going": 0.0033333333333333335, "bridge": 0.0033333333333333335}