{"person": 0.5200000000000002, "bird": 0.01, "bench": 0.21000000000000005, "refrigerator": 0.02, "traffic light": 0.05, "car": 0.5800000000000003, "frisbee": 0.01, "boat": 0.02, "train": 0.02, "truck": 0.12999999999999998, "cow": 0.02, "bicycle": 0.05, "backpack": 0.01, "bus": 0.03, "umbrella": 0.02, "chair": 0.060000000000000005, "elephant": 0.01, "stop sign": 0.01, "donut": 0.01, "orange": 0.01, "motorcycle": 0.02, "potted plant": 0.02, "toilet": 0.01, "dining table": 0.01, "vase": 0.01, "fire hydrant": 0.01, "suitcase": 0.07, "surfboard": 0.01, "density": 1.96}