{"green": 0.13, "field": 0.05, "sign": 0.06333333333333334, "on": 0.38666666666666666, "side": 0.21666666666666667, "street": 0.5233333333333333, "cars": 0.18666666666666668, "trucks": 0.01, "car": 0.21333333333333335, "driving": 0.21666666666666667, "down": 0.21333333333333335, "herd": 0.03, "animals": 0.05, "road": 0.29, "very": 0.006666666666666667, "large": 0.14333333333333334, "city": 0.05333333333333334, "lot": 0.09666666666666666, "buildings": 0.07, "scene": 0.04, "motorcycles": 0.09666666666666666, "busy": 0.013333333333333334, "plane": 0.01, "flying": 0.006666666666666667, "over": 0.01, "parked": 0.3, "next": 0.10333333333333333, "motorcycle": 0.26, "blurry": 0.05, "traffic": 0.06, "blue": 0.02, "bunch": 0.09, "trees": 0.04, "bushes": 0.0033333333333333335, "wooden": 0.0033333333333333335, "structure": 0.0033333333333333335, "sitting": 0.013333333333333334, "in": 0.11333333333333333, "middle": 0.013333333333333334, "park": 0.013333333333333334, "truck": 0.07, "front": 0.06, "building": 0.15, "group": 0.006666666666666667, "person": 0.01, "standing": 0.006666666666666667, "beach": 0.006666666666666667, "dog": 0.006666666666666667, "sheep": 0.013333333333333334, "image": 0.006666666666666667, "path": 0.0033333333333333335, "highway": 0.03333333333333333, "line": 0.013333333333333334, "tall": 0.03, "bench": 0.013333333333333334, "bus": 0.023333333333333334, "lush": 0.01, "van": 0.04666666666666667, "number": 0.006666666666666667, "forest": 0.03666666666666667, "stop": 0.006666666666666667, "background": 0.0033333333333333335, "near": 0.016666666666666666, "view": 0.02, "moped": 0.006666666666666667, "an": 0.0033333333333333335, "outdoor": 0.0033333333333333335, "area": 0.006666666666666667, "looks": 0.0033333333333333335, "great": 0.0033333333333333335, "fenced": 0.0033333333333333335, "pile": 0.006666666666666667, "junk": 0.0033333333333333335, "man": 0.016666666666666666, "bike": 0.006666666666666667, "fence": 0.03666666666666667, "reads": 0.01, "\"france\"": 0.0033333333333333335, "": 0.6933333333333334, "\"mountainbike": 0.0033333333333333335, "museum\"": 0.0033333333333333335, "some": 0.016666666666666666, "cows": 0.01, "light": 0.016666666666666666, "parking": 0.02666666666666667, "outside": 0.006666666666666667, "long": 0.006666666666666667, "small": 0.0033333333333333335, "filled": 0.016666666666666666, "lots": 0.02, "surrounded": 0.0033333333333333335, "top": 0.0033333333333333335, "\"bicycles": 0.0033333333333333335, "&": 0.0033333333333333335, "bicycles\"": 0.0033333333333333335, "focus": 0.0033333333333333335, "two": 0.0033333333333333335, "narrow": 0.006666666666666667, "motor": 0.0033333333333333335, "gate": 0.0033333333333333335, "train": 0.01, "tracks": 0.0033333333333333335, "cement": 0.0033333333333333335, "bridge": 0.006666666666666667, "river": 0.006666666666666667, "white": 0.023333333333333334, "row": 0.0033333333333333335, "each": 0.0033333333333333335, "other": 0.0033333333333333335, "couple": 0.0033333333333333335, "planes": 0.0033333333333333335, "lake": 0.0033333333333333335, "riding": 0.006666666666666667, "past": 0.023333333333333334, "rocks": 0.0033333333333333335, "jetty": 0.0033333333333333335, "people": 0.01, "walking": 0.016666666666666666, "dirt": 0.01, "says": 0.0033333333333333335, "\"frisbee\"": 0.0033333333333333335, "boat": 0.006666666666666667, "water": 0.006666666666666667, "many": 0.0033333333333333335, "body": 0.0033333333333333335, "mopeds": 0.0033333333333333335, "signs": 0.0033333333333333335, "chain": 0.0033333333333333335, "link": 0.0033333333333333335, "yellow": 0.02, "warehouse": 0.0033333333333333335, "lights": 0.0033333333333333335, "fire": 0.01, "hydrant": 0.01, "sidewalk": 0.0033333333333333335, "cross": 0.0033333333333333335, "shop": 0.0033333333333333335, "red": 0.0033333333333333335, "hillside": 0.0033333333333333335, "full": 0.0033333333333333335}