{"person": 0.5300000000000002, "stop sign": 0.04, "car": 1.6000000000000012, "potted plant": 0.05, "bicycle": 0.01, "truck": 0.24000000000000007, "motorcycle": 0.35000000000000014, "bus": 0.09, "train": 0.11999999999999998, "bench": 0.09999999999999999, "fire hydrant": 0.01, "kite": 0.02, "parking meter": 0.01, "bird": 0.02, "clock": 0.01, "boat": 0.02, "bowl": 0.01, "handbag": 0.01, "umbrella": 0.02, "skateboard": 0.01, "traffic light": 0.01, "density": 3.28}