{"car": 2.000000000000019, "bus": 0.12666666666666657, "truck": 0.2699999999999998, "stop sign": 0.03333333333333333, "person": 0.7599999999999986, "motorcycle": 0.4533333333333343, "train": 0.0833333333333333, "potted plant": 0.06666666666666667, "bicycle": 0.02, "skateboard": 0.006666666666666667, "fire hydrant": 0.02666666666666667, "bench": 0.05333333333333334, "handbag": 0.013333333333333334, "kite": 0.013333333333333334, "bird": 0.01, "parking meter": 0.016666666666666666, "umbrella": 0.03333333333333333, "boat": 0.013333333333333334, "traffic light": 0.03333333333333333, "bowl": 0.0033333333333333335, "clock": 0.006666666666666667, "backpack": 0.006666666666666667, "elephant": 0.0033333333333333335, "airplane": 0.0033333333333333335, "density": 4.056666666666667}