{"person": 0.09999999999999994, "traffic light": 0.016666666666666666, "bench": 0.03666666666666667, "car": 0.9333333333333301, "bus": 0.0033333333333333335, "truck": 0.07999999999999997, "train": 0.01, "frisbee": 0.006666666666666667, "stop sign": 0.023333333333333334, "potted plant": 0.030000000000000002, "bicycle": 0.030000000000000002, "bird": 0.01, "kite": 0.01, "refrigerator": 0.0033333333333333335, "sheep": 0.023333333333333334, "cow": 0.07333333333333332, "fire hydrant": 0.006666666666666667, "giraffe": 0.006666666666666667, "airplane": 0.01, "boat": 0.01, "clock": 0.0033333333333333335, "density": 1.4266666666666667}