{"sheep": 0.03, "car": 0.6300000000000003, "bench": 0.07, "giraffe": 0.01, "kite": 0.02, "cow": 0.060000000000000005, "person": 0.09, "boat": 0.02, "bird": 0.01, "truck": 0.05, "bus": 0.01, "stop sign": 0.03, "refrigerator": 0.01, "airplane": 0.02, "train": 0.01, "fire hydrant": 0.01, "density": 1.08}