{"typical": 0.013333333333333334, "house": 0.22666666666666666, "in": 0.26666666666666666, "village": 0.03333333333333333, "road": 0.5166666666666667, "farm": 0.14666666666666667, "view": 0.023333333333333334, "from": 0.06, "car": 0.07, "building": 0.02666666666666667, "located": 0.07333333333333333, "centre": 0.01, "beach": 0.03333333333333333, "airport": 0.013333333333333334, "through": 0.04, "woods": 0.016666666666666666, "driveway": 0.006666666666666667, "property": 0.1, "set": 0.01, "acres": 0.01, "land": 0.01, "country": 0.016666666666666666, "countryside": 0.09333333333333334, "garden": 0.02, "graffiti": 0.006666666666666667, "on": 0.043333333333333335, "wall": 0.006666666666666667, "city": 0.09333333333333334, "for": 0.05333333333333334, "sale": 0.03333333333333333, "castle": 0.07666666666666666, "where": 0.056666666666666664, "person": 0.06, "lived": 0.03666666666666667, "tractor": 0.0033333333333333335, "parked": 0.013333333333333334, "field": 0.04, "summer": 0.0033333333333333335, "beautiful": 0.02666666666666667, "place": 0.02, "visit": 0.013333333333333334, "couple": 0.02, "were": 0.016666666666666666, "last": 0.0033333333333333335, "seen": 0.01, "together": 0.0033333333333333335, "early": 0.0033333333333333335, "hours": 0.0033333333333333335, "this": 0.0033333333333333335, "morning": 0.0033333333333333335, "was": 0.056666666666666664, "found": 0.03, "area": 0.02, "movie": 0.016666666666666666, "forest": 0.013333333333333334, "path": 0.0033333333333333335, "tree": 0.03, "middle": 0.03333333333333333, "his": 0.02666666666666667, "parents": 0.01, "street": 0.016666666666666666, "spotted": 0.01, "trees": 0.03333333333333333, "growing": 0.006666666666666667, "park": 0.056666666666666664, "at": 0.016666666666666666, "hotel": 0.0033333333333333335, "heart": 0.023333333333333334, "parking": 0.01, "lot": 0.0033333333333333335, "good": 0.0033333333333333335, "your": 0.0033333333333333335, "home": 0.02666666666666667, "person,": 0.01, "who": 0.01, "now": 0.0033333333333333335, "living": 0.0033333333333333335, "site": 0.016666666666666666, "proposed": 0.013333333333333334, "new": 0.01, "school": 0.01, "cut": 0.0033333333333333335, "down": 0.0033333333333333335, "farmland": 0.0033333333333333335, "region": 0.006666666666666667, "market": 0.016666666666666666, "\u00a3": 0.016666666666666666, "1": 0.016666666666666666, "attacked": 0.006666666666666667, "image": 0.023333333333333334, "#": 0.023333333333333334, "detached": 0.006666666666666667, "holiday": 0.006666666666666667, "quiet": 0.006666666666666667, "location": 0.006666666666666667, "garden,": 0.006666666666666667, "m": 0.016666666666666666, "shot": 0.006666666666666667, "center": 0.013333333333333334, "windmill": 0.0033333333333333335, "large": 0.01, "swimming": 0.006666666666666667, "pool": 0.006666666666666667, "lined": 0.02, "shrubs": 0.0033333333333333335, "neighborhood": 0.006666666666666667, "end": 0.0033333333333333335, "old": 0.0033333333333333335, "town": 0.006666666666666667, "fields": 0.0033333333333333335, "pictured": 0.013333333333333334, "canal": 0.0033333333333333335, "bridge": 0.0033333333333333335, "wheat": 0.013333333333333334, "mother": 0.016666666666666666, "hedge": 0.0033333333333333335, "trip": 0.0033333333333333335, "vineyards": 0.006666666666666667, "sign": 0.0033333333333333335, "stadium": 0.0033333333333333335, "couple's": 0.006666666666666667, "wind": 0.0033333333333333335, "turbine": 0.0033333333333333335, "factory": 0.006666666666666667, "future": 0.0033333333333333335, "biological": 0.006666666666666667, "species": 0.006666666666666667, "closed": 0.0033333333333333335, "weekend": 0.0033333333333333335, "her": 0.0033333333333333335, "headquarters": 0.0033333333333333335, "leading": 0.0033333333333333335, "ripening": 0.0033333333333333335, "barley": 0.0033333333333333335, "small": 0.0033333333333333335, "walking": 0.006666666666666667, "when": 0.0033333333333333335, "they": 0.0033333333333333335, "noticed": 0.0033333333333333335, "stubble": 0.0033333333333333335, "cow": 0.0033333333333333335, "walk": 0.0033333333333333335, "farmhouse": 0.0033333333333333335, "internet,": 0.01, "air": 0.006666666666666667, "conditioning,": 0.006666666666666667, "their": 0.0033333333333333335, "way": 0.0033333333333333335, "party": 0.0033333333333333335, "born": 0.0033333333333333335, "full": 0.0033333333333333335, "bloom": 0.0033333333333333335, "river": 0.0033333333333333335, "pool,": 0.0033333333333333335, "terrace": 0.0033333333333333335, "man": 0.0033333333333333335, "walks": 0.0033333333333333335, "dog": 0.0033333333333333335, "along": 0.0033333333333333335}