{"person": 0.24000000000000007, "car": 0.24000000000000007, "motorcycle": 0.02, "bird": 0.04, "truck": 0.12999999999999998, "boat": 0.01, "surfboard": 0.02, "bicycle": 0.01, "traffic light": 0.01, "kite": 0.01, "airplane": 0.01, "fire hydrant": 0.01, "train": 0.02, "potted plant": 0.02, "bowl": 0.01, "bus": 0.03, "giraffe": 0.04, "zebra": 0.01, "refrigerator": 0.01, "elephant": 0.02, "handbag": 0.01, "snowboard": 0.01, "bench": 0.03, "density": 0.96}