{"car": 0.3933333333333339, "truck": 0.1433333333333332, "person": 0.28666666666666657, "motorcycle": 0.04, "refrigerator": 0.0033333333333333335, "giraffe": 0.023333333333333334, "elephant": 0.006666666666666667, "boat": 0.016666666666666666, "bird": 0.023333333333333334, "sports ball": 0.0033333333333333335, "umbrella": 0.01, "dog": 0.0033333333333333335, "bench": 0.02666666666666667, "bus": 0.013333333333333334, "surfboard": 0.01, "train": 0.013333333333333334, "stop sign": 0.006666666666666667, "traffic light": 0.01, "kite": 0.013333333333333334, "potted plant": 0.006666666666666667, "airplane": 0.0033333333333333335, "fire hydrant": 0.0033333333333333335, "bowl": 0.0033333333333333335, "clock": 0.0033333333333333335, "bicycle": 0.006666666666666667, "snowboard": 0.0033333333333333335, "handbag": 0.0033333333333333335, "skateboard": 0.006666666666666667, "sheep": 0.006666666666666667, "zebra": 0.0033333333333333335, "chair": 0.006666666666666667, "horse": 0.006666666666666667, "cow": 0.0033333333333333335, "bottle": 0.02, "density": 1.1333333333333333}