{"motorcycle": 0.3, "parked": 0.38, "next": 0.13, "tree": 0.016666666666666666, "on": 0.4666666666666667, "dirt": 0.10666666666666667, "road": 0.5, "street": 0.19333333333333333, "car": 0.23666666666666666, "some": 0.04, "animals": 0.18666666666666668, "an": 0.0033333333333333335, "animal": 0.0033333333333333335, "in": 0.24666666666666667, "middle": 0.02, "forest": 0.03666666666666667, "front": 0.07, "building": 0.07333333333333333, "blurry": 0.03, "herd": 0.14, "elephants": 0.006666666666666667, "walking": 0.01, "down": 0.11333333333333333, "green": 0.21666666666666667, "field": 0.19666666666666666, "driving": 0.11666666666666667, "farm": 0.016666666666666666, "cows": 0.1, "grazing": 0.08333333333333333, "pasture": 0.04, "park": 0.006666666666666667, "bench": 0.013333333333333334, "fence": 0.03666666666666667, "side": 0.23666666666666666, "lot": 0.03666666666666667, "truck": 0.043333333333333335, "stop": 0.01, "sign": 0.023333333333333334, "couple": 0.05, "standing": 0.03666666666666667, "trees": 0.056666666666666664, "van": 0.006666666666666667, "lush": 0.023333333333333334, "cars": 0.11333333333333333, "motorcycles": 0.07666666666666666, "grass": 0.02, "sheep": 0.043333333333333335, "man": 0.016666666666666666, "past": 0.013333333333333334, "large": 0.06, "rock": 0.0033333333333333335, "horse": 0.023333333333333334, "drawn": 0.0033333333333333335, "carriage": 0.0033333333333333335, "sitting": 0.013333333333333334, "bunch": 0.04, "each": 0.0033333333333333335, "other": 0.0033333333333333335, "dog": 0.023333333333333334, "small": 0.006666666666666667, "grassy": 0.006666666666666667, "area": 0.0033333333333333335, "filled": 0.0033333333333333335, "scene": 0.006666666666666667, "group": 0.02, "near": 0.03666666666666667, "person": 0.013333333333333334, "pile": 0.006666666666666667, "rocks": 0.006666666666666667, "body": 0.0033333333333333335, "water": 0.006666666666666667, "background": 0.02, "big": 0.0033333333333333335, "trail": 0.0033333333333333335, "highway": 0.0033333333333333335, "three": 0.0033333333333333335, "two": 0.01, "cattle": 0.02666666666666667, "houses": 0.006666666666666667, "house": 0.006666666666666667, "blue": 0.01, "wall": 0.0033333333333333335, "covered": 0.006666666666666667, "graffiti": 0.0033333333333333335, "traffic": 0.0033333333333333335, "sky": 0.0033333333333333335, "statue": 0.0033333333333333335, "boat": 0.006666666666666667, "hill": 0.0033333333333333335, "goats": 0.006666666666666667, "top": 0.01, "reads": 0.006666666666666667, "\"chinatown\"": 0.0033333333333333335, "": 0.17, "yard": 0.0033333333333333335, "red": 0.0033333333333333335, "white": 0.006666666666666667, "mountain": 0.013333333333333334, "line": 0.0033333333333333335, "pink": 0.0033333333333333335, "\"hurry\"": 0.0033333333333333335, "behind": 0.0033333333333333335, "corner": 0.0033333333333333335, "laying": 0.0033333333333333335, "ground": 0.0033333333333333335, "bike": 0.006666666666666667, "leaves": 0.0033333333333333335, "lake": 0.006666666666666667, "people": 0.0033333333333333335, "motor": 0.0033333333333333335, "riding": 0.0033333333333333335, "buildings": 0.0033333333333333335, "along": 0.0033333333333333335, "tractor": 0.0033333333333333335, "view": 0.0033333333333333335}