{"chair": 0.11999999999999998, "car": 0.3000000000000001, "person": 0.36000000000000015, "vase": 0.03, "train": 0.01, "potted plant": 0.16, "skateboard": 0.01, "fire hydrant": 0.02, "bench": 0.05, "frisbee": 0.01, "truck": 0.01, "bird": 0.01, "suitcase": 0.01, "umbrella": 0.02, "cow": 0.01, "kite": 0.01, "traffic light": 0.01, "clock": 0.01, "density": 1.16}