{"train": 0.013333333333333334, "car": 0.2766666666666665, "umbrella": 0.01, "person": 0.36333333333333373, "chair": 0.05, "clock": 0.013333333333333334, "boat": 0.05666666666666667, "bench": 0.07333333333333332, "bird": 0.016666666666666666, "elephant": 0.006666666666666667, "traffic light": 0.01, "potted plant": 0.060000000000000005, "vase": 0.03333333333333333, "backpack": 0.0033333333333333335, "cow": 0.0033333333333333335, "handbag": 0.0033333333333333335, "giraffe": 0.0033333333333333335, "bear": 0.006666666666666667, "refrigerator": 0.0033333333333333335, "teddy bear": 0.006666666666666667, "surfboard": 0.0033333333333333335, "bottle": 0.0033333333333333335, "bowl": 0.0033333333333333335, "skateboard": 0.006666666666666667, "fire hydrant": 0.006666666666666667, "truck": 0.013333333333333334, "suitcase": 0.01, "baseball bat": 0.0033333333333333335, "sheep": 0.0033333333333333335, "tv": 0.0033333333333333335, "kite": 0.0033333333333333335, "motorcycle": 0.0033333333333333335, "cat": 0.0033333333333333335, "frisbee": 0.0033333333333333335, "density": 1.0833333333333333}