{"road": 0.31666666666666665, "beach": 0.10666666666666667, "cave": 0.05, "ruins": 0.07666666666666666, "temple": 0.016666666666666666, "hotel": 0.02666666666666667, "house": 0.14333333333333334, "where": 0.03, "person": 0.043333333333333335, "was": 0.02666666666666667, "born": 0.006666666666666667, "city": 0.19, "garden": 0.013333333333333334, "landscape": 0.0033333333333333335, "mixture": 0.0033333333333333335, "natural": 0.01, "manmade": 0.0033333333333333335, "site": 0.01, "former": 0.01, "factory": 0.01, "ancient": 0.06, "rock": 0.03, "bit": 0.013333333333333334, "mystery": 0.0033333333333333335, "old": 0.04, "town": 0.03, "interior": 0.02666666666666667, "palace": 0.0033333333333333335, "park": 0.023333333333333334, "located": 0.10666666666666667, "in": 0.2, "beautiful": 0.02666666666666667, "wall": 0.01, "entrance": 0.02, "lord": 0.0033333333333333335, "mountains": 0.09, "property": 0.03666666666666667, "heart": 0.013333333333333334, "sea": 0.013333333333333334, "place": 0.02, "trail": 0.02666666666666667, "short": 0.016666666666666666, "walk": 0.016666666666666666, "from": 0.06666666666666667, "phenomenon": 0.006666666666666667, "visit": 0.006666666666666667, "formation": 0.013333333333333334, "bridge": 0.013333333333333334, "over": 0.013333333333333334, "river": 0.02, "deity": 0.006666666666666667, "view": 0.043333333333333335, "street": 0.02666666666666667, "front": 0.006666666666666667, "apartment": 0.013333333333333334, "fortress": 0.01, "neighborhood": 0.03, "building": 0.043333333333333335, "tree": 0.056666666666666664, "growing": 0.0033333333333333335, "courtyard": 0.006666666666666667, "man": 0.013333333333333334, "arrested": 0.006666666666666667, "after": 0.006666666666666667, "he": 0.006666666666666667, "reportedly": 0.006666666666666667, "threw": 0.006666666666666667, "stone": 0.0033333333333333335, "at": 0.006666666666666667, "police": 0.0033333333333333335, "officer": 0.0033333333333333335, "home": 0.02, "person,": 0.016666666666666666, "who": 0.01, "accused": 0.0033333333333333335, "stealing": 0.0033333333333333335, "car": 0.013333333333333334, "only": 0.0033333333333333335, "thing": 0.0033333333333333335, "can": 0.0033333333333333335, "stop": 0.0033333333333333335, "me": 0.0033333333333333335, "falling": 0.0033333333333333335, "into": 0.006666666666666667, "mosque": 0.006666666666666667, "summit": 0.01, "mountain": 0.013333333333333334, "middle": 0.03666666666666667, "image": 0.02666666666666667, "#": 0.02666666666666667, "farm": 0.006666666666666667, "animals": 0.006666666666666667, "future": 0.013333333333333334, "path": 0.006666666666666667, "top": 0.04, "center": 0.023333333333333334, "pine": 0.006666666666666667, "symbol": 0.0033333333333333335, "spirit": 0.0033333333333333335, "pedestrian": 0.0033333333333333335, "village": 0.01, "airport": 0.01, "largest": 0.006666666666666667, "world": 0.006666666666666667, "muddy": 0.0033333333333333335, "m": 0.006666666666666667, "walls": 0.016666666666666666, "fort": 0.006666666666666667, "couple's": 0.0033333333333333335, "on": 0.006666666666666667, "market": 0.0033333333333333335, "for": 0.013333333333333334, "$1": 0.0033333333333333335, "parking": 0.006666666666666667, "lot": 0.006666666666666667, "backyard": 0.01, "bottle": 0.0033333333333333335, "pond": 0.0033333333333333335, "woods": 0.0033333333333333335, "now": 0.0033333333333333335, "living": 0.0033333333333333335, "castle": 0.023333333333333334, "large": 0.0033333333333333335, "area": 0.006666666666666667, "museum": 0.01, "room": 0.0033333333333333335, "body": 0.0033333333333333335, "found": 0.01, "forest": 0.01, "villa": 0.01, "swimming": 0.006666666666666667, "pool": 0.006666666666666667, "olive": 0.006666666666666667, "trees": 0.01, "lavender": 0.006666666666666667, "lived": 0.013333333333333334, "his": 0.0033333333333333335, "mother": 0.0033333333333333335, "very": 0.02, "steep": 0.01, "narrow": 0.006666666666666667, "church": 0.0033333333333333335, "rental": 0.0033333333333333335, "-": 0.0033333333333333335, "my": 0.0033333333333333335, "artist": 0.0033333333333333335, "cabin": 0.0033333333333333335, "walks": 0.0033333333333333335, "past": 0.0033333333333333335, "store": 0.0033333333333333335, "monastery": 0.0033333333333333335, "boat": 0.0033333333333333335, "bank": 0.0033333333333333335, "so": 0.006666666666666667, "steep,": 0.006666666666666667, "it's": 0.006666666666666667, "almost": 0.006666666666666667, "like": 0.006666666666666667, "coast": 0.0033333333333333335, "mine": 0.0033333333333333335, "alive": 0.0033333333333333335, "sound": 0.0033333333333333335, "wind": 0.0033333333333333335, "popular": 0.0033333333333333335, "tourist": 0.0033333333333333335, "destination": 0.0033333333333333335, "muddy,": 0.0033333333333333335, "but": 0.006666666666666667, "still": 0.0033333333333333335, "pretty": 0.0033333333333333335, "rocky": 0.0033333333333333335, "quarry": 0.006666666666666667, "not": 0.0033333333333333335, "bad": 0.0033333333333333335, "hike": 0.0033333333333333335, "stairs": 0.0033333333333333335, "parked": 0.0033333333333333335, "work": 0.0033333333333333335, "art": 0.0033333333333333335, "just": 0.0033333333333333335, "pictured": 0.0033333333333333335, "this": 0.0033333333333333335, "undated": 0.0033333333333333335, "file": 0.0033333333333333335, "sale": 0.0033333333333333335, "valley": 0.0033333333333333335, "gods": 0.0033333333333333335, "deep": 0.0033333333333333335, "waterfall": 0.0033333333333333335, "ceiling": 0.0033333333333333335, "main": 0.0033333333333333335, "hall": 0.0033333333333333335, "actor": 0.0033333333333333335, "busy": 0.0033333333333333335, "gardens": 0.0033333333333333335, "estate": 0.0033333333333333335, "sign": 0.006666666666666667, "shop": 0.0033333333333333335, "shot": 0.0033333333333333335, "killed": 0.0033333333333333335, "range": 0.0033333333333333335, "region": 0.0033333333333333335}