{"main": 0.013333333333333334, "street": 0.03333333333333333, "village": 0.013333333333333334, "road": 0.63, "beach": 0.49666666666666665, "house": 0.20333333333333334, "jungle": 0.006666666666666667, "home": 0.04, "person,": 0.03333333333333333, "who": 0.03333333333333333, "now": 0.03333333333333333, "living": 0.03, "where": 0.08, "person": 0.07666666666666666, "lived": 0.04666666666666667, "trail": 0.006666666666666667, "short": 0.02666666666666667, "walk": 0.02666666666666667, "from": 0.06333333333333334, "was": 0.043333333333333335, "found": 0.04, "movie": 0.01, "shot": 0.0033333333333333335, "property": 0.03, "image": 0.01, "#": 0.01, "luxury": 0.006666666666666667, "bedroom": 0.0033333333333333335, "200m": 0.0033333333333333335, "airport": 0.006666666666666667, "city": 0.023333333333333334, "small": 0.006666666666666667, "town": 0.023333333333333334, "forest": 0.01, "beautiful": 0.01, "place": 0.01, "tree": 0.07666666666666666, "in": 0.14, "woods": 0.0033333333333333335, "site": 0.013333333333333334, "proposed": 0.013333333333333334, "new": 0.01, "school": 0.01, "garden": 0.01, "full": 0.0033333333333333335, "flowers": 0.0033333333333333335, "temple": 0.0033333333333333335, "plant": 0.0033333333333333335, "growing": 0.02, "located": 0.07, "heart": 0.013333333333333334, "desert": 0.006666666666666667, "visit": 0.0033333333333333335, "backyard": 0.01, "building": 0.02, "suburb": 0.0033333333333333335, "fell": 0.0033333333333333335, "on": 0.013333333333333334, "my": 0.0033333333333333335, "car": 0.006666666666666667, "middle": 0.043333333333333335, "hotel": 0.02, "park": 0.01, "at": 0.01, "villa": 0.006666666666666667, "mountains": 0.016666666666666666, "just": 0.013333333333333334, "his": 0.006666666666666667, "mother": 0.0033333333333333335, "view": 0.006666666666666667, "top": 0.0033333333333333335, "area": 0.0033333333333333335, "neighborhood": 0.016666666666666666, "community": 0.01, "parking": 0.016666666666666666, "lot": 0.016666666666666666, "i": 0.01, "little": 0.0033333333333333335, "highway": 0.0033333333333333335, "landscape": 0.0033333333333333335, "region": 0.0033333333333333335, "biological": 0.0033333333333333335, "species": 0.0033333333333333335, "this": 0.0033333333333333335, "grew": 0.0033333333333333335, "up": 0.0033333333333333335, "farm": 0.01, "front": 0.006666666666666667, "our": 0.0033333333333333335, "dam": 0.0033333333333333335, "born": 0.0033333333333333335, "closed": 0.0033333333333333335, "for": 0.006666666666666667, "weekend": 0.0033333333333333335, "couple": 0.006666666666666667, "were": 0.006666666666666667, "passerby": 0.0033333333333333335, "wind": 0.0033333333333333335, "turbine": 0.0033333333333333335, "nowhere": 0.0033333333333333335, "rock": 0.0033333333333333335, "so": 0.0033333333333333335, "big,": 0.0033333333333333335, "it's": 0.0033333333333333335, "almost": 0.0033333333333333335, "like": 0.0033333333333333335, "giant": 0.0033333333333333335, "m": 0.0033333333333333335, "center": 0.0033333333333333335, "symbol": 0.006666666666666667, "rivers": 0.0033333333333333335, "lined": 0.0033333333333333335, "trees": 0.0033333333333333335, "seen": 0.0033333333333333335, "walking": 0.0033333333333333335, "down": 0.0033333333333333335, "end": 0.0033333333333333335, "spirit": 0.0033333333333333335, "parents": 0.0033333333333333335, "need": 0.0033333333333333335, "some": 0.0033333333333333335, "work": 0.0033333333333333335, "popular": 0.0033333333333333335, "tourists": 0.0033333333333333335}