{"small": 0.03333333333333333, "town": 0.01, "motorcycle": 0.2, "cows": 0.05, "field": 0.19666666666666666, "couple": 0.016666666666666666, "animals": 0.27, "car": 0.36333333333333334, "driving": 0.09666666666666666, "down": 0.11, "road": 0.43666666666666665, "next": 0.12, "herd": 0.21333333333333335, "sheep": 0.06666666666666667, "cars": 0.03333333333333333, "motorcycles": 0.01, "dirt": 0.14333333333333334, "grass": 0.016666666666666666, "covered": 0.01, "truck": 0.03, "parked": 0.2733333333333333, "on": 0.4266666666666667, "side": 0.13333333333333333, "horse": 0.04666666666666667, "in": 0.23, "middle": 0.016666666666666666, "street": 0.17333333333333334, "lot": 0.05333333333333334, "traffic": 0.0033333333333333335, "building": 0.11, "beach": 0.02, "forest": 0.043333333333333335, "large": 0.13333333333333333, "fence": 0.06666666666666667, "dog": 0.023333333333333334, "mountains": 0.0033333333333333335, "background": 0.02666666666666667, "blue": 0.016666666666666666, "bridge": 0.0033333333333333335, "over": 0.0033333333333333335, "river": 0.0033333333333333335, "sky": 0.0033333333333333335, "green": 0.18333333333333332, "bench": 0.023333333333333334, "yellow": 0.013333333333333334, "white": 0.06, "blurry": 0.04, "person": 0.016666666666666666, "riding": 0.0033333333333333335, "grazing": 0.06666666666666667, "lush": 0.023333333333333334, "cattle": 0.04, "pasture": 0.05333333333333334, "house": 0.016666666666666666, "front": 0.06, "bunch": 0.05333333333333334, "parking": 0.006666666666666667, "trucks": 0.0033333333333333335, "grassy": 0.0033333333333333335, "trees": 0.05333333333333334, "farm": 0.016666666666666666, "sign": 0.02, "top": 0.02, "taking": 0.01, "few": 0.0033333333333333335, "sitting": 0.03333333333333333, "some": 0.02, "past": 0.01, "standing": 0.023333333333333334, "houses": 0.006666666666666667, "near": 0.013333333333333334, "small,": 0.0033333333333333335, "white,": 0.0033333333333333335, "red": 0.0033333333333333335, "wooden": 0.0033333333333333335, "man": 0.0033333333333333335, "pile": 0.0033333333333333335, "rocks": 0.0033333333333333335, "walking": 0.013333333333333334, "fire": 0.0033333333333333335, "hydrant": 0.0033333333333333335, "gate": 0.006666666666666667, "yard": 0.006666666666666667, "barn": 0.0033333333333333335, "hillside": 0.0033333333333333335, "van": 0.006666666666666667, "tree": 0.013333333333333334, "boat": 0.0033333333333333335, "several": 0.0033333333333333335, "laying": 0.0033333333333333335, "ground": 0.0033333333333333335, "plane": 0.0033333333333333335, "distance": 0.006666666666666667, "metal": 0.006666666666666667, "structure": 0.0033333333333333335, "long": 0.0033333333333333335, "rural": 0.0033333333333333335, "area": 0.0033333333333333335, "gas": 0.0033333333333333335, "station": 0.0033333333333333335, "mountain": 0.0033333333333333335, "scene": 0.006666666666666667, "filled": 0.0033333333333333335, "stop": 0.006666666666666667, "surrounded": 0.0033333333333333335, "big": 0.0033333333333333335, "train": 0.0033333333333333335, "group": 0.0033333333333333335, "number": 0.0033333333333333335, "pink": 0.01, "cat": 0.0033333333333333335}