{"car": 0.6720000000000005, "bus": 0.020000000000000004, "truck": 0.12600000000000008, "umbrella": 0.018000000000000002, "bench": 0.03800000000000002, "kite": 0.01, "person": 0.11200000000000009, "refrigerator": 0.012, "traffic light": 0.012, "boat": 0.022000000000000006, "fire hydrant": 0.022000000000000006, "potted plant": 0.030000000000000013, "stop sign": 0.006, "bird": 0.01, "train": 0.02800000000000001, "elephant": 0.002, "airplane": 0.004, "clock": 0.004, "cat": 0.002, "frisbee": 0.002, "dog": 0.002, "bear": 0.002, "cow": 0.006, "cell phone": 0.004, "vase": 0.002, "horse": 0.004, "chair": 0.004, "motorcycle": 0.002, "toothbrush": 0.002, "giraffe": 0.006, "sheep": 0.004, "density": 1.19}