{"car": 0.5650000000000004, "train": 0.045, "cell phone": 0.005, "potted plant": 0.02, "frisbee": 0.005, "person": 0.13000000000000003, "truck": 0.09500000000000001, "bird": 0.01, "stop sign": 0.005, "bus": 0.01, "boat": 0.015, "fire hydrant": 0.01, "bench": 0.025, "umbrella": 0.04, "toothbrush": 0.005, "refrigerator": 0.005, "traffic light": 0.005, "chair": 0.01, "giraffe": 0.015, "cow": 0.005, "sheep": 0.005, "horse": 0.005, "elephant": 0.005, "density": 1.04}