{"bench": 0.05333333333333334, "person": 0.10666666666666659, "elephant": 0.0033333333333333335, "car": 0.6933333333333326, "train": 0.02666666666666667, "cow": 0.01, "horse": 0.0033333333333333335, "stop sign": 0.0033333333333333335, "truck": 0.07999999999999997, "potted plant": 0.043333333333333335, "frisbee": 0.0033333333333333335, "chair": 0.0033333333333333335, "umbrella": 0.016666666666666666, "fire hydrant": 0.02666666666666667, "giraffe": 0.0033333333333333335, "toothbrush": 0.0033333333333333335, "dog": 0.0033333333333333335, "bear": 0.0033333333333333335, "bird": 0.013333333333333334, "kite": 0.01, "boat": 0.03333333333333333, "refrigerator": 0.01, "traffic light": 0.016666666666666666, "sheep": 0.0033333333333333335, "cat": 0.0033333333333333335, "bus": 0.013333333333333334, "motorcycle": 0.0033333333333333335, "clock": 0.0033333333333333335, "density": 2.826771653543307}