{"car": 0.8800000000000006, "truck": 0.12999999999999998, "potted plant": 0.09, "motorcycle": 0.01, "bus": 0.05, "train": 0.04, "airplane": 0.01, "cow": 0.01, "umbrella": 0.02, "person": 0.07, "refrigerator": 0.03, "traffic light": 0.05, "vase": 0.01, "bird": 0.01, "stop sign": 0.01, "bench": 0.03, "boat": 0.01, "fire hydrant": 0.04, "giraffe": 0.01, "cell phone": 0.01, "density": 1.52}