{"umbrella": 0.023333333333333334, "person": 0.08666666666666663, "car": 0.686666666666666, "truck": 0.12666666666666657, "kite": 0.01, "bench": 0.03666666666666667, "boat": 0.030000000000000002, "bus": 0.02, "sheep": 0.006666666666666667, "train": 0.030000000000000002, "fire hydrant": 0.02666666666666667, "potted plant": 0.04666666666666667, "frisbee": 0.0033333333333333335, "bird": 0.01, "cow": 0.006666666666666667, "cell phone": 0.006666666666666667, "refrigerator": 0.01, "elephant": 0.0033333333333333335, "cat": 0.0033333333333333335, "airplane": 0.0033333333333333335, "clock": 0.006666666666666667, "giraffe": 0.0033333333333333335, "motorcycle": 0.0033333333333333335, "chair": 0.0033333333333333335, "traffic light": 0.016666666666666666, "dog": 0.0033333333333333335, "bear": 0.0033333333333333335, "stop sign": 0.0033333333333333335, "horse": 0.0033333333333333335, "density": 1.2233333333333334}