{"car": 0.5999999999999982, "cell phone": 0.005, "cow": 0.0075, "person": 0.10250000000000005, "fire hydrant": 0.0225, "truck": 0.12500000000000006, "vase": 0.0025, "chair": 0.005, "umbrella": 0.02, "potted plant": 0.032499999999999994, "boat": 0.027499999999999997, "sheep": 0.005, "horse": 0.005, "giraffe": 0.0075, "train": 0.027499999999999997, "toothbrush": 0.0025, "bench": 0.032499999999999994, "kite": 0.0075, "refrigerator": 0.0075, "traffic light": 0.015000000000000001, "bird": 0.0125, "clock": 0.005, "elephant": 0.0025, "bus": 0.0175, "stop sign": 0.0075, "dog": 0.0025, "bear": 0.0025, "motorcycle": 0.0025, "frisbee": 0.0025, "density": 1.115}