{"fire hydrant": 0.024999999999999998, "person": 0.21000000000000013, "truck": 0.029999999999999995, "bicycle": 0.0125, "tennis racket": 0.0025, "sheep": 0.005, "giraffe": 0.0175, "car": 0.055000000000000014, "potted plant": 0.01, "bench": 0.0425, "motorcycle": 0.04, "surfboard": 0.0025, "banana": 0.0025, "apple": 0.0025, "train": 0.0075, "elephant": 0.0075, "chair": 0.0075, "bird": 0.0125, "umbrella": 0.0075, "cow": 0.027499999999999997, "boat": 0.0125, "airplane": 0.0075, "bear": 0.0025, "stop sign": 0.0025, "horse": 0.0025, "bus": 0.0025, "kite": 0.0025, "zebra": 0.005, "density": 0.565}