{"train": 0.006, "bicycle": 0.016, "bus": 0.002, "person": 0.22000000000000017, "kite": 0.004, "car": 0.05200000000000003, "traffic light": 0.002, "bird": 0.012, "bench": 0.03800000000000002, "airplane": 0.006, "giraffe": 0.016, "motorcycle": 0.04200000000000002, "cow": 0.02600000000000001, "fire hydrant": 0.020000000000000004, "sheep": 0.006, "boat": 0.014, "surfboard": 0.002, "truck": 0.02600000000000001, "umbrella": 0.014, "chair": 0.006, "bear": 0.002, "zebra": 0.004, "potted plant": 0.008, "banana": 0.002, "apple": 0.002, "elephant": 0.006, "horse": 0.002, "stop sign": 0.002, "backpack": 0.002, "clock": 0.002, "tennis racket": 0.002, "density": 0.564}