{"dirt": 0.30333333333333334, "road": 0.5, "cows": 0.06333333333333334, "on": 0.4066666666666667, "herd": 0.19, "animals": 0.45666666666666667, "grazing": 0.19, "lush": 0.02666666666666667, "green": 0.09333333333333334, "field": 0.26666666666666666, "motorcycle": 0.18333333333333332, "parked": 0.19666666666666666, "in": 0.36, "middle": 0.013333333333333334, "sheep": 0.07666666666666666, "car": 0.15, "driving": 0.03666666666666667, "down": 0.05, "past": 0.006666666666666667, "cattle": 0.05333333333333334, "street": 0.06333333333333334, "side": 0.056666666666666664, "lot": 0.03666666666666667, "large": 0.03333333333333333, "zoo": 0.0033333333333333335, "background": 0.08666666666666667, "bunch": 0.023333333333333334, "man": 0.006666666666666667, "drives": 0.0033333333333333335, "truck": 0.05333333333333334, "next": 0.05333333333333334, "body": 0.006666666666666667, "water": 0.01, "park": 0.006666666666666667, "bench": 0.016666666666666666, "front": 0.03333333333333333, "stone": 0.0033333333333333335, "wall": 0.0033333333333333335, "grass": 0.04, "building": 0.023333333333333334, "blurry": 0.02666666666666667, "farm": 0.07666666666666666, "sandy": 0.0033333333333333335, "beach": 0.0033333333333333335, "yard": 0.013333333333333334, "horse": 0.013333333333333334, "forest": 0.023333333333333334, "sign": 0.0033333333333333335, "sitting": 0.01, "boat": 0.0033333333333333335, "distance": 0.0033333333333333335, "standing": 0.04, "top": 0.02, "couple": 0.056666666666666664, "motorcycles": 0.023333333333333334, "wooden": 0.01, "cars": 0.023333333333333334, "elephants": 0.013333333333333334, "fence": 0.02, "small": 0.03, "village": 0.006666666666666667, "some": 0.05333333333333334, "train": 0.013333333333333334, "trees": 0.03, "bushes": 0.0033333333333333335, "town": 0.0033333333333333335, "pink": 0.0033333333333333335, "rural": 0.0033333333333333335, "area": 0.01, "goats": 0.01, "river": 0.0033333333333333335, "track": 0.0033333333333333335, "trailer": 0.006666666666666667, "two": 0.013333333333333334, "covered": 0.0033333333333333335, "group": 0.006666666666666667, "pasture": 0.02, "dog": 0.01, "walking": 0.023333333333333334, "person": 0.006666666666666667, "grassy": 0.0033333333333333335, "near": 0.0033333333333333335, "through": 0.0033333333333333335, "carriage": 0.0033333333333333335, "very": 0.006666666666666667, "big": 0.0033333333333333335, "several": 0.01, "taking": 0.0033333333333333335, "woman": 0.0033333333333333335, "clock": 0.0033333333333333335, "tower": 0.0033333333333333335, "tractor": 0.0033333333333333335, "number": 0.0033333333333333335, "across": 0.0033333333333333335, "tree": 0.0033333333333333335, "filled": 0.0033333333333333335, "tracks": 0.0033333333333333335, "people": 0.0033333333333333335, "few": 0.0033333333333333335, "nice": 0.0033333333333333335, "looking": 0.0033333333333333335}