{"bench": 0.023333333333333334, "bird": 0.013333333333333334, "boat": 0.016666666666666666, "person": 0.24666666666666634, "cow": 0.03333333333333333, "bear": 0.0033333333333333335, "truck": 0.02, "sheep": 0.0033333333333333335, "motorcycle": 0.04, "airplane": 0.006666666666666667, "car": 0.04, "giraffe": 0.023333333333333334, "zebra": 0.006666666666666667, "banana": 0.0033333333333333335, "apple": 0.0033333333333333335, "chair": 0.006666666666666667, "elephant": 0.006666666666666667, "fire hydrant": 0.02, "umbrella": 0.01, "potted plant": 0.01, "bicycle": 0.02, "tennis racket": 0.0033333333333333335, "horse": 0.0033333333333333335, "train": 0.006666666666666667, "kite": 0.0033333333333333335, "surfboard": 0.0033333333333333335, "density": 0.5766666666666667}