{"elephant": 0.006666666666666667, "fire hydrant": 0.02666666666666667, "person": 0.2033333333333331, "car": 0.05, "truck": 0.030000000000000002, "motorcycle": 0.03666666666666667, "bench": 0.04666666666666667, "bird": 0.013333333333333334, "boat": 0.013333333333333334, "cow": 0.02, "bear": 0.0033333333333333335, "airplane": 0.006666666666666667, "sheep": 0.01, "potted plant": 0.006666666666666667, "chair": 0.006666666666666667, "umbrella": 0.016666666666666666, "giraffe": 0.013333333333333334, "zebra": 0.0033333333333333335, "bicycle": 0.01, "backpack": 0.0033333333333333335, "clock": 0.0033333333333333335, "banana": 0.0033333333333333335, "apple": 0.0033333333333333335, "surfboard": 0.0033333333333333335, "train": 0.0033333333333333335, "stop sign": 0.0033333333333333335, "density": 2.0246913580246915}