{"road": 0.6366666666666667, "temple": 0.19, "beach": 0.18, "path": 0.0033333333333333335, "jungle": 0.05333333333333334, "city": 0.09333333333333334, "small": 0.02, "town": 0.013333333333333334, "farm": 0.12, "man": 0.006666666666666667, "walks": 0.0033333333333333335, "past": 0.0033333333333333335, "house": 0.19333333333333333, "mountains": 0.01, "property": 0.03333333333333333, "image": 0.013333333333333334, "#": 0.013333333333333334, "m": 0.01, "from": 0.07, "center": 0.01, "person": 0.02, "where": 0.01, "lived": 0.006666666666666667, "home": 0.016666666666666666, "blues": 0.0033333333333333335, "artist": 0.0033333333333333335, "river": 0.02666666666666667, "so": 0.01, "wide": 0.006666666666666667, "almost": 0.006666666666666667, "invisible": 0.0033333333333333335, "eye": 0.0033333333333333335, "located": 0.05, "in": 0.13666666666666666, "neighborhood": 0.016666666666666666, "was": 0.016666666666666666, "born": 0.0033333333333333335, "village": 0.02666666666666667, "view": 0.02, "top": 0.006666666666666667, "site": 0.016666666666666666, "proposed": 0.01, "mine": 0.0033333333333333335, "middle": 0.02, "on": 0.02, "coast": 0.006666666666666667, "beautiful": 0.043333333333333335, "place": 0.04, "visit": 0.023333333333333334, "indian": 0.0033333333333333335, "state": 0.0033333333333333335, "summer": 0.0033333333333333335, "street": 0.006666666666666667, "heart": 0.016666666666666666, "bridge": 0.0033333333333333335, "over": 0.0033333333333333335, "forest": 0.043333333333333335, "full": 0.013333333333333334, "trees": 0.03333333333333333, "movie": 0.013333333333333334, "garden": 0.01, "hotel": 0.006666666666666667, "short": 0.013333333333333334, "walk": 0.013333333333333334, "backyard": 0.006666666666666667, "new": 0.006666666666666667, "school": 0.006666666666666667, "market": 0.0033333333333333335, "closed": 0.0033333333333333335, "traffic": 0.0033333333333333335, "rice": 0.006666666666666667, "fields": 0.006666666666666667, "former": 0.0033333333333333335, "little": 0.0033333333333333335, "bit": 0.006666666666666667, "muddy": 0.0033333333333333335, "field": 0.016666666666666666, "grass": 0.0033333333333333335, "countryside": 0.013333333333333334, "park": 0.006666666666666667, "tree": 0.03, "growing": 0.0033333333333333335, "woods": 0.006666666666666667, "palm": 0.006666666666666667, "his": 0.006666666666666667, "mother": 0.0033333333333333335, "surrounded": 0.0033333333333333335, "biological": 0.0033333333333333335, "species": 0.0033333333333333335, "car": 0.0033333333333333335, "parked": 0.0033333333333333335, "through": 0.006666666666666667, "paddles": 0.0033333333333333335, "kayak": 0.0033333333333333335, "along": 0.0033333333333333335, "this": 0.0033333333333333335, "i": 0.0033333333333333335, "grew": 0.0033333333333333335, "up": 0.0033333333333333335, "dirt": 0.0033333333333333335, "building": 0.0033333333333333335, "couple's": 0.0033333333333333335, "person,": 0.0033333333333333335, "owner": 0.0033333333333333335, "good": 0.0033333333333333335, "condition": 0.0033333333333333335, "sunny": 0.0033333333333333335, "day": 0.0033333333333333335, "found": 0.01, "barn": 0.0033333333333333335, "area": 0.0033333333333333335, "private": 0.0033333333333333335, "bloom": 0.006666666666666667, "for": 0.0033333333333333335, "sale": 0.0033333333333333335, "like": 0.0033333333333333335, "large": 0.0033333333333333335, "swimming": 0.0033333333333333335, "pool": 0.0033333333333333335, "cut": 0.0033333333333333335, "down": 0.0033333333333333335, "remains": 0.0033333333333333335, "now": 0.0033333333333333335, "trail": 0.0033333333333333335, "muddy,": 0.0033333333333333335, "but": 0.0033333333333333335, "it's": 0.0033333333333333335, "not": 0.0033333333333333335, "bad": 0.0033333333333333335, "at": 0.0033333333333333335, "all": 0.0033333333333333335, "lined": 0.0033333333333333335, "shrubs": 0.0033333333333333335, "trip": 0.0033333333333333335}