{"truck": 0.02, "bicycle": 0.01, "person": 0.17000000000000007, "motorcycle": 0.030000000000000002, "car": 0.04, "backpack": 0.005, "clock": 0.005, "fire hydrant": 0.025, "bench": 0.030000000000000002, "banana": 0.005, "apple": 0.005, "umbrella": 0.015, "giraffe": 0.025, "zebra": 0.005, "elephant": 0.01, "chair": 0.01, "cow": 0.015, "boat": 0.01, "airplane": 0.015, "surfboard": 0.005, "train": 0.005, "horse": 0.005, "stop sign": 0.005, "potted plant": 0.005, "kite": 0.01, "sheep": 0.005, "traffic light": 0.005, "bird": 0.005, "density": 0.5}