{"car": 1.3800000000000048, "motorcycle": 0.06333333333333334, "truck": 0.23666666666666636, "bicycle": 0.06333333333333334, "fire hydrant": 0.04, "bench": 0.07333333333333332, "cow": 0.013333333333333334, "umbrella": 0.013333333333333334, "person": 0.356666666666667, "bear": 0.0033333333333333335, "frisbee": 0.01, "bus": 0.060000000000000005, "potted plant": 0.11333333333333324, "stop sign": 0.043333333333333335, "clock": 0.01, "toilet": 0.0033333333333333335, "chair": 0.006666666666666667, "kite": 0.013333333333333334, "bird": 0.006666666666666667, "parking meter": 0.006666666666666667, "dog": 0.006666666666666667, "train": 0.043333333333333335, "traffic light": 0.03666666666666667, "handbag": 0.013333333333333334, "airplane": 0.006666666666666667, "backpack": 0.0033333333333333335, "bed": 0.0033333333333333335, "surfboard": 0.0033333333333333335, "refrigerator": 0.0033333333333333335, "skateboard": 0.006666666666666667, "boat": 0.01, "giraffe": 0.0033333333333333335, "vase": 0.0033333333333333335, "sports ball": 0.0033333333333333335, "density": 4.0353535353535355}