{"person": 0.3700000000000002, "bench": 0.04, "stop sign": 0.05999999999999999, "potted plant": 0.14500000000000005, "car": 1.3299999999999936, "truck": 0.24500000000000013, "train": 0.049999999999999996, "parking meter": 0.015, "fire hydrant": 0.04, "umbrella": 0.005, "bicycle": 0.049999999999999996, "traffic light": 0.04, "motorcycle": 0.030000000000000002, "handbag": 0.015, "bus": 0.04, "airplane": 0.02, "dog": 0.005, "boat": 0.005, "skateboard": 0.01, "bed": 0.005, "cow": 0.005, "bear": 0.005, "giraffe": 0.005, "bird": 0.005, "kite": 0.01, "chair": 0.005, "surfboard": 0.005, "clock": 0.005, "refrigerator": 0.01, "vase": 0.005, "sports ball": 0.005, "density": 2.585}