{"large": 0.37333333333333335, "building": 0.22, "motorcycle": 0.31666666666666665, "parked": 0.32, "in": 0.22333333333333333, "front": 0.09, "green": 0.29, "sign": 0.07, "sitting": 0.056666666666666664, "on": 0.36, "side": 0.21333333333333335, "road": 0.28, "street": 0.39, "car": 0.10333333333333333, "truck": 0.08333333333333333, "driving": 0.21, "down": 0.21666666666666667, "next": 0.07666666666666666, "forest": 0.07333333333333333, "blue": 0.01, "past": 0.04, "horse": 0.0033333333333333335, "white": 0.03333333333333333, "herd": 0.03333333333333333, "sheep": 0.02666666666666667, "near": 0.02, "fence": 0.05333333333333334, "yellow": 0.0033333333333333335, "dirt": 0.006666666666666667, "some": 0.016666666666666666, "cows": 0.02, "scene": 0.023333333333333334, "focus": 0.0033333333333333335, "parking": 0.04, "meter": 0.0033333333333333335, "middle": 0.03666666666666667, "grass": 0.02, "covered": 0.006666666666666667, "field": 0.1, "circular": 0.0033333333333333335, "driveway": 0.0033333333333333335, "highway": 0.043333333333333335, "filled": 0.01, "lots": 0.013333333333333334, "traffic": 0.05, "tall": 0.016666666666666666, "plane": 0.0033333333333333335, "flying": 0.0033333333333333335, "over": 0.0033333333333333335, "long": 0.01, "line": 0.01, "motorcycles": 0.05, "city": 0.016666666666666666, "pasture": 0.016666666666666666, "animals": 0.03333333333333333, "grazing": 0.02, "metal": 0.02, "lot": 0.07, "trees": 0.06333333333333334, "mural": 0.0033333333333333335, "box": 0.0033333333333333335, "fire": 0.023333333333333334, "hydrant": 0.023333333333333334, "lush": 0.01, "park": 0.06, "cars": 0.16333333333333333, "van": 0.016666666666666666, "bunch": 0.05333333333333334, "background": 0.02, "shown": 0.0033333333333333335, "benches": 0.01, "bridge": 0.013333333333333334, "group": 0.01, "train": 0.013333333333333334, "steel": 0.0033333333333333335, "track": 0.0033333333333333335, "clock": 0.016666666666666666, "tower": 0.013333333333333334, "top": 0.016666666666666666, "man": 0.02, "walking": 0.02, "number": 0.016666666666666666, "windows": 0.006666666666666667, "blurry": 0.013333333333333334, "person": 0.013333333333333334, "bike": 0.006666666666666667, "buildings": 0.013333333333333334, "trucks": 0.0033333333333333335, "dog": 0.01, "view": 0.016666666666666666, "light": 0.02666666666666667, "gate": 0.01, "bus": 0.01, "stop": 0.01, "bench": 0.023333333333333334, "chain": 0.006666666666666667, "link": 0.006666666666666667, "corner": 0.0033333333333333335, "painting": 0.0033333333333333335, "it's": 0.0033333333333333335, "grassy": 0.01, "tree": 0.006666666666666667, "bush": 0.006666666666666667, "leaves": 0.0033333333333333335, "fenced": 0.0033333333333333335, "area": 0.0033333333333333335, "house": 0.0033333333333333335, "garden": 0.0033333333333333335, "cattle": 0.0033333333333333335, "amount": 0.0033333333333333335, "crosswalk": 0.0033333333333333335, "sidewalk": 0.0033333333333333335, "cement": 0.0033333333333333335, "wall": 0.0033333333333333335, "couple": 0.006666666666666667, "riding": 0.0033333333333333335, "moped": 0.0033333333333333335, "lawn": 0.0033333333333333335, "image": 0.0033333333333333335, "river": 0.0033333333333333335, "mirror": 0.0033333333333333335, "bushes": 0.0033333333333333335, "passing": 0.006666666666666667, "outside": 0.006666666666666667, "blur": 0.0033333333333333335, "chinese": 0.0033333333333333335, "restaurant": 0.0033333333333333335, "standing": 0.0033333333333333335, "tracks": 0.0033333333333333335, "through": 0.0033333333333333335, "body": 0.0033333333333333335, "water": 0.0033333333333333335, "crossing": 0.0033333333333333335, "pile": 0.0033333333333333335, "garbage": 0.0033333333333333335, "says": 0.006666666666666667, "\"fire": 0.0033333333333333335, "rescue\"": 0.0033333333333333335, "": 0.5233333333333333, "window": 0.0033333333333333335, "many": 0.0033333333333333335, "people": 0.0033333333333333335, "around": 0.0033333333333333335, "reads": 0.0033333333333333335, "\"nokia\"": 0.0033333333333333335, "\"no": 0.0033333333333333335, "parking\"": 0.0033333333333333335}