{"car": 1.7100000000000013, "dog": 0.03, "potted plant": 0.05, "person": 0.3000000000000001, "truck": 0.2700000000000001, "bicycle": 0.05, "stop sign": 0.05, "train": 0.04, "airplane": 0.01, "fire hydrant": 0.04, "boat": 0.01, "bus": 0.05, "parking meter": 0.02, "chair": 0.01, "bench": 0.04, "motorcycle": 0.03, "traffic light": 0.04, "umbrella": 0.02, "frisbee": 0.01, "sports ball": 0.01, "giraffe": 0.01, "density": 2.8}