{"car": 1.4724999999999797, "potted plant": 0.11500000000000006, "person": 0.33000000000000024, "motorcycle": 0.055000000000000014, "truck": 0.23250000000000015, "bench": 0.07000000000000002, "bus": 0.045000000000000005, "traffic light": 0.034999999999999996, "kite": 0.0125, "bicycle": 0.06750000000000002, "bird": 0.0025, "stop sign": 0.0425, "fire hydrant": 0.0425, "parking meter": 0.0075, "dog": 0.0075, "train": 0.034999999999999996, "skateboard": 0.0075, "vase": 0.0025, "cow": 0.015000000000000001, "umbrella": 0.0075, "airplane": 0.0075, "handbag": 0.01, "clock": 0.005, "sports ball": 0.005, "boat": 0.0075, "refrigerator": 0.005, "chair": 0.005, "backpack": 0.0075, "toilet": 0.0025, "frisbee": 0.005, "bear": 0.0025, "bed": 0.0025, "density": 2.67}