{"car": 1.6540000000000012, "stop sign": 0.044000000000000025, "truck": 0.25200000000000017, "person": 0.3000000000000002, "cow": 0.012, "traffic light": 0.03800000000000002, "frisbee": 0.006, "surfboard": 0.002, "potted plant": 0.10000000000000007, "kite": 0.01, "bus": 0.056000000000000036, "parking meter": 0.006, "fire hydrant": 0.04200000000000002, "umbrella": 0.008, "bicycle": 0.054000000000000034, "chair": 0.004, "dog": 0.006, "bench": 0.06400000000000004, "train": 0.034000000000000016, "skateboard": 0.006, "motorcycle": 0.056000000000000036, "refrigerator": 0.006, "sports ball": 0.004, "clock": 0.006, "airplane": 0.008, "backpack": 0.006, "giraffe": 0.002, "boat": 0.008, "bird": 0.004, "handbag": 0.008, "vase": 0.002, "bed": 0.002, "bear": 0.002, "toilet": 0.002, "density": 2.814}