{"car": 1.723333333333346, "truck": 0.253333333333333, "person": 0.27999999999999986, "clock": 0.01, "motorcycle": 0.05666666666666667, "parking meter": 0.0033333333333333335, "fire hydrant": 0.03333333333333333, "umbrella": 0.006666666666666667, "bicycle": 0.023333333333333334, "refrigerator": 0.016666666666666666, "bench": 0.05666666666666667, "bird": 0.0033333333333333335, "bus": 0.060000000000000005, "toilet": 0.0033333333333333335, "train": 0.03666666666666667, "traffic light": 0.016666666666666666, "frisbee": 0.006666666666666667, "stop sign": 0.03666666666666667, "potted plant": 0.06999999999999999, "dog": 0.01, "kite": 0.006666666666666667, "boat": 0.006666666666666667, "handbag": 0.0033333333333333335, "surfboard": 0.0033333333333333335, "bear": 0.0033333333333333335, "bed": 0.0033333333333333335, "sports ball": 0.0033333333333333335, "airplane": 0.006666666666666667, "cow": 0.01, "skateboard": 0.006666666666666667, "vase": 0.0033333333333333335, "backpack": 0.006666666666666667, "density": 2.77}