{"car": 1.5433333333333419, "truck": 0.19666666666666643, "potted plant": 0.1666666666666665, "boat": 0.023333333333333334, "kite": 0.006666666666666667, "airplane": 0.013333333333333334, "bird": 0.01, "train": 0.006666666666666667, "person": 0.18666666666666645, "bus": 0.03333333333333333, "backpack": 0.0033333333333333335, "bench": 0.05, "cow": 0.0033333333333333335, "stop sign": 0.02, "motorcycle": 0.016666666666666666, "chair": 0.01, "couch": 0.0033333333333333335, "suitcase": 0.0033333333333333335, "umbrella": 0.016666666666666666, "skateboard": 0.0033333333333333335, "surfboard": 0.0033333333333333335, "cat": 0.0033333333333333335, "refrigerator": 0.0033333333333333335, "giraffe": 0.0033333333333333335, "density": 2.33}