{"car": 1.490000000000001, "umbrella": 0.01, "truck": 0.13999999999999999, "bus": 0.060000000000000005, "stop sign": 0.02, "person": 0.3000000000000001, "bench": 0.04, "boat": 0.03, "giraffe": 0.01, "potted plant": 0.16, "motorcycle": 0.03, "airplane": 0.01, "cow": 0.01, "train": 0.01, "density": 2.32}