{"road": 0.4033333333333333, "desert": 0.08666666666666667, "ruins": 0.09333333333333334, "ancient": 0.08, "city": 0.44333333333333336, "beach": 0.14, "located": 0.07, "beautiful": 0.023333333333333334, "place": 0.03, "visit": 0.02, "bridge": 0.006666666666666667, "over": 0.006666666666666667, "river": 0.01, "view": 0.01, "from": 0.02, "top": 0.0033333333333333335, "border": 0.05, "highway": 0.016666666666666666, "man": 0.03333333333333333, "walks": 0.016666666666666666, "along": 0.006666666666666667, "walls": 0.04, "old": 0.05, "town": 0.10333333333333333, "building": 0.04, "in": 0.11333333333333333, "center": 0.02, "mountains": 0.013333333333333334, "population": 0.006666666666666667, "around": 0.006666666666666667, "3,000": 0.0033333333333333335, "house": 0.07, "small": 0.07666666666666666, "natural": 0.0033333333333333335, "park": 0.023333333333333334, "lined": 0.013333333333333334, "trees": 0.016666666666666666, "future": 0.01, "street": 0.023333333333333334, "where": 0.023333333333333334, "i": 0.0033333333333333335, "live": 0.0033333333333333335, "car": 0.07333333333333333, "farm": 0.006666666666666667, "parked": 0.02666666666666667, "airport": 0.04, "person": 0.02, "lived": 0.013333333333333334, "trail": 0.006666666666666667, "family": 0.0033333333333333335, "front": 0.006666666666666667, "entrance": 0.0033333333333333335, "morning": 0.0033333333333333335, "neighborhood": 0.02, "fortress": 0.006666666666666667, "property": 0.01, "image": 0.01, "#": 0.01, "m": 0.006666666666666667, "was": 0.016666666666666666, "shot": 0.006666666666666667, "block": 0.0033333333333333335, "short": 0.006666666666666667, "walk": 0.0033333333333333335, "capital": 0.006666666666666667, "garden": 0.006666666666666667, "hotel": 0.01, "site": 0.0033333333333333335, "proposed": 0.0033333333333333335, "new": 0.0033333333333333335, "stadium": 0.0033333333333333335, "who": 0.0033333333333333335, "head": 0.0033333333333333335, "torso": 0.0033333333333333335, "1": 0.0033333333333333335, "pilgrimage": 0.01, "for": 0.01, "followers": 0.006666666666666667, "pilgrims": 0.0033333333333333335, "olive": 0.006666666666666667, "tree": 0.006666666666666667, "landscape": 0.013333333333333334, "parking": 0.01, "lot": 0.006666666666666667, "now": 0.0033333333333333335, "sand": 0.0033333333333333335, "dune": 0.0033333333333333335, "past": 0.0033333333333333335, "main": 0.0033333333333333335, "square": 0.0033333333333333335, "born": 0.0033333333333333335, "trip": 0.0033333333333333335, "through": 0.023333333333333334, "at": 0.0033333333333333335, "end": 0.0033333333333333335, "many": 0.0033333333333333335, "people": 0.0033333333333333335, "rock": 0.01, "formation": 0.0033333333333333335, "down": 0.006666666666666667, "drives": 0.016666666666666666, "middle": 0.0033333333333333335, "forest": 0.0033333333333333335, "full": 0.0033333333333333335, "bloom": 0.0033333333333333335, "stone": 0.0033333333333333335, "so": 0.0033333333333333335, "big": 0.0033333333333333335, "almost": 0.0033333333333333335, "like": 0.0033333333333333335, "face": 0.0033333333333333335, "village": 0.02, "struck": 0.006666666666666667, "driving": 0.006666666666666667, "girls": 0.0033333333333333335, "were": 0.0033333333333333335, "found": 0.0033333333333333335, "on": 0.01, "country": 0.0033333333333333335, "heart": 0.0033333333333333335, "castle": 0.0033333333333333335, "courtyard": 0.006666666666666667, "church": 0.006666666666666667, "region": 0.0033333333333333335, "wall": 0.0033333333333333335, "temple": 0.0033333333333333335, "drive": 0.0033333333333333335, "streets": 0.0033333333333333335, "filled": 0.0033333333333333335, "homes": 0.0033333333333333335, "apartment": 0.0033333333333333335, "air": 0.006666666666666667, "conditioning,": 0.006666666666666667, "washing": 0.0033333333333333335, "machine": 0.0033333333333333335, "monastery": 0.0033333333333333335, "path": 0.0033333333333333335, "busy": 0.0033333333333333335, "internet,": 0.0033333333333333335, "ghost": 0.0033333333333333335, "east": 0.0033333333333333335, "mountain": 0.0033333333333333335, "range": 0.0033333333333333335}