{"car": 0.8060000000000006, "person": 0.3160000000000002, "truck": 0.17600000000000013, "sheep": 0.024000000000000007, "potted plant": 0.014, "microwave": 0.002, "bench": 0.012, "sports ball": 0.002, "train": 0.01, "bus": 0.034000000000000016, "backpack": 0.002, "horse": 0.014, "stop sign": 0.014, "boat": 0.008, "motorcycle": 0.032000000000000015, "surfboard": 0.004, "fire hydrant": 0.01, "umbrella": 0.020000000000000004, "toilet": 0.008, "skis": 0.002, "kite": 0.016, "chair": 0.008, "airplane": 0.008, "cow": 0.008, "zebra": 0.004, "parking meter": 0.004, "snowboard": 0.004, "giraffe": 0.002, "bird": 0.01, "suitcase": 0.016, "bicycle": 0.008, "clock": 0.004, "tv": 0.008, "refrigerator": 0.004, "dining table": 0.004, "traffic light": 0.004, "skateboard": 0.002, "cat": 0.002, "density": 1.626}