{"suitcase": 0.0033333333333333335, "truck": 0.14666666666666653, "car": 0.7399999999999988, "person": 0.3233333333333335, "horse": 0.023333333333333334, "bus": 0.04666666666666667, "umbrella": 0.006666666666666667, "airplane": 0.006666666666666667, "surfboard": 0.006666666666666667, "potted plant": 0.016666666666666666, "microwave": 0.0033333333333333335, "bicycle": 0.013333333333333334, "skateboard": 0.0033333333333333335, "sports ball": 0.0033333333333333335, "bench": 0.016666666666666666, "cow": 0.016666666666666666, "motorcycle": 0.03333333333333333, "parking meter": 0.0033333333333333335, "bird": 0.016666666666666666, "boat": 0.01, "giraffe": 0.0033333333333333335, "kite": 0.016666666666666666, "clock": 0.0033333333333333335, "snowboard": 0.0033333333333333335, "train": 0.016666666666666666, "fire hydrant": 0.0033333333333333335, "skis": 0.0033333333333333335, "tv": 0.006666666666666667, "stop sign": 0.006666666666666667, "zebra": 0.006666666666666667, "density": 3.2357142857142858}