{"car": 0.8750000000000007, "truck": 0.2050000000000001, "person": 0.4400000000000003, "bench": 0.025, "motorcycle": 0.06499999999999999, "bus": 0.045, "backpack": 0.01, "umbrella": 0.045, "cow": 0.01, "kite": 0.005, "boat": 0.01, "bicycle": 0.005, "fire hydrant": 0.005, "chair": 0.01, "clock": 0.005, "traffic light": 0.01, "suitcase": 0.025, "toilet": 0.005, "sheep": 0.05999999999999999, "skis": 0.005, "train": 0.01, "surfboard": 0.005, "refrigerator": 0.01, "tv": 0.015, "stop sign": 0.01, "parking meter": 0.005, "giraffe": 0.005, "horse": 0.005, "snowboard": 0.005, "airplane": 0.005, "bird": 0.015, "density": 1.955}