{"car": 0.8900000000000006, "potted plant": 0.05, "microwave": 0.01, "person": 0.2700000000000001, "frisbee": 0.01, "kite": 0.02, "truck": 0.19000000000000003, "train": 0.02, "bench": 0.02, "bus": 0.04, "surfboard": 0.01, "airplane": 0.02, "bird": 0.02, "toilet": 0.02, "clock": 0.01, "stop sign": 0.03, "umbrella": 0.03, "fire hydrant": 0.01, "parking meter": 0.01, "density": 1.68}