{"car": 0.8233333333333313, "person": 0.3200000000000001, "truck": 0.2033333333333331, "chair": 0.0033333333333333335, "clock": 0.0033333333333333335, "bus": 0.04666666666666667, "stop sign": 0.023333333333333334, "refrigerator": 0.006666666666666667, "tv": 0.006666666666666667, "kite": 0.016666666666666666, "potted plant": 0.023333333333333334, "microwave": 0.0033333333333333335, "boat": 0.006666666666666667, "parking meter": 0.006666666666666667, "motorcycle": 0.023333333333333334, "umbrella": 0.03333333333333333, "traffic light": 0.006666666666666667, "suitcase": 0.023333333333333334, "fire hydrant": 0.0033333333333333335, "surfboard": 0.006666666666666667, "sheep": 0.04, "bench": 0.013333333333333334, "toilet": 0.01, "train": 0.006666666666666667, "backpack": 0.0033333333333333335, "airplane": 0.01, "horse": 0.006666666666666667, "sports ball": 0.0033333333333333335, "bird": 0.006666666666666667, "bicycle": 0.0033333333333333335, "snowboard": 0.006666666666666667, "density": 1.7}