{"truck": 0.1600000000000001, "person": 0.3050000000000002, "car": 0.7699999999999946, "bus": 0.0425, "umbrella": 0.02, "suitcase": 0.0175, "tv": 0.005, "boat": 0.01, "bench": 0.01, "train": 0.01, "airplane": 0.01, "toilet": 0.01, "fire hydrant": 0.0075, "cow": 0.0075, "horse": 0.01, "zebra": 0.005, "snowboard": 0.005, "chair": 0.01, "stop sign": 0.0175, "bird": 0.0125, "kite": 0.0075, "surfboard": 0.005, "potted plant": 0.0175, "microwave": 0.0025, "bicycle": 0.005, "skateboard": 0.0025, "sports ball": 0.0025, "motorcycle": 0.0225, "bottle": 0.0025, "dining table": 0.005, "skis": 0.0025, "backpack": 0.0025, "cat": 0.0025, "refrigerator": 0.005, "sheep": 0.0025, "density": 1.5325}