{"person": 0.4966666666666679, "car": 0.40000000000000063, "bench": 0.04666666666666667, "chair": 0.1433333333333332, "truck": 0.12666666666666657, "stop sign": 0.02, "bottle": 0.006666666666666667, "train": 0.03666666666666667, "bus": 0.013333333333333334, "giraffe": 0.013333333333333334, "elephant": 0.01, "potted plant": 0.006666666666666667, "dining table": 0.01, "frisbee": 0.006666666666666667, "bicycle": 0.0033333333333333335, "motorcycle": 0.0033333333333333335, "bird": 0.02, "sheep": 0.006666666666666667, "toilet": 0.006666666666666667, "kite": 0.006666666666666667, "tv": 0.0033333333333333335, "airplane": 0.006666666666666667, "bed": 0.013333333333333334, "boat": 0.023333333333333334, "traffic light": 0.013333333333333334, "bear": 0.0033333333333333335, "couch": 0.006666666666666667, "cow": 0.013333333333333334, "dog": 0.0033333333333333335, "umbrella": 0.016666666666666666, "surfboard": 0.0033333333333333335, "zebra": 0.006666666666666667, "horse": 0.006666666666666667, "cell phone": 0.0033333333333333335, "backpack": 0.006666666666666667, "cake": 0.0033333333333333335, "tie": 0.0033333333333333335, "oven": 0.0033333333333333335, "sink": 0.0033333333333333335, "density": 1.5266666666666666}