{"trail": 0.01, "short": 0.013333333333333334, "walk": 0.013333333333333334, "from": 0.11333333333333333, "house": 0.15666666666666668, "road": 0.43666666666666665, "city": 0.17666666666666667, "view": 0.05, "top": 0.03333333333333333, "beach": 0.14333333333333334, "in": 0.17666666666666667, "good": 0.0033333333333333335, "condition": 0.0033333333333333335, "middle": 0.03333333333333333, "forest": 0.023333333333333334, "farm": 0.043333333333333335, "small": 0.05333333333333334, "town": 0.04, "car": 0.09, "driving": 0.02666666666666667, "through": 0.02666666666666667, "bush": 0.01, "jungle": 0.03333333333333333, "park": 0.07, "man": 0.03666666666666667, "was": 0.03, "shot": 0.006666666666666667, "killed": 0.0033333333333333335, "after": 0.006666666666666667, "he": 0.0033333333333333335, "ran": 0.006666666666666667, "off": 0.0033333333333333335, "dog": 0.0033333333333333335, "into": 0.0033333333333333335, "tent": 0.0033333333333333335, "woods": 0.0033333333333333335, "sun": 0.016666666666666666, "shines": 0.006666666666666667, "trees": 0.016666666666666666, "rock": 0.023333333333333334, "so": 0.016666666666666666, "big,": 0.0033333333333333335, "it's": 0.013333333333333334, "almost": 0.016666666666666666, "like": 0.01, "giant": 0.0033333333333333335, "tree": 0.03333333333333333, "property": 0.056666666666666664, "image": 0.03666666666666667, "#": 0.03666666666666667, "m": 0.016666666666666666, "center": 0.016666666666666666, "person": 0.016666666666666666, "landscape": 0.01, "very": 0.0033333333333333335, "dry": 0.006666666666666667, "sandy": 0.006666666666666667, "field": 0.03, "located": 0.07, "countryside": 0.016666666666666666, "tall": 0.0033333333333333335, "grass": 0.006666666666666667, "at": 0.016666666666666666, "building": 0.02, "outside": 0.01, "corn": 0.0033333333333333335, "ripe": 0.0033333333333333335, "lined": 0.0033333333333333335, "shrubs": 0.0033333333333333335, "garden": 0.01, "beautiful": 0.023333333333333334, "place": 0.013333333333333334, "visit": 0.006666666666666667, "large": 0.02666666666666667, "swimming": 0.016666666666666666, "pool": 0.016666666666666666, "entrance": 0.023333333333333334, "mountains": 0.03333333333333333, "old": 0.006666666666666667, "wall": 0.0033333333333333335, "bridge": 0.013333333333333334, "over": 0.02666666666666667, "river": 0.02, "walking": 0.01, "along": 0.006666666666666667, "dirt": 0.006666666666666667, "water": 0.01, "ruins": 0.013333333333333334, "ancient": 0.01, "wide": 0.0033333333333333335, "easy": 0.0033333333333333335, "follow": 0.0033333333333333335, "standing": 0.01, "on": 0.03333333333333333, "hill": 0.0033333333333333335, "rocks": 0.0033333333333333335, "beautiful,": 0.0033333333333333335, "they're": 0.0033333333333333335, "mirror": 0.0033333333333333335, "morning": 0.0033333333333333335, "path": 0.0033333333333333335, "temple": 0.013333333333333334, "spotted": 0.006666666666666667, "nowhere": 0.0033333333333333335, "dead": 0.0033333333333333335, "front": 0.006666666666666667, "neighborhood": 0.006666666666666667, "walks": 0.0033333333333333335, "past": 0.0033333333333333335, "village": 0.03333333333333333, "couple": 0.006666666666666667, "were": 0.006666666666666667, "seen": 0.0033333333333333335, "bank": 0.0033333333333333335, "meters": 0.0033333333333333335, "sunset": 0.006666666666666667, "heart": 0.02, "event": 0.0033333333333333335, "held": 0.0033333333333333335, "rises": 0.0033333333333333335, "set": 0.0033333333333333335, "acres": 0.0033333333333333335, "land": 0.0033333333333333335, "surrounded": 0.0033333333333333335, "banks": 0.0033333333333333335, "steep": 0.0033333333333333335, "waterfall": 0.006666666666666667, "aerial": 0.006666666666666667, "tower": 0.0033333333333333335, "bit": 0.0033333333333333335, "steep,": 0.0033333333333333335, "but": 0.0033333333333333335, "not": 0.0033333333333333335, "too": 0.0033333333333333335, "bad": 0.0033333333333333335, "dome": 0.0033333333333333335, "church": 0.006666666666666667, "airport": 0.013333333333333334, "movie": 0.0033333333333333335, "border": 0.0033333333333333335, "parking": 0.02666666666666667, "lot": 0.016666666666666666, "night": 0.0033333333333333335, "sky": 0.006666666666666667, "who": 0.0033333333333333335, "took": 0.0033333333333333335, "this": 0.016666666666666666, "down": 0.006666666666666667, "sign": 0.0033333333333333335, "back": 0.0033333333333333335, "deck": 0.0033333333333333335, "main": 0.0033333333333333335, "natural": 0.0033333333333333335, "world's": 0.0033333333333333335, "most": 0.0033333333333333335, "expensive": 0.0033333333333333335, "sale": 0.0033333333333333335, "wild": 0.0033333333333333335, "west": 0.0033333333333333335, "be": 0.0033333333333333335, "person,": 0.0033333333333333335, "found": 0.0033333333333333335, "log": 0.0033333333333333335, "home": 0.013333333333333334, "filled": 0.0033333333333333335, "rustic": 0.0033333333333333335, "charm": 0.0033333333333333335, "valley": 0.0033333333333333335, "quarry": 0.006666666666666667, "mix": 0.006666666666666667, "warm": 0.0033333333333333335, "setting": 0.0033333333333333335, "casts": 0.0033333333333333335, "shadow": 0.0033333333333333335, "area": 0.023333333333333334, "desert": 0.006666666666666667, "site": 0.01, "proposed": 0.0033333333333333335, "new": 0.0033333333333333335, "school": 0.0033333333333333335, "internet,": 0.01, "air": 0.01, "conditioning,": 0.01, "where": 0.006666666666666667, "born": 0.006666666666666667, "sets": 0.0033333333333333335, "big": 0.006666666666666667, "touching": 0.006666666666666667, "ground": 0.006666666666666667, "bottle": 0.0033333333333333335, "wine": 0.0033333333333333335, "modern": 0.0033333333333333335, "quiet": 0.0033333333333333335, "residential": 0.0033333333333333335, "reflection": 0.0033333333333333335, "clouds": 0.0033333333333333335, "driveway": 0.0033333333333333335, "parked": 0.006666666666666667, "former": 0.0033333333333333335, "restaurant": 0.0033333333333333335, "forced": 0.0033333333333333335, "leave": 0.0033333333333333335, "their": 0.0033333333333333335, "attack": 0.0033333333333333335, "formations": 0.0033333333333333335, "hotel": 0.0033333333333333335, "mountain": 0.006666666666666667, "ghost": 0.0033333333333333335, "east": 0.0033333333333333335, "range": 0.0033333333333333335, "first": 0.0033333333333333335, "settlement": 0.0033333333333333335, "lake": 0.0033333333333333335, "living": 0.0033333333333333335, "room": 0.0033333333333333335, "summer": 0.0033333333333333335, "day": 0.0033333333333333335, "i": 0.0033333333333333335, "head": 0.0033333333333333335, "neck": 0.0033333333333333335}