{"person": 0.47000000000000025, "umbrella": 0.02, "sheep": 0.01, "car": 0.38000000000000017, "boat": 0.03, "bus": 0.01, "stop sign": 0.01, "train": 0.03, "giraffe": 0.02, "chair": 0.20000000000000004, "tie": 0.01, "dining table": 0.02, "bear": 0.01, "bed": 0.01, "truck": 0.09999999999999999, "bottle": 0.01, "zebra": 0.02, "bench": 0.02, "frisbee": 0.01, "couch": 0.01, "potted plant": 0.01, "traffic light": 0.02, "density": 1.43}