{"man": 0.013333333333333334, "was": 0.056666666666666664, "seen": 0.006666666666666667, "driving": 0.03, "motorcycle": 0.0033333333333333335, "on": 0.016666666666666666, "road": 0.6866666666666666, "car": 0.10333333333333333, "house": 0.14, "beach": 0.12666666666666668, "park": 0.03333333333333333, "desert": 0.10666666666666667, "forest": 0.006666666666666667, "full": 0.0033333333333333335, "trees": 0.01, "spotted": 0.016666666666666666, "in": 0.09333333333333334, "middle": 0.04, "parked": 0.016666666666666666, "through": 0.04666666666666667, "city": 0.17666666666666667, "short": 0.01, "walk": 0.006666666666666667, "from": 0.02666666666666667, "small": 0.04666666666666667, "town": 0.04666666666666667, "couple": 0.0033333333333333335, "were": 0.0033333333333333335, "staying": 0.0033333333333333335, "at": 0.006666666666666667, "home": 0.013333333333333334, "person": 0.03, "farm": 0.09666666666666666, "river": 0.0033333333333333335, "so": 0.0033333333333333335, "wide": 0.0033333333333333335, "almost": 0.0033333333333333335, "invisible": 0.0033333333333333335, "eye": 0.0033333333333333335, "sign": 0.0033333333333333335, "found": 0.016666666666666666, "woods": 0.006666666666666667, "landscape": 0.013333333333333334, "region": 0.0033333333333333335, "highway": 0.0033333333333333335, "field": 0.006666666666666667, "located": 0.03, "village": 0.04, "property": 0.02, "popular": 0.013333333333333334, "street": 0.02, "tree": 0.023333333333333334, "tourist": 0.01, "destination": 0.01, "where": 0.016666666666666666, "born": 0.013333333333333334, "trip": 0.016666666666666666, "heart": 0.0033333333333333335, "nowhere": 0.006666666666666667, "airport": 0.013333333333333334, "drive": 0.006666666666666667, "mountains": 0.02, "temple": 0.06, "beautiful": 0.023333333333333334, "place": 0.02, "view": 0.006666666666666667, "top": 0.01, "main": 0.01, "person,": 0.0033333333333333335, "who": 0.0033333333333333335, "now": 0.0033333333333333335, "living": 0.0033333333333333335, "site": 0.006666666666666667, "proposed": 0.006666666666666667, "new": 0.006666666666666667, "school": 0.006666666666666667, "image": 0.013333333333333334, "#": 0.01, "countryside": 0.0033333333333333335, "large": 0.0033333333333333335, "swimming": 0.0033333333333333335, "pool": 0.0033333333333333335, "this": 0.01, "lined": 0.006666666666666667, "shrubs": 0.0033333333333333335, "border": 0.02, "m": 0.006666666666666667, "center": 0.006666666666666667, "internet,": 0.0033333333333333335, "air": 0.0033333333333333335, "conditioning,": 0.0033333333333333335, "parking": 0.01, "bit": 0.006666666666666667, "too": 0.006666666666666667, "big": 0.0033333333333333335, "for": 0.0033333333333333335, "my": 0.0033333333333333335, "liking": 0.0033333333333333335, "lot": 0.006666666666666667, "walks": 0.0033333333333333335, "down": 0.006666666666666667, "dirt": 0.0033333333333333335, "mixture": 0.006666666666666667, "dry": 0.01, "wet": 0.01, "truck": 0.006666666666666667, "bush": 0.0033333333333333335, "camp": 0.0033333333333333335, "visit": 0.01, "lived": 0.0033333333333333335, "market": 0.0033333333333333335, "garden": 0.0033333333333333335, "hotel": 0.0033333333333333335, "movie": 0.0033333333333333335, "rural": 0.0033333333333333335, "area": 0.0033333333333333335, "jungle": 0.013333333333333334, "suburb": 0.0033333333333333335, "trail": 0.0033333333333333335, "steep,": 0.0033333333333333335, "but": 0.0033333333333333335, "it's": 0.0033333333333333335, "not": 0.0033333333333333335, "bad": 0.0033333333333333335, "prairies": 0.0033333333333333335, "broken": 0.0033333333333333335, "passerby": 0.0033333333333333335, "mix": 0.0033333333333333335, "land": 0.0033333333333333335, "biological": 0.0033333333333333335, "species": 0.0033333333333333335, "native": 0.0033333333333333335, "plant": 0.0033333333333333335, "i": 0.0033333333333333335, "grew": 0.0033333333333333335, "up": 0.0033333333333333335, "walking": 0.0033333333333333335, "black": 0.0033333333333333335, "dog": 0.0033333333333333335, "neighborhood": 0.0033333333333333335}