{"car": 0.6100000000000003, "cow": 0.03, "person": 0.26000000000000006, "motorcycle": 0.08, "airplane": 0.04, "bird": 0.060000000000000005, "truck": 0.05, "dog": 0.02, "train": 0.02, "mouse": 0.01, "surfboard": 0.01, "bus": 0.01, "skateboard": 0.01, "bicycle": 0.01, "kite": 0.01, "bench": 0.03, "density": 1.26}