{"person": 0.49333333333333457, "skateboard": 0.01, "car": 0.5100000000000011, "bus": 0.013333333333333334, "motorcycle": 0.12333333333333323, "cow": 0.05, "giraffe": 0.013333333333333334, "truck": 0.09999999999999994, "bicycle": 0.013333333333333334, "airplane": 0.030000000000000002, "bird": 0.04666666666666667, "umbrella": 0.03333333333333333, "chair": 0.006666666666666667, "horse": 0.006666666666666667, "cell phone": 0.0033333333333333335, "mouse": 0.0033333333333333335, "surfboard": 0.01, "kite": 0.013333333333333334, "train": 0.006666666666666667, "dog": 0.006666666666666667, "clock": 0.0033333333333333335, "parking meter": 0.006666666666666667, "bench": 0.02, "sheep": 0.0033333333333333335, "bowl": 0.0033333333333333335, "potted plant": 0.0033333333333333335, "density": 1.5333333333333334}