{"road": 0.69, "mountains": 0.4266666666666667, "trip,": 0.006666666666666667, "car": 0.03666666666666667, "on": 0.023333333333333334, "roads": 0.006666666666666667, "landscape": 0.09333333333333334, "island": 0.006666666666666667, "top": 0.016666666666666666, "desert": 0.03333333333333333, "trip": 0.056666666666666664, "through": 0.06, "region": 0.06333333333333334, "city": 0.15666666666666668, "beautiful": 0.06, "place": 0.04, "drive": 0.016666666666666666, "parked": 0.01, "in": 0.08333333333333333, "middle": 0.03666666666666667, "mountain": 0.013333333333333334, "mix": 0.01, "natural": 0.006666666666666667, "man": 0.016666666666666666, "-": 0.0033333333333333335, "made": 0.0033333333333333335, "nowhere": 0.023333333333333334, "airport": 0.0033333333333333335, "beach": 0.03666666666666667, "house": 0.043333333333333335, "forest": 0.0033333333333333335, "distance": 0.016666666666666666, "countryside": 0.023333333333333334, "summit": 0.02, "small": 0.04666666666666667, "town": 0.043333333333333335, "visit": 0.03, "sea": 0.016666666666666666, "castle": 0.0033333333333333335, "farm": 0.02666666666666667, "sign": 0.0033333333333333335, "building": 0.0033333333333333335, "located": 0.02, "heart": 0.0033333333333333335, "view": 0.02666666666666667, "from": 0.023333333333333334, "ghost": 0.0033333333333333335, "east": 0.0033333333333333335, "range": 0.006666666666666667, "field": 0.01, "short": 0.01, "standing": 0.0033333333333333335, "park": 0.01, "site": 0.01, "original": 0.0033333333333333335, "mine": 0.0033333333333333335, "village": 0.02666666666666667, "manmade": 0.0033333333333333335, "i": 0.0033333333333333335, "drove": 0.0033333333333333335, "school": 0.0033333333333333335, "for": 0.0033333333333333335, "my": 0.0033333333333333335, "brother": 0.0033333333333333335, "at": 0.0033333333333333335, "map": 0.0033333333333333335, "area": 0.0033333333333333335, "person,": 0.0033333333333333335, "night": 0.006666666666666667, "sky": 0.006666666666666667, "over": 0.01, "foggy": 0.0033333333333333335, "native": 0.0033333333333333335, "exotic": 0.0033333333333333335, "plants": 0.0033333333333333335, "driving": 0.006666666666666667, "where": 0.006666666666666667, "person": 0.006666666666666667, "lived": 0.0033333333333333335, "her": 0.0033333333333333335, "parents": 0.0033333333333333335, "coast": 0.0033333333333333335, "parking": 0.0033333333333333335, "lot": 0.0033333333333333335, "national": 0.0033333333333333335, "front": 0.0033333333333333335, "lake": 0.006666666666666667, "sun": 0.0033333333333333335, "sets": 0.0033333333333333335, "wildflowers": 0.0033333333333333335, "was": 0.006666666666666667, "found": 0.0033333333333333335, "his": 0.0033333333333333335, "dog": 0.0033333333333333335, "remote": 0.0033333333333333335, "background": 0.0033333333333333335, "walk": 0.0033333333333333335, "highway": 0.0033333333333333335, "valley": 0.0033333333333333335, "lined": 0.0033333333333333335, "trees": 0.0033333333333333335, "filmed": 0.0033333333333333335, "walking": 0.0033333333333333335, "down": 0.0033333333333333335, "street": 0.0033333333333333335, "first": 0.0033333333333333335, "solar": 0.0033333333333333335}