{"car": 0.16333333333333316, "person": 0.08999999999999996, "boat": 0.02, "cow": 0.03333333333333333, "sheep": 0.02666666666666667, "zebra": 0.006666666666666667, "truck": 0.023333333333333334, "bench": 0.006666666666666667, "surfboard": 0.0033333333333333335, "horse": 0.006666666666666667, "airplane": 0.006666666666666667, "traffic light": 0.0033333333333333335, "fire hydrant": 0.0033333333333333335, "bird": 0.02, "kite": 0.01, "bus": 0.0033333333333333335, "train": 0.006666666666666667, "density": 0.43333333333333335}