{"boat": 0.060000000000000005, "car": 0.2700000000000001, "person": 0.05, "bird": 0.05, "truck": 0.04, "train": 0.01, "kite": 0.01, "density": 0.49}