{"chair": 0.01, "train": 0.03, "car": 0.13999999999999999, "bench": 0.01, "person": 0.060000000000000005, "stop sign": 0.01, "surfboard": 0.02, "truck": 0.07, "boat": 0.05, "bird": 0.03, "bus": 0.01, "umbrella": 0.01, "dog": 0.01, "cow": 0.04, "horse": 0.01, "parking meter": 0.01, "kite": 0.01, "airplane": 0.01, "density": 0.54}