{"person": 0.03, "standing": 0.03666666666666667, "next": 0.06, "motorcycle": 0.21333333333333335, "in": 0.24, "field": 0.33, "green": 0.4033333333333333, "pasture": 0.10666666666666667, "large": 0.14333333333333334, "hill": 0.02666666666666667, "behind": 0.02, "road": 0.58, "car": 0.2733333333333333, "van": 0.0033333333333333335, "on": 0.47, "herd": 0.14, "animals": 0.04, "background": 0.056666666666666664, "parked": 0.27666666666666667, "side": 0.18, "truck": 0.09666666666666666, "driving": 0.11, "down": 0.09333333333333334, "dirt": 0.07333333333333333, "sheep": 0.11, "grazing": 0.12, "lush": 0.05, "trees": 0.10333333333333333, "forest": 0.043333333333333335, "snow": 0.03, "ground": 0.0033333333333333335, "tree": 0.0033333333333333335, "cattle": 0.04666666666666667, "grass": 0.013333333333333334, "near": 0.02666666666666667, "blurry": 0.06, "computer": 0.006666666666666667, "keyboard": 0.006666666666666667, "mouse": 0.006666666666666667, "top": 0.03666666666666667, "traffic": 0.01, "light": 0.01, "couple": 0.023333333333333334, "motorcycles": 0.023333333333333334, "two": 0.023333333333333334, "front": 0.03333333333333333, "house": 0.02, "bunch": 0.0033333333333333335, "group": 0.013333333333333334, "boats": 0.0033333333333333335, "sitting": 0.02, "sandy": 0.0033333333333333335, "beach": 0.0033333333333333335, "some": 0.01, "building": 0.006666666666666667, "long": 0.006666666666666667, "mountain": 0.06, "boat": 0.006666666666666667, "water": 0.006666666666666667, "range": 0.0033333333333333335, "cows": 0.023333333333333334, "mountains": 0.0033333333333333335, "yellow": 0.0033333333333333335, "fire": 0.0033333333333333335, "hydrant": 0.0033333333333333335, "small": 0.013333333333333334, "farm": 0.006666666666666667, "yard": 0.0033333333333333335, "barn": 0.006666666666666667, "dog": 0.03, "trailer": 0.01, "graze": 0.0033333333333333335, "horse": 0.02666666666666667, "metal": 0.006666666666666667, "fence": 0.02, "middle": 0.02, "plane": 0.01, "desert": 0.0033333333333333335, "lot": 0.006666666666666667, "passing": 0.01, "street": 0.023333333333333334, "blue": 0.006666666666666667, "white": 0.006666666666666667, "wooden": 0.013333333333333334, "cars": 0.016666666666666666, "few": 0.006666666666666667, "pair": 0.0033333333333333335, "scissors": 0.0033333333333333335, "object": 0.0033333333333333335, "covered": 0.006666666666666667, "scene": 0.006666666666666667, "shed": 0.0033333333333333335, "series": 0.0033333333333333335, "pictures": 0.0033333333333333335, "showing": 0.0033333333333333335, "goats": 0.006666666666666667, "stone": 0.0033333333333333335, "wall": 0.0033333333333333335, "pile": 0.006666666666666667, "rocks": 0.006666666666666667, "highway": 0.0033333333333333335, "sign": 0.006666666666666667, "through": 0.01, "number": 0.0033333333333333335, "houses": 0.0033333333333333335, "bench": 0.01, "hillside": 0.006666666666666667, "trucks": 0.0033333333333333335, "train": 0.006666666666666667, "man": 0.0033333333333333335, "pier": 0.0033333333333333335, "riding": 0.01, "bush": 0.0033333333333333335, "narrow": 0.0033333333333333335, "cow": 0.0033333333333333335, "going": 0.0033333333333333335, "grassy": 0.0033333333333333335, "area": 0.0033333333333333335, "amount": 0.006666666666666667, "sea": 0.0033333333333333335, "animal": 0.0033333333333333335, "distance": 0.013333333333333334, "stop": 0.0033333333333333335, "slope": 0.0033333333333333335, "snowy": 0.0033333333333333335, "lights": 0.0033333333333333335, "body": 0.0033333333333333335, "hills": 0.0033333333333333335, "taking": 0.0033333333333333335, "flying": 0.0033333333333333335, "over": 0.0033333333333333335, "scooters": 0.0033333333333333335, "parking": 0.0033333333333333335, "black": 0.0033333333333333335, "woods": 0.0033333333333333335, "walking": 0.0033333333333333335, "park": 0.0033333333333333335, "silver": 0.0033333333333333335}