{"road": 0.7233333333333334, "mountains": 0.30666666666666664, "forest": 0.15, "full": 0.013333333333333334, "pine": 0.01, "trees": 0.02666666666666667, "field": 0.0033333333333333335, "wheat": 0.0033333333333333335, "in": 0.11666666666666667, "countryside": 0.023333333333333334, "very": 0.0033333333333333335, "large": 0.016666666666666666, "has": 0.0033333333333333335, "many": 0.0033333333333333335, "this": 0.013333333333333334, "house": 0.17666666666666667, "i": 0.01, "grew": 0.01, "up": 0.01, "city": 0.07666666666666666, "beautiful": 0.04, "place": 0.04, "visit": 0.02, "winter": 0.01, "sky": 0.006666666666666667, "blue": 0.0033333333333333335, "sun": 0.0033333333333333335, "orange": 0.0033333333333333335, "middle": 0.013333333333333334, "nowhere": 0.006666666666666667, "hotel": 0.006666666666666667, "view": 0.03333333333333333, "from": 0.07, "farm": 0.05, "beach": 0.043333333333333335, "village": 0.01, "castle": 0.023333333333333334, "boat": 0.006666666666666667, "seen": 0.0033333333333333335, "undated": 0.0033333333333333335, "image": 0.03333333333333333, "movie": 0.006666666666666667, "closed": 0.006666666666666667, "for": 0.013333333333333334, "weekend": 0.0033333333333333335, "property": 0.03333333333333333, "#": 0.03, "swimming": 0.013333333333333334, "pool": 0.013333333333333334, "small": 0.013333333333333334, "town": 0.01, "landscape": 0.016666666666666666, "region": 0.01, "located": 0.02, "lake": 0.013333333333333334, "detached": 0.006666666666666667, "holiday": 0.006666666666666667, "home": 0.01, "quiet": 0.006666666666666667, "location": 0.006666666666666667, "garden,": 0.006666666666666667, "at": 0.013333333333333334, "m": 0.013333333333333334, "where": 0.01, "person": 0.016666666666666666, "lived": 0.006666666666666667, "river": 0.0033333333333333335, "top": 0.006666666666666667, "trip,": 0.0033333333333333335, "car": 0.023333333333333334, "on": 0.006666666666666667, "roads": 0.0033333333333333335, "morning": 0.0033333333333333335, "lined": 0.01, "shrubs": 0.01, "was": 0.016666666666666666, "found": 0.013333333333333334, "tree": 0.01, "woods": 0.01, "kaleidoscope": 0.0033333333333333335, "colors": 0.0033333333333333335, "short": 0.006666666666666667, "distance": 0.0033333333333333335, "shore": 0.0033333333333333335, "moon": 0.006666666666666667, "cabin": 0.02, "rock": 0.006666666666666667, "wall": 0.0033333333333333335, "base": 0.0033333333333333335, "waterfall": 0.0033333333333333335, "church": 0.0033333333333333335, "person,": 0.0033333333333333335, "cave": 0.0033333333333333335, "sea": 0.006666666666666667, "fell": 0.0033333333333333335, "mix": 0.0033333333333333335, "natural": 0.006666666666666667, "man": 0.0033333333333333335, "-": 0.0033333333333333335, "made": 0.0033333333333333335, "trail": 0.006666666666666667, "bit": 0.006666666666666667, "steep,": 0.006666666666666667, "but": 0.006666666666666667, "not": 0.006666666666666667, "bad": 0.006666666666666667, "hike": 0.0033333333333333335, "park": 0.01, "walk": 0.0033333333333333335, "old": 0.0033333333333333335, "barn": 0.0033333333333333335, "center": 0.006666666666666667, "summer": 0.0033333333333333335, "country": 0.0033333333333333335, "unesco": 0.0033333333333333335, "world": 0.0033333333333333335, "heritage": 0.0033333333333333335, "site": 0.0033333333333333335, "internet,": 0.0033333333333333335, "pool,": 0.0033333333333333335, "washing": 0.0033333333333333335, "machine": 0.0033333333333333335, "airport": 0.0033333333333333335, "night": 0.0033333333333333335, "trip": 0.0033333333333333335, "through": 0.0033333333333333335, "couple": 0.0033333333333333335, "were": 0.0033333333333333335, "forced": 0.0033333333333333335, "move": 0.0033333333333333335, "out": 0.0033333333333333335, "their": 0.0033333333333333335, "after": 0.0033333333333333335, "attack": 0.0033333333333333335, "parking": 0.006666666666666667, "lot": 0.006666666666666667, "ski": 0.0033333333333333335, "resort": 0.0033333333333333335, "parked": 0.0033333333333333335, "mountain": 0.0033333333333333335, "phenomenon": 0.0033333333333333335, "our": 0.0033333333333333335, "room": 0.0033333333333333335, "spend": 0.006666666666666667, "day": 0.01, "foggy": 0.0033333333333333335, "valley": 0.0033333333333333335, "light": 0.0033333333333333335}