{"car": 0.11333333333333324, "train": 0.02666666666666667, "person": 0.07666666666666665, "boat": 0.02666666666666667, "kite": 0.01, "sports ball": 0.006666666666666667, "cow": 0.02666666666666667, "horse": 0.0033333333333333335, "airplane": 0.01, "truck": 0.03333333333333333, "motorcycle": 0.0033333333333333335, "frisbee": 0.0033333333333333335, "parking meter": 0.0033333333333333335, "giraffe": 0.0033333333333333335, "bench": 0.02, "umbrella": 0.0033333333333333335, "surfboard": 0.006666666666666667, "dog": 0.0033333333333333335, "sheep": 0.04, "bird": 0.013333333333333334, "bus": 0.0033333333333333335, "stop sign": 0.006666666666666667, "chair": 0.0033333333333333335, "skis": 0.0033333333333333335, "density": 0.45}