{"road": 0.5666666666666667, "mountain": 0.0033333333333333335, "house": 0.3933333333333333, "in": 0.18666666666666668, "countryside": 0.05333333333333334, "wall": 0.006666666666666667, "castle": 0.08333333333333333, "forest": 0.06, "trees": 0.04, "mountains": 0.06666666666666667, "where": 0.03, "person": 0.04, "lived": 0.023333333333333334, "farm": 0.15, "located": 0.043333333333333335, "region": 0.006666666666666667, "city": 0.06666666666666667, "winter": 0.0033333333333333335, "property": 0.12333333333333334, "image": 0.08666666666666667, "#": 0.08666666666666667, "country": 0.02, "m": 0.03, "from": 0.09, "center": 0.03333333333333333, "internet,": 0.023333333333333334, "pool,": 0.013333333333333334, "terrace": 0.01, "tree": 0.023333333333333334, "middle": 0.016666666666666666, "park": 0.02, "beautiful": 0.043333333333333335, "place": 0.03333333333333333, "visit": 0.03, "lined": 0.0033333333333333335, "air": 0.01, "conditioning,": 0.01, "parking": 0.01, "beach": 0.03666666666666667, "couple": 0.006666666666666667, "were": 0.006666666666666667, "found": 0.01, "garden": 0.013333333333333334, "large": 0.03, "swimming": 0.03333333333333333, "pool": 0.03333333333333333, "corn": 0.013333333333333334, "field": 0.02, "fall": 0.0033333333333333335, "was": 0.023333333333333334, "closed": 0.006666666666666667, "for": 0.023333333333333334, "day": 0.0033333333333333335, "detached": 0.0033333333333333335, "holiday": 0.0033333333333333335, "home": 0.016666666666666666, "quiet": 0.0033333333333333335, "location": 0.0033333333333333335, "garden,": 0.0033333333333333335, "at": 0.01, "outside": 0.006666666666666667, "view": 0.043333333333333335, "landscape": 0.0033333333333333335, "full": 0.016666666666666666, "apartment": 0.01, "building": 0.0033333333333333335, "heart": 0.013333333333333334, "car": 0.023333333333333334, "main": 0.0033333333333333335, "street": 0.0033333333333333335, "village": 0.02666666666666667, "area": 0.006666666666666667, "river": 0.006666666666666667, "runs": 0.0033333333333333335, "through": 0.01, "sale": 0.013333333333333334, "his": 0.01, "mother": 0.0033333333333333335, "drive": 0.0033333333333333335, "square": 0.006666666666666667, "meters,": 0.0033333333333333335, "on": 0.013333333333333334, "plot": 0.0033333333333333335, "meters": 0.0033333333333333335, "church": 0.0033333333333333335, "woods": 0.01, "parents": 0.006666666666666667, "animals": 0.006666666666666667, "so": 0.0033333333333333335, "unesco": 0.0033333333333333335, "world": 0.0033333333333333335, "heritage": 0.0033333333333333335, "site": 0.006666666666666667, "washing": 0.0033333333333333335, "machine": 0.0033333333333333335, "driving": 0.01, "born": 0.0033333333333333335, "movie": 0.01, "trail": 0.006666666666666667, "bit": 0.0033333333333333335, "muddy,": 0.0033333333333333335, "but": 0.0033333333333333335, "it's": 0.0033333333333333335, "still": 0.0033333333333333335, "pretty": 0.0033333333333333335, "original": 0.0033333333333333335, "family": 0.0033333333333333335, "small": 0.0033333333333333335, "weekend": 0.0033333333333333335, "top": 0.01, "hill": 0.006666666666666667, "person,": 0.0033333333333333335, "who": 0.0033333333333333335, "now": 0.0033333333333333335, "living": 0.0033333333333333335, "yard": 0.0033333333333333335, "market": 0.0033333333333333335, "\u00a3": 0.0033333333333333335, "1": 0.0033333333333333335, "good": 0.006666666666666667, "condition": 0.006666666666666667, "tunnel": 0.0033333333333333335, "long": 0.0033333333333333335, "way": 0.0033333333333333335, "variety": 0.0033333333333333335, "species": 0.0033333333333333335, "villa": 0.0033333333333333335, "olive": 0.0033333333333333335, "lavender": 0.0033333333333333335, "entrance": 0.0033333333333333335, "neighborhood": 0.006666666666666667, "near": 0.0033333333333333335, "man": 0.0033333333333333335, "spotted": 0.0033333333333333335, "walking": 0.0033333333333333335, "i": 0.0033333333333333335, "grew": 0.0033333333333333335, "up": 0.0033333333333333335, "very": 0.006666666666666667, "steep": 0.0033333333333333335, "narrow": 0.0033333333333333335, "farmer's": 0.0033333333333333335, "forced": 0.0033333333333333335, "leave": 0.0033333333333333335, "their": 0.0033333333333333335, "after": 0.0033333333333333335, "attack": 0.0033333333333333335, "bridge": 0.0033333333333333335, "over": 0.0033333333333333335, "driveway": 0.006666666666666667, "sign": 0.0033333333333333335, "airport": 0.0033333333333333335, "stolen": 0.0033333333333333335, "attacked": 0.0033333333333333335, "end": 0.0033333333333333335, "old": 0.006666666666666667, "19th": 0.006666666666666667, "century,": 0.006666666666666667, "completely": 0.006666666666666667, "renovated": 0.006666666666666667}