{"stop sign": 0.01, "train": 0.02, "bench": 0.06333333333333334, "person": 0.03333333333333333, "potted plant": 0.02, "car": 0.16333333333333316, "zebra": 0.01, "boat": 0.006666666666666667, "sheep": 0.006666666666666667, "cow": 0.006666666666666667, "toilet": 0.013333333333333334, "truck": 0.030000000000000002, "motorcycle": 0.0033333333333333335, "clock": 0.0033333333333333335, "horse": 0.0033333333333333335, "kite": 0.0033333333333333335, "scissors": 0.0033333333333333335, "chair": 0.0033333333333333335, "frisbee": 0.01, "surfboard": 0.0033333333333333335, "umbrella": 0.006666666666666667, "elephant": 0.0033333333333333335, "density": 0.4266666666666667}