{"large": 0.09666666666666666, "building": 0.03, "motorcycle": 0.31, "parked": 0.32666666666666666, "in": 0.29, "front": 0.03666666666666667, "road": 0.3933333333333333, "some": 0.013333333333333334, "trees": 0.12666666666666668, "car": 0.18666666666666668, "on": 0.37666666666666665, "dirt": 0.056666666666666664, "green": 0.4666666666666667, "field": 0.37666666666666665, "side": 0.12333333333333334, "driving": 0.11, "down": 0.10333333333333333, "herd": 0.13333333333333333, "animals": 0.10333333333333333, "grazing": 0.13666666666666666, "lush": 0.09333333333333334, "metal": 0.006666666666666667, "bench": 0.04666666666666667, "sitting": 0.023333333333333334, "next": 0.1, "forest": 0.08, "truck": 0.04, "blurry": 0.03, "bushes": 0.01, "street": 0.08333333333333333, "cows": 0.03333333333333333, "pasture": 0.13666666666666666, "train": 0.01, "passing": 0.01, "rocky": 0.0033333333333333335, "trail": 0.0033333333333333335, "group": 0.03666666666666667, "two": 0.013333333333333334, "near": 0.023333333333333334, "sheep": 0.08333333333333333, "couple": 0.043333333333333335, "cars": 0.03666666666666667, "fire": 0.006666666666666667, "hydrant": 0.006666666666666667, "middle": 0.02666666666666667, "past": 0.0033333333333333335, "cattle": 0.05, "standing": 0.07666666666666666, "top": 0.056666666666666664, "person": 0.04666666666666667, "dog": 0.023333333333333334, "farm": 0.006666666666666667, "few": 0.0033333333333333335, "river": 0.006666666666666667, "running": 0.0033333333333333335, "through": 0.01, "stop": 0.013333333333333334, "sign": 0.02, "wooden": 0.006666666666666667, "hillside": 0.013333333333333334, "motorcycles": 0.03, "grassy": 0.006666666666666667, "area": 0.0033333333333333335, "elephants": 0.0033333333333333335, "walking": 0.006666666666666667, "tree": 0.016666666666666666, "house": 0.03, "grass": 0.043333333333333335, "zebras": 0.0033333333333333335, "background": 0.02, "fence": 0.02666666666666667, "bunch": 0.0033333333333333335, "body": 0.0033333333333333335, "water": 0.0033333333333333335, "houses": 0.0033333333333333335, "traffic": 0.0033333333333333335, "light": 0.0033333333333333335, "mountains": 0.0033333333333333335, "yard": 0.0033333333333333335, "covered": 0.0033333333333333335, "hill": 0.006666666666666667, "lined": 0.006666666666666667, "distance": 0.01, "sunny": 0.0033333333333333335, "day": 0.0033333333333333335, "paved": 0.0033333333333333335, "outside": 0.0033333333333333335, "horse": 0.02, "woods": 0.0033333333333333335, "tractor": 0.01, "window": 0.0033333333333333335, "white": 0.01, "behind": 0.0033333333333333335, "taking": 0.006666666666666667, "small": 0.01, "town": 0.006666666666666667, "both": 0.0033333333333333335, "sides": 0.0033333333333333335, "highway": 0.01, "going": 0.006666666666666667, "reads": 0.0033333333333333335, "\"cars": 0.0033333333333333335, "hill\"": 0.0033333333333333335, "": 0.17666666666666667, "motor": 0.0033333333333333335, "bike": 0.0033333333333333335, "bridge": 0.01, "over": 0.006666666666666667, "arrow": 0.006666666666666667, "pointing": 0.0033333333333333335, "right": 0.0033333333333333335, "parking": 0.006666666666666667, "lot": 0.006666666666666667, "man": 0.0033333333333333335, "people": 0.013333333333333334, "barn": 0.0033333333333333335, "zoo": 0.0033333333333333335, "under": 0.0033333333333333335, "view": 0.0033333333333333335, "number": 0.0033333333333333335, "tracks": 0.0033333333333333335, "sandy": 0.0033333333333333335, "beach": 0.0033333333333333335, "scene": 0.006666666666666667, "van": 0.0033333333333333335, "very": 0.0033333333333333335, "nice": 0.0033333333333333335, "looking": 0.0033333333333333335, "three": 0.0033333333333333335, "each": 0.0033333333333333335, "other": 0.0033333333333333335, "image": 0.0033333333333333335, "tunnel": 0.0033333333333333335, "yellow": 0.0033333333333333335, "animal": 0.0033333333333333335}