{"sheep": 0.006666666666666667, "car": 1.0866666666666647, "person": 0.11333333333333324, "umbrella": 0.03666666666666667, "bench": 0.013333333333333334, "truck": 0.11666666666666657, "train": 0.023333333333333334, "stop sign": 0.013333333333333334, "bus": 0.02, "motorcycle": 0.0033333333333333335, "parking meter": 0.0033333333333333335, "boat": 0.04, "potted plant": 0.013333333333333334, "traffic light": 0.030000000000000002, "backpack": 0.006666666666666667, "handbag": 0.0033333333333333335, "airplane": 0.0033333333333333335, "surfboard": 0.02666666666666667, "kite": 0.01, "chair": 0.006666666666666667, "scissors": 0.0033333333333333335, "horse": 0.0033333333333333335, "cow": 0.006666666666666667, "bicycle": 0.0033333333333333335, "fire hydrant": 0.006666666666666667, "suitcase": 0.0033333333333333335, "frisbee": 0.0033333333333333335, "bird": 0.0033333333333333335, "density": 1.61}