{"man": 0.006666666666666667, "standing": 0.03, "in": 0.21666666666666667, "field": 0.14333333333333334, "dog": 0.02, "large": 0.07333333333333333, "house": 0.02666666666666667, "motorcycle": 0.32666666666666666, "parked": 0.38666666666666666, "front": 0.05333333333333334, "car": 0.29, "driving": 0.12333333333333334, "down": 0.12333333333333334, "road": 0.4633333333333333, "near": 0.043333333333333335, "herd": 0.15666666666666668, "elephants": 0.006666666666666667, "street": 0.23666666666666666, "on": 0.49666666666666665, "side": 0.2633333333333333, "cars": 0.06333333333333334, "person": 0.016666666666666666, "beach": 0.006666666666666667, "next": 0.10666666666666667, "pile": 0.0033333333333333335, "rocks": 0.0033333333333333335, "animals": 0.09666666666666666, "blurry": 0.09333333333333334, "dirt": 0.1, "truck": 0.07333333333333333, "green": 0.21, "pasture": 0.056666666666666664, "sheep": 0.07, "grazing": 0.043333333333333335, "lush": 0.03666666666666667, "hillside": 0.016666666666666666, "horse": 0.02, "forest": 0.04, "lot": 0.016666666666666666, "sign": 0.07, "sitting": 0.03333333333333333, "couple": 0.016666666666666666, "top": 0.023333333333333334, "grassy": 0.02, "area": 0.013333333333333334, "trees": 0.06666666666666667, "fire": 0.023333333333333334, "hydrant": 0.023333333333333334, "foreground": 0.01, "some": 0.023333333333333334, "stop": 0.03, "building": 0.03333333333333333, "farm": 0.006666666666666667, "cows": 0.03, "image": 0.0033333333333333335, "middle": 0.013333333333333334, "back": 0.006666666666666667, "bunch": 0.01, "motorcycles": 0.013333333333333334, "cat": 0.01, "sidewalk": 0.0033333333333333335, "bus": 0.0033333333333333335, "body": 0.016666666666666666, "water": 0.02, "mountain": 0.01, "background": 0.023333333333333334, "trucks": 0.0033333333333333335, "highway": 0.0033333333333333335, "cattle": 0.016666666666666666, "boat": 0.02, "floating": 0.0033333333333333335, "ocean": 0.013333333333333334, "fence": 0.03, "chain": 0.0033333333333333335, "link": 0.0033333333333333335, "around": 0.0033333333333333335, "narrow": 0.006666666666666667, "scene": 0.013333333333333334, "reads": 0.016666666666666666, "\"hurry\"": 0.0033333333333333335, "grass": 0.013333333333333334, "metal": 0.01, "white": 0.016666666666666666, "tree": 0.03333333333333333, "\"the": 0.0033333333333333335, "paved\"": 0.0033333333333333335, "": 0.7266666666666667, "parking": 0.006666666666666667, "\"nunavut\"": 0.0033333333333333335, "past": 0.0033333333333333335, "driveway": 0.0033333333333333335, "red": 0.006666666666666667, "\"nokia\"": 0.0033333333333333335, "vintage": 0.013333333333333334, "stone": 0.0033333333333333335, "tunnel": 0.0033333333333333335, "path": 0.01, "walking": 0.006666666666666667, "wooden": 0.0033333333333333335, "black": 0.0033333333333333335, "traffic": 0.0033333333333333335, "light": 0.0033333333333333335, "cow": 0.0033333333333333335, "park": 0.0033333333333333335, "\"blurry": 0.0033333333333333335, "fiction\"": 0.0033333333333333335, "small": 0.0033333333333333335, "blue": 0.01, "group": 0.0033333333333333335, "van": 0.006666666666666667, "trailer": 0.0033333333333333335, "bushes": 0.0033333333333333335, "bench": 0.0033333333333333335, "passing": 0.0033333333333333335, "train": 0.0033333333333333335, "gas": 0.0033333333333333335, "station": 0.0033333333333333335, "each": 0.0033333333333333335, "other": 0.0033333333333333335, "covered": 0.0033333333333333335, "filled": 0.0033333333333333335, "very": 0.0033333333333333335, "long": 0.0033333333333333335, "woods": 0.0033333333333333335, "amount": 0.0033333333333333335, "weeds": 0.0033333333333333335, "rocky": 0.0033333333333333335, "cliff": 0.0033333333333333335, "hill": 0.0033333333333333335, "buildings": 0.0033333333333333335, "pole": 0.0033333333333333335, "bridge": 0.0033333333333333335, "through": 0.0033333333333333335}