{"car": 0.8700000000000006, "surfboard": 0.05, "suitcase": 0.01, "traffic light": 0.03, "bus": 0.02, "person": 0.09999999999999999, "truck": 0.16, "backpack": 0.01, "boat": 0.03, "bench": 0.03, "umbrella": 0.01, "stop sign": 0.01, "train": 0.02, "cow": 0.01, "density": 1.36}