{"potted plant": 0.04, "person": 0.07666666666666665, "car": 0.4466666666666676, "bench": 0.03333333333333333, "bus": 0.01, "truck": 0.09333333333333328, "kite": 0.006666666666666667, "train": 0.030000000000000002, "fire hydrant": 0.0033333333333333335, "motorcycle": 0.006666666666666667, "sheep": 0.016666666666666666, "sports ball": 0.0033333333333333335, "parking meter": 0.0033333333333333335, "frisbee": 0.0033333333333333335, "cow": 0.01, "boat": 0.006666666666666667, "stop sign": 0.01, "traffic light": 0.0033333333333333335, "giraffe": 0.01, "bird": 0.030000000000000002, "horse": 0.0033333333333333335, "airplane": 0.0033333333333333335, "surfboard": 0.0033333333333333335, "umbrella": 0.006666666666666667, "density": 0.86}