{"potted plant": 0.02, "truck": 0.09999999999999999, "train": 0.02, "person": 0.08, "bench": 0.03, "car": 0.4100000000000002, "sheep": 0.05, "cow": 0.01, "surfboard": 0.01, "boat": 0.02, "stop sign": 0.01, "bird": 0.02, "density": 0.78}