{"street": 0.17666666666666667, "bunch": 0.02666666666666667, "houses": 0.006666666666666667, "trees": 0.08666666666666667, "fence": 0.03666666666666667, "herd": 0.2, "animals": 0.12, "green": 0.3233333333333333, "sign": 0.04, "sitting": 0.023333333333333334, "on": 0.36666666666666664, "side": 0.14, "road": 0.4266666666666667, "truck": 0.03666666666666667, "parked": 0.26666666666666666, "car": 0.31, "driving": 0.19, "down": 0.19, "dirt": 0.056666666666666664, "van": 0.013333333333333334, "stop": 0.01, "cattle": 0.07666666666666666, "grazing": 0.13333333333333333, "lush": 0.06666666666666667, "field": 0.25666666666666665, "pasture": 0.08333333333333333, "motorcycle": 0.29333333333333333, "in": 0.23, "front": 0.08, "large": 0.11666666666666667, "white": 0.04, "building": 0.09666666666666666, "dog": 0.013333333333333334, "top": 0.016666666666666666, "line": 0.0033333333333333335, "motorcycles": 0.023333333333333334, "sheep": 0.09, "goats": 0.006666666666666667, "some": 0.04, "grass": 0.02, "hill": 0.023333333333333334, "behind": 0.01, "scene": 0.013333333333333334, "cars": 0.07666666666666666, "cows": 0.07, "mountain": 0.016666666666666666, "cats": 0.0033333333333333335, "standing": 0.016666666666666666, "past": 0.03333333333333333, "person": 0.016666666666666666, "riding": 0.0033333333333333335, "scooter": 0.0033333333333333335, "through": 0.0033333333333333335, "vehicle": 0.0033333333333333335, "next": 0.08, "couple": 0.02, "benches": 0.0033333333333333335, "forest": 0.02666666666666667, "train": 0.006666666666666667, "tracks": 0.0033333333333333335, "near": 0.03, "group": 0.013333333333333334, "farm": 0.016666666666666666, "background": 0.023333333333333334, "blurry": 0.06666666666666667, "parking": 0.006666666666666667, "lot": 0.01, "yellow": 0.01, "highway": 0.006666666666666667, "cones": 0.0033333333333333335, "city": 0.006666666666666667, "woods": 0.0033333333333333335, "grassy": 0.0033333333333333335, "view": 0.0033333333333333335, "tree": 0.0033333333333333335, "tractor": 0.006666666666666667, "trailer": 0.006666666666666667, "hills": 0.0033333333333333335, "filled": 0.0033333333333333335, "blue": 0.02666666666666667, "hillside": 0.013333333333333334, "small": 0.01, "town": 0.0033333333333333335, "bushes": 0.0033333333333333335, "park": 0.0033333333333333335, "house": 0.006666666666666667, "pink": 0.0033333333333333335, "driveway": 0.0033333333333333335, "horse": 0.013333333333333334, "painted": 0.0033333333333333335, "window": 0.0033333333333333335, "bicycles": 0.0033333333333333335, "reads": 0.006666666666666667, "\"nathans\"": 0.0033333333333333335, "taking": 0.006666666666666667, "sky": 0.0033333333333333335, "passing": 0.0033333333333333335, "lake": 0.0033333333333333335, "two": 0.0033333333333333335, "graze": 0.0033333333333333335, "church": 0.0033333333333333335, "focus": 0.0033333333333333335, "middle": 0.0033333333333333335, "\"mountainbike\"": 0.0033333333333333335, "arrow": 0.0033333333333333335, "wooded": 0.0033333333333333335, "area": 0.0033333333333333335, "number": 0.0033333333333333335, "trucks": 0.0033333333333333335, "flying": 0.0033333333333333335, "kite": 0.0033333333333333335}