{"house": 0.37666666666666665, "where": 0.07666666666666666, "person": 0.06333333333333334, "lived": 0.056666666666666664, "his": 0.03, "parents": 0.023333333333333334, "view": 0.03333333333333333, "from": 0.05, "back": 0.0033333333333333335, "property": 0.03, "road": 0.64, "castle": 0.12, "farm": 0.07666666666666666, "in": 0.16666666666666666, "village": 0.03666666666666667, "mountains": 0.08, "couple": 0.0033333333333333335, "were": 0.0033333333333333335, "seen": 0.0033333333333333335, "walking": 0.0033333333333333335, "down": 0.0033333333333333335, "street": 0.01, "church": 0.0033333333333333335, "forest": 0.03666666666666667, "car": 0.05, "park": 0.03, "at": 0.006666666666666667, "image": 0.016666666666666666, "#": 0.016666666666666666, "countryside": 0.02666666666666667, "large": 0.02, "swimming": 0.016666666666666666, "pool": 0.016666666666666666, "was": 0.04666666666666667, "found": 0.03, "middle": 0.03666666666666667, "field": 0.006666666666666667, "located": 0.06666666666666667, "temple": 0.006666666666666667, "city": 0.08666666666666667, "set": 0.0033333333333333335, "acres": 0.0033333333333333335, "land": 0.0033333333333333335, "building": 0.023333333333333334, "hotel": 0.03, "beach": 0.03666666666666667, "place": 0.016666666666666666, "i'm": 0.0033333333333333335, "going": 0.0033333333333333335, "live": 0.0033333333333333335, "garden": 0.02, "tree": 0.02, "yard": 0.0033333333333333335, "beautiful": 0.016666666666666666, "parking": 0.006666666666666667, "lot": 0.006666666666666667, "man": 0.006666666666666667, "mother": 0.006666666666666667, "center": 0.0033333333333333335, "path": 0.006666666666666667, "short": 0.0033333333333333335, "walk": 0.0033333333333333335, "small": 0.023333333333333334, "killer": 0.0033333333333333335, "shot": 0.0033333333333333335, "trees": 0.023333333333333334, "full": 0.006666666666666667, "bloom": 0.006666666666666667, "town": 0.02, "future": 0.006666666666666667, "spotted": 0.006666666666666667, "top": 0.006666666666666667, "closed": 0.013333333333333334, "for": 0.01, "weekend": 0.006666666666666667, "day": 0.0033333333333333335, "lined": 0.01, "fields": 0.0033333333333333335, "area": 0.006666666666666667, "apartment": 0.0033333333333333335, "rental": 0.0033333333333333335, "-": 0.0033333333333333335, "driveway": 0.0033333333333333335, "neighborhood": 0.013333333333333334, "girl": 0.0033333333333333335, "fence": 0.0033333333333333335, "around": 0.0033333333333333335, "movie": 0.0033333333333333335, "hill": 0.0033333333333333335, "traffic": 0.0033333333333333335, "stolen": 0.0033333333333333335, "home": 0.006666666666666667, "family": 0.0033333333333333335, "villa": 0.006666666666666667, "arrested": 0.0033333333333333335, "after": 0.0033333333333333335, "he": 0.0033333333333333335, "reportedly": 0.0033333333333333335, "ran": 0.0033333333333333335, "over": 0.0033333333333333335, "woods": 0.0033333333333333335, "parked": 0.0033333333333333335, "summer": 0.0033333333333333335, "site": 0.0033333333333333335, "proposed": 0.0033333333333333335, "new": 0.0033333333333333335, "trip,": 0.0033333333333333335, "on": 0.006666666666666667, "roads": 0.0033333333333333335, "visit": 0.0033333333333333335, "person,": 0.0033333333333333335, "who": 0.0033333333333333335, "now": 0.0033333333333333335, "living": 0.0033333333333333335}