{"person": 1.1700000000000008, "bench": 0.09, "truck": 0.09, "bird": 0.03, "kite": 0.02, "boat": 0.060000000000000005, "bus": 0.03, "bicycle": 0.12999999999999998, "backpack": 0.060000000000000005, "car": 0.18000000000000002, "handbag": 0.04, "motorcycle": 0.02, "dining table": 0.01, "potted plant": 0.04, "bottle": 0.02, "cow": 0.02, "giraffe": 0.01, "chair": 0.01, "surfboard": 0.04, "skateboard": 0.07, "horse": 0.02, "umbrella": 0.01, "sheep": 0.02, "fire hydrant": 0.01, "frisbee": 0.01, "density": 2.21}