{"person": 1.0866666666666647, "bicycle": 0.09333333333333328, "bench": 0.07666666666666665, "truck": 0.0833333333333333, "chair": 0.02, "car": 0.1566666666666665, "bus": 0.016666666666666666, "bird": 0.07999999999999997, "sheep": 0.01, "backpack": 0.060000000000000005, "surfboard": 0.03666666666666667, "bottle": 0.02666666666666667, "skateboard": 0.043333333333333335, "potted plant": 0.013333333333333334, "bed": 0.0033333333333333335, "dog": 0.0033333333333333335, "motorcycle": 0.02, "cow": 0.01, "fire hydrant": 0.006666666666666667, "handbag": 0.02666666666666667, "horse": 0.023333333333333334, "bear": 0.0033333333333333335, "boat": 0.05666666666666667, "kite": 0.02, "giraffe": 0.01, "umbrella": 0.02, "elephant": 0.023333333333333334, "dining table": 0.0033333333333333335, "frisbee": 0.0033333333333333335, "density": 2.0366666666666666}