{"car": 1.1500000000000008, "truck": 0.09999999999999999, "kite": 0.01, "person": 0.10999999999999999, "bench": 0.04, "frisbee": 0.01, "potted plant": 0.01, "motorcycle": 0.01, "clock": 0.01, "bus": 0.01, "cow": 0.02, "stop sign": 0.01, "traffic light": 0.01, "density": 1.5}