{"car": 0.9680000000000007, "elephant": 0.006, "chair": 0.004, "truck": 0.11200000000000009, "bench": 0.03800000000000002, "train": 0.014, "person": 0.10000000000000007, "stop sign": 0.02600000000000001, "cow": 0.01, "umbrella": 0.004, "sports ball": 0.004, "sheep": 0.01, "bus": 0.012, "kite": 0.012, "traffic light": 0.01, "motorcycle": 0.006, "airplane": 0.006, "tie": 0.002, "fire hydrant": 0.01, "potted plant": 0.004, "skateboard": 0.002, "zebra": 0.002, "frisbee": 0.002, "boat": 0.018000000000000002, "bird": 0.002, "clock": 0.002, "bottle": 0.002, "density": 1.388}