{"car": 1.0533333333333306, "truck": 0.13333333333333322, "person": 0.12666666666666657, "bench": 0.030000000000000002, "kite": 0.013333333333333334, "traffic light": 0.013333333333333334, "fire hydrant": 0.006666666666666667, "potted plant": 0.006666666666666667, "skateboard": 0.0033333333333333335, "stop sign": 0.016666666666666666, "boat": 0.030000000000000002, "bus": 0.006666666666666667, "bottle": 0.0033333333333333335, "tie": 0.0033333333333333335, "umbrella": 0.0033333333333333335, "airplane": 0.006666666666666667, "motorcycle": 0.01, "cow": 0.006666666666666667, "zebra": 0.0033333333333333335, "train": 0.01, "density": 3.303703703703704}