{"car": 1.0299999999999891, "truck": 0.13000000000000006, "potted plant": 0.005, "bird": 0.0025, "zebra": 0.0025, "person": 0.10500000000000005, "stop sign": 0.024999999999999998, "train": 0.0175, "bench": 0.032499999999999994, "chair": 0.005, "bus": 0.015000000000000001, "umbrella": 0.005, "fire hydrant": 0.01, "elephant": 0.0075, "boat": 0.0225, "cow": 0.005, "motorcycle": 0.0075, "kite": 0.015000000000000001, "skateboard": 0.0025, "traffic light": 0.01, "clock": 0.0025, "bottle": 0.0025, "sports ball": 0.005, "airplane": 0.0075, "tie": 0.0025, "sheep": 0.0125, "density": 1.4875}