{"car": 0.8799999999999973, "truck": 0.09333333333333328, "fire hydrant": 0.016666666666666666, "traffic light": 0.013333333333333334, "bench": 0.03666666666666667, "person": 0.07666666666666665, "train": 0.016666666666666666, "sports ball": 0.006666666666666667, "sheep": 0.006666666666666667, "bus": 0.02, "stop sign": 0.023333333333333334, "boat": 0.030000000000000002, "bird": 0.0033333333333333335, "umbrella": 0.006666666666666667, "potted plant": 0.006666666666666667, "airplane": 0.0033333333333333335, "kite": 0.01, "skateboard": 0.0033333333333333335, "tie": 0.0033333333333333335, "cow": 0.0033333333333333335, "chair": 0.0033333333333333335, "density": 1.2633333333333334}