{"car": 0.7850000000000006, "bench": 0.035, "person": 0.085, "clock": 0.005, "train": 0.02, "cow": 0.015, "sheep": 0.015, "elephant": 0.01, "truck": 0.10500000000000002, "traffic light": 0.005, "kite": 0.005, "stop sign": 0.02, "potted plant": 0.005, "chair": 0.005, "bus": 0.015, "airplane": 0.01, "sports ball": 0.005, "motorcycle": 0.005, "density": 1.15}