{"house": 0.22, "located": 0.06666666666666667, "in": 0.13, "neighborhood": 0.02666666666666667, "road": 0.6366666666666667, "beach": 0.39666666666666667, "home": 0.06, "person,": 0.043333333333333335, "who": 0.043333333333333335, "now": 0.013333333333333334, "living": 0.013333333333333334, "was": 0.05333333333333334, "shot": 0.023333333333333334, "this": 0.023333333333333334, "view": 0.016666666666666666, "from": 0.05, "property": 0.06, "image": 0.016666666666666666, "#": 0.01, "luxury": 0.0033333333333333335, "poolside": 0.0033333333333333335, "apartment": 0.0033333333333333335, "on": 0.013333333333333334, "airport": 0.0033333333333333335, "lined": 0.03333333333333333, "trees": 0.04, "car": 0.06666666666666667, "parked": 0.016666666666666666, "front": 0.016666666666666666, "park": 0.03666666666666667, "seen": 0.01, "heart": 0.03, "found": 0.03, "woods": 0.0033333333333333335, "trip": 0.01, "through": 0.01, "islands": 0.0033333333333333335, "future": 0.0033333333333333335, "city": 0.08666666666666667, "popular": 0.006666666666666667, "tourist": 0.0033333333333333335, "destination": 0.0033333333333333335, "site": 0.0033333333333333335, "proposed": 0.0033333333333333335, "new": 0.0033333333333333335, "closed": 0.023333333333333334, "for": 0.02666666666666667, "weekend": 0.023333333333333334, "short": 0.02, "walk": 0.02, "border": 0.0033333333333333335, "i": 0.006666666666666667, "grew": 0.006666666666666667, "up": 0.006666666666666667, "man": 0.016666666666666666, "arrested": 0.006666666666666667, "after": 0.006666666666666667, "he": 0.006666666666666667, "reportedly": 0.006666666666666667, "ran": 0.006666666666666667, "over": 0.01, "hotel": 0.006666666666666667, "couple": 0.01, "were": 0.01, "dog": 0.0033333333333333335, "parking": 0.023333333333333334, "lot": 0.016666666666666666, "bridge": 0.006666666666666667, "river": 0.0033333333333333335, "person": 0.03, "his": 0.006666666666666667, "wife": 0.0033333333333333335, "farm": 0.0033333333333333335, "drives": 0.01, "down": 0.01, "street": 0.006666666666666667, "tree": 0.02, "fell": 0.0033333333333333335, "my": 0.0033333333333333335, "just": 0.01, "condo": 0.0033333333333333335, "middle": 0.02, "where": 0.023333333333333334, "balcony": 0.0033333333333333335, "your": 0.0033333333333333335, "private": 0.0033333333333333335, "building": 0.02, "lived": 0.016666666666666666, "little": 0.0033333333333333335, "overgrown": 0.0033333333333333335, "countryside": 0.006666666666666667, "fence": 0.006666666666666667, "around": 0.006666666666666667, "entrance": 0.006666666666666667, "shown": 0.0033333333333333335, "castle": 0.006666666666666667, "m": 0.006666666666666667, "center": 0.006666666666666667, "internet,": 0.006666666666666667, "air": 0.006666666666666667, "conditioning,": 0.006666666666666667, "beautiful": 0.02666666666666667, "place": 0.006666666666666667, "visit": 0.006666666666666667, "back": 0.0033333333333333335, "palm": 0.01, "mess": 0.0033333333333333335, "backyard": 0.0033333333333333335, "right": 0.0033333333333333335, "outside": 0.0033333333333333335, "movie": 0.006666666666666667, "parents": 0.0033333333333333335, "block": 0.0033333333333333335, "undated": 0.006666666666666667, "native": 0.0033333333333333335, "sign": 0.006666666666666667, "field": 0.0033333333333333335, "town": 0.006666666666666667, "at": 0.006666666666666667, "end": 0.0033333333333333335, "killed": 0.006666666666666667, "highway": 0.006666666666666667, "set": 0.0033333333333333335, "be": 0.0033333333333333335, "demolished": 0.0033333333333333335, "area": 0.006666666666666667, "full": 0.0033333333333333335, "shrubs": 0.01, "couple's": 0.0033333333333333335, "owner": 0.0033333333333333335, "spot": 0.0033333333333333335, "cars": 0.0033333333333333335, "trail": 0.0033333333333333335, "bit": 0.0033333333333333335, "narrow,": 0.0033333333333333335, "but": 0.0033333333333333335, "it's": 0.0033333333333333335, "still": 0.0033333333333333335, "pretty": 0.0033333333333333335, "driveway": 0.0033333333333333335, "woman": 0.0033333333333333335, "had": 0.0033333333333333335, "left": 0.0033333333333333335, "hiding": 0.0033333333333333335, "grass": 0.0033333333333333335}