{"bench": 0.032499999999999994, "car": 0.36750000000000027, "person": 0.5574999999999991, "train": 0.0225, "chair": 0.0375, "surfboard": 0.015000000000000001, "bird": 0.0225, "truck": 0.11750000000000006, "bus": 0.032499999999999994, "bicycle": 0.032499999999999994, "cow": 0.0225, "airplane": 0.01, "kite": 0.0025, "motorcycle": 0.034999999999999996, "umbrella": 0.12000000000000006, "skateboard": 0.0125, "giraffe": 0.005, "boat": 0.0075, "book": 0.0025, "zebra": 0.0075, "horse": 0.0025, "handbag": 0.0025, "stop sign": 0.0025, "dining table": 0.005, "bowl": 0.0075, "banana": 0.0075, "elephant": 0.0075, "traffic light": 0.0025, "fire hydrant": 0.0025, "density": 1.5025}