{"person": 0.5700000000000005, "bicycle": 0.02, "bus": 0.030000000000000002, "car": 0.48000000000000115, "truck": 0.14999999999999986, "train": 0.02, "skateboard": 0.016666666666666666, "umbrella": 0.10999999999999992, "bird": 0.02, "cow": 0.006666666666666667, "bench": 0.030000000000000002, "chair": 0.030000000000000002, "airplane": 0.006666666666666667, "boat": 0.01, "dining table": 0.0033333333333333335, "potted plant": 0.0033333333333333335, "motorcycle": 0.043333333333333335, "banana": 0.01, "zebra": 0.01, "elephant": 0.0033333333333333335, "bowl": 0.01, "kite": 0.0033333333333333335, "handbag": 0.0033333333333333335, "fire hydrant": 0.0033333333333333335, "stop sign": 0.0033333333333333335, "density": 3.9262295081967213}