{"street": 0.07333333333333333, "filled": 0.01, "lots": 0.01, "motorcycles": 0.013333333333333334, "cars": 0.03333333333333333, "town": 0.01, "lot": 0.16666666666666666, "animals": 0.5366666666666666, "field": 0.27666666666666667, "bunch": 0.06333333333333334, "in": 0.2733333333333333, "dirt": 0.30666666666666664, "road": 0.58, "car": 0.23, "herd": 0.14333333333333334, "line": 0.0033333333333333335, "cows": 0.11666666666666667, "on": 0.42, "green": 0.1, "grazing": 0.11666666666666667, "some": 0.08666666666666667, "blurry": 0.013333333333333334, "cat": 0.0033333333333333335, "motorcycle": 0.15666666666666668, "parked": 0.15333333333333332, "next": 0.06333333333333334, "side": 0.05, "background": 0.05333333333333334, "truck": 0.06, "driving": 0.06666666666666667, "down": 0.07666666666666666, "sheep": 0.043333333333333335, "grass": 0.03, "front": 0.02, "houses": 0.013333333333333334, "cattle": 0.03333333333333333, "middle": 0.013333333333333334, "forest": 0.013333333333333334, "three": 0.0033333333333333335, "van": 0.0033333333333333335, "horse": 0.0033333333333333335, "small": 0.02666666666666667, "farm": 0.02666666666666667, "person": 0.006666666666666667, "through": 0.0033333333333333335, "pasture": 0.013333333333333334, "tree": 0.0033333333333333335, "large": 0.04, "big": 0.0033333333333333335, "couple": 0.02666666666666667, "standing": 0.02666666666666667, "trees": 0.016666666666666666, "walking": 0.016666666666666666, "past": 0.01, "white": 0.006666666666666667, "house": 0.0033333333333333335, "building": 0.01, "fields": 0.0033333333333333335, "parking": 0.006666666666666667, "fence": 0.01, "several": 0.006666666666666667, "two": 0.0033333333333333335, "lush": 0.01, "desert": 0.0033333333333333335, "zebras": 0.0033333333333333335, "few": 0.01, "man": 0.006666666666666667, "amount": 0.0033333333333333335, "chrome": 0.0033333333333333335, "group": 0.006666666666666667, "laying": 0.0033333333333333335, "ground": 0.0033333333333333335, "highway": 0.0033333333333333335, "crossing": 0.0033333333333333335, "across": 0.0033333333333333335, "elephants": 0.0033333333333333335, "dog": 0.006666666666666667, "zebra": 0.0033333333333333335, "each": 0.0033333333333333335, "other": 0.0033333333333333335, "buses": 0.0033333333333333335, "different": 0.0033333333333333335, "colored": 0.0033333333333333335, "goats": 0.0033333333333333335, "passing": 0.0033333333333333335}