{"truck": 0.15500000000000005, "car": 0.4400000000000003, "chair": 0.025, "train": 0.030000000000000002, "bird": 0.02, "cow": 0.025, "person": 0.6350000000000005, "skateboard": 0.01, "bench": 0.025, "motorcycle": 0.035, "giraffe": 0.005, "zebra": 0.02, "horse": 0.005, "bus": 0.035, "fire hydrant": 0.005, "umbrella": 0.075, "bicycle": 0.035, "potted plant": 0.005, "surfboard": 0.02, "book": 0.005, "airplane": 0.005, "elephant": 0.01, "density": 1.625}