{"person": 0.5900000000000003, "truck": 0.13666666666666655, "car": 0.403333333333334, "umbrella": 0.0833333333333333, "skateboard": 0.02, "handbag": 0.0033333333333333335, "motorcycle": 0.04666666666666667, "bird": 0.016666666666666666, "dining table": 0.0033333333333333335, "bicycle": 0.04, "chair": 0.030000000000000002, "bus": 0.03666666666666667, "train": 0.01, "surfboard": 0.016666666666666666, "banana": 0.01, "zebra": 0.013333333333333334, "elephant": 0.0033333333333333335, "potted plant": 0.0033333333333333335, "stop sign": 0.0033333333333333335, "bench": 0.02666666666666667, "fire hydrant": 0.0033333333333333335, "airplane": 0.01, "cow": 0.006666666666666667, "boat": 0.01, "giraffe": 0.006666666666666667, "bowl": 0.01, "book": 0.0033333333333333335, "horse": 0.0033333333333333335, "traffic light": 0.0033333333333333335, "density": 1.5533333333333332}