{"person": 0.5560000000000004, "car": 0.4080000000000003, "truck": 0.1440000000000001, "bench": 0.032000000000000015, "bus": 0.032000000000000015, "motorcycle": 0.04200000000000002, "umbrella": 0.10600000000000008, "chair": 0.032000000000000015, "bird": 0.020000000000000004, "dining table": 0.004, "bicycle": 0.034000000000000016, "giraffe": 0.004, "elephant": 0.008, "cow": 0.022000000000000006, "kite": 0.004, "surfboard": 0.012, "traffic light": 0.002, "train": 0.018000000000000002, "airplane": 0.008, "skateboard": 0.014, "boat": 0.006, "book": 0.002, "handbag": 0.002, "zebra": 0.012, "banana": 0.006, "horse": 0.002, "frisbee": 0.002, "stop sign": 0.002, "potted plant": 0.002, "fire hydrant": 0.002, "bowl": 0.006, "density": 1.546}