{"car": 0.7000000000000004, "person": 0.5200000000000002, "bicycle": 0.07, "truck": 0.23000000000000007, "bench": 0.05, "motorcycle": 0.03, "umbrella": 0.16, "cow": 0.03, "zebra": 0.02, "elephant": 0.01, "bowl": 0.03, "train": 0.01, "chair": 0.02, "skateboard": 0.01, "bus": 0.03, "horse": 0.01, "density": 1.93}