{"road": 0.74, "temple": 0.22, "castle": 0.0033333333333333335, "farm": 0.08333333333333333, "city": 0.19, "small": 0.07, "town": 0.07666666666666666, "house": 0.08, "beach": 0.19666666666666666, "view": 0.0033333333333333335, "landscape": 0.0033333333333333335, "site": 0.023333333333333334, "proposed": 0.01, "new": 0.01, "school": 0.006666666666666667, "jungle": 0.023333333333333334, "tree": 0.03666666666666667, "growing": 0.016666666666666666, "in": 0.13, "middle": 0.056666666666666664, "good": 0.006666666666666667, "condition": 0.006666666666666667, "mountains": 0.0033333333333333335, "hotel": 0.02666666666666667, "forest": 0.03, "beautiful": 0.03333333333333333, "place": 0.03, "located": 0.02666666666666667, "village": 0.04, "former": 0.006666666666666667, "factory": 0.006666666666666667, "visit": 0.02, "trees": 0.023333333333333334, "area": 0.01, "building": 0.0033333333333333335, "neighborhood": 0.0033333333333333335, "future": 0.0033333333333333335, "first": 0.0033333333333333335, "excavated": 0.0033333333333333335, "this": 0.0033333333333333335, "i": 0.0033333333333333335, "grew": 0.0033333333333333335, "up": 0.0033333333333333335, "desert": 0.0033333333333333335, "man": 0.006666666666666667, "sleeping": 0.0033333333333333335, "on": 0.0033333333333333335, "backyard": 0.0033333333333333335, "property": 0.016666666666666666, "ruins": 0.0033333333333333335, "ancient": 0.0033333333333333335, "where": 0.013333333333333334, "person": 0.013333333333333334, "lived": 0.01, "street": 0.023333333333333334, "lined": 0.013333333333333334, "walks": 0.0033333333333333335, "past": 0.0033333333333333335, "wall": 0.0033333333333333335, "graffiti": 0.0033333333333333335, "closed": 0.0033333333333333335, "for": 0.0033333333333333335, "day": 0.0033333333333333335, "shrubs": 0.0033333333333333335, "countryside": 0.006666666666666667, "girls": 0.0033333333333333335, "were": 0.0033333333333333335, "found": 0.0033333333333333335, "through": 0.0033333333333333335, "nowhere": 0.0033333333333333335, "main": 0.006666666666666667, "field": 0.006666666666666667, "long,": 0.0033333333333333335, "narrow": 0.0033333333333333335, "houses": 0.0033333333333333335, "busy": 0.0033333333333333335, "car": 0.0033333333333333335, "parked": 0.0033333333333333335, "state": 0.0033333333333333335, "airport": 0.0033333333333333335, "park": 0.0033333333333333335, "full": 0.006666666666666667, "bloom": 0.0033333333333333335, "stadium": 0.0033333333333333335, "from": 0.006666666666666667, "outside": 0.0033333333333333335, "movie": 0.0033333333333333335, "typical": 0.0033333333333333335}