{"stone": 0.0033333333333333335, "wall": 0.006666666666666667, "house": 0.21666666666666667, "bridge": 0.03666666666666667, "over": 0.04, "river": 0.016666666666666666, "seen": 0.023333333333333334, "greenhouse": 0.006666666666666667, "in": 0.18333333333333332, "garden": 0.013333333333333334, "road": 0.49, "city": 0.16, "beach": 0.13666666666666666, "short": 0.02, "walk": 0.02666666666666667, "from": 0.07666666666666666, "located": 0.09, "mountains": 0.09666666666666666, "parking": 0.04, "lot": 0.03666666666666667, "farm": 0.02666666666666667, "property": 0.03666666666666667, "image": 0.01, "#": 0.006666666666666667, "m": 0.006666666666666667, "center": 0.01, "person": 0.03666666666666667, "building": 0.05, "now": 0.02, "museum": 0.006666666666666667, "train": 0.006666666666666667, "station": 0.01, "man": 0.03333333333333333, "was": 0.06, "arrested": 0.02, "after": 0.02, "he": 0.02, "reportedly": 0.02, "ran": 0.013333333333333334, "car": 0.08333333333333333, "hit": 0.0033333333333333335, "woman": 0.0033333333333333335, "head": 0.0033333333333333335, "middle": 0.02666666666666667, "large": 0.0033333333333333335, "plot": 0.0033333333333333335, "hotel": 0.013333333333333334, "stolen": 0.0033333333333333335, "home": 0.01, "village": 0.013333333333333334, "woods": 0.01, "sign": 0.01, "for": 0.03333333333333333, "future": 0.01, "shop": 0.0033333333333333335, "old": 0.01, "town": 0.023333333333333334, "temple": 0.02666666666666667, "view": 0.02666666666666667, "site": 0.01, "original": 0.0033333333333333335, "airport": 0.03666666666666667, "lined": 0.006666666666666667, "trees": 0.01, "trail": 0.016666666666666666, "beautiful": 0.03, "place": 0.02, "visit": 0.01, "window": 0.0033333333333333335, "entrance": 0.01, "subway": 0.0033333333333333335, "heart": 0.006666666666666667, "this": 0.016666666666666666, "undated": 0.01, "file": 0.006666666666666667, "drives": 0.013333333333333334, "down": 0.013333333333333334, "small": 0.016666666666666666, "highway": 0.01, "just": 0.0033333333333333335, "truck": 0.0033333333333333335, "through": 0.0033333333333333335, "tree": 0.016666666666666666, "where": 0.02666666666666667, "lived": 0.02, "fence": 0.01, "around": 0.01, "castle": 0.01, "found": 0.013333333333333334, "neighborhood": 0.03333333333333333, "park": 0.03333333333333333, "area": 0.006666666666666667, "street": 0.01, "closed": 0.02666666666666667, "weekend": 0.013333333333333334, "forest": 0.016666666666666666, "his": 0.01, "mother": 0.0033333333333333335, "cut": 0.0033333333333333335, "planted": 0.0033333333333333335, "on": 0.016666666666666666, "side": 0.0033333333333333335, "top": 0.0033333333333333335, "mountain": 0.0033333333333333335, "factory": 0.01, "field": 0.0033333333333333335, "biological": 0.0033333333333333335, "species": 0.0033333333333333335, "struck": 0.0033333333333333335, "front": 0.006666666666666667, "parents": 0.0033333333333333335, "popular": 0.006666666666666667, "tourist": 0.0033333333333333335, "attraction": 0.0033333333333333335, "i": 0.006666666666666667, "grew": 0.0033333333333333335, "up": 0.0033333333333333335, "shopping": 0.0033333333333333335, "mall": 0.0033333333333333335, "winter": 0.006666666666666667, "born": 0.0033333333333333335, "shrubs": 0.0033333333333333335, "capital": 0.0033333333333333335, "at": 0.01, "roof": 0.0033333333333333335, "parked": 0.0033333333333333335, "shot": 0.0033333333333333335, "killed": 0.0033333333333333335, "while": 0.0033333333333333335, "driving": 0.0033333333333333335, "walking": 0.0033333333333333335, "black": 0.0033333333333333335, "dog": 0.0033333333333333335, "garage": 0.0033333333333333335, "bit": 0.01, "i'm": 0.0033333333333333335, "not": 0.01, "sure": 0.0033333333333333335, "what": 0.0033333333333333335, "is,": 0.0033333333333333335, "but": 0.01, "love": 0.0033333333333333335, "narrow,": 0.0033333333333333335, "it's": 0.006666666666666667, "bad": 0.006666666666666667, "all": 0.0033333333333333335, "movie": 0.01, "jumped": 0.006666666666666667, "ancient": 0.0033333333333333335, "several": 0.0033333333333333335, "hours": 0.0033333333333333335, "border": 0.0033333333333333335, "couple's": 0.0033333333333333335, "market": 0.0033333333333333335, "$1": 0.0033333333333333335, "backyard": 0.0033333333333333335, "ice": 0.0033333333333333335, "rink": 0.0033333333333333335, "spot": 0.0033333333333333335, "hockey": 0.0033333333333333335, "maze": 0.0033333333333333335, "tunnels": 0.0033333333333333335, "private": 0.0033333333333333335, "district": 0.0033333333333333335, "next": 0.006666666666666667, "few": 0.006666666666666667, "days": 0.006666666666666667, "standing": 0.0033333333333333335, "cliff": 0.0033333333333333335, "edge": 0.0033333333333333335, "near": 0.0033333333333333335, "sea": 0.0033333333333333335, "steep,": 0.0033333333333333335, "too": 0.0033333333333333335, "attacked": 0.0033333333333333335}