{"car": 0.976666666666663, "airplane": 0.006666666666666667, "kite": 0.01, "parking meter": 0.0033333333333333335, "traffic light": 0.05333333333333334, "truck": 0.17666666666666647, "bottle": 0.006666666666666667, "fire hydrant": 0.02666666666666667, "boat": 0.02, "bird": 0.02666666666666667, "bus": 0.023333333333333334, "bench": 0.03333333333333333, "person": 0.1666666666666665, "bicycle": 0.023333333333333334, "umbrella": 0.006666666666666667, "motorcycle": 0.016666666666666666, "clock": 0.01, "tennis racket": 0.0033333333333333335, "cow": 0.023333333333333334, "train": 0.05, "skis": 0.0033333333333333335, "backpack": 0.0033333333333333335, "sheep": 0.016666666666666666, "stop sign": 0.01, "skateboard": 0.006666666666666667, "refrigerator": 0.006666666666666667, "bear": 0.006666666666666667, "surfboard": 0.013333333333333334, "elephant": 0.0033333333333333335, "suitcase": 0.0033333333333333335, "frisbee": 0.006666666666666667, "potted plant": 0.006666666666666667, "density": 1.75}