{"truck": 0.13999999999999999, "car": 0.9400000000000006, "train": 0.060000000000000005, "person": 0.17, "stop sign": 0.03, "umbrella": 0.01, "bicycle": 0.05, "motorcycle": 0.02, "bench": 0.01, "bus": 0.05, "bird": 0.02, "sheep": 0.01, "traffic light": 0.05, "suitcase": 0.01, "fire hydrant": 0.02, "potted plant": 0.01, "boat": 0.01, "frisbee": 0.01, "skis": 0.01, "tennis racket": 0.01, "bottle": 0.01, "density": 1.65}