{"motorcycle": 0.24333333333333335, "parked": 0.27666666666666667, "on": 0.35333333333333333, "side": 0.13666666666666666, "road": 0.32, "street": 0.20666666666666667, "cars": 0.12333333333333334, "motorcycles": 0.08333333333333333, "animals": 0.12, "some": 0.016666666666666666, "in": 0.23, "front": 0.06333333333333334, "building": 0.12666666666666668, "green": 0.24, "field": 0.15333333333333332, "hockey": 0.006666666666666667, "rink": 0.0033333333333333335, "large": 0.20666666666666667, "number": 0.02, "equipment": 0.0033333333333333335, "middle": 0.016666666666666666, "farm": 0.006666666666666667, "background": 0.03, "blue": 0.04, "house": 0.01, "garage": 0.0033333333333333335, "scene": 0.013333333333333334, "van": 0.01, "dog": 0.02666666666666667, "car": 0.16666666666666666, "lot": 0.06666666666666667, "highway": 0.07666666666666666, "dirt": 0.11, "herd": 0.056666666666666664, "sheep": 0.03666666666666667, "walking": 0.02, "down": 0.12, "mural": 0.0033333333333333335, "cattle": 0.02, "grazing": 0.06333333333333334, "couple": 0.06333333333333334, "trucks": 0.016666666666666666, "bench": 0.013333333333333334, "sitting": 0.03333333333333333, "next": 0.1, "tree": 0.006666666666666667, "covered": 0.0033333333333333335, "park": 0.006666666666666667, "man": 0.023333333333333334, "standing": 0.06333333333333334, "pile": 0.006666666666666667, "rocks": 0.006666666666666667, "sign": 0.04666666666666667, "reads": 0.0033333333333333335, "\"mountain\"": 0.0033333333333333335, "": 0.18333333333333332, "cows": 0.01, "trees": 0.02, "fence": 0.04666666666666667, "line": 0.006666666666666667, "each": 0.0033333333333333335, "other": 0.0033333333333333335, "woods": 0.0033333333333333335, "stone": 0.01, "wall": 0.01, "blurry": 0.03666666666666667, "train": 0.02, "going": 0.006666666666666667, "through": 0.0033333333333333335, "tunnel": 0.0033333333333333335, "beach": 0.013333333333333334, "mountain": 0.02, "few": 0.013333333333333334, "truck": 0.06666666666666667, "pasture": 0.016666666666666666, "vegetation": 0.0033333333333333335, "behind": 0.0033333333333333335, "driving": 0.1, "past": 0.013333333333333334, "bunch": 0.05, "goats": 0.006666666666666667, "forest": 0.03, "person": 0.02666666666666667, "bushes": 0.0033333333333333335, "trailer": 0.0033333333333333335, "motor": 0.0033333333333333335, "bike": 0.0033333333333333335, "taking": 0.01, "group": 0.02, "tractor": 0.006666666666666667, "riding": 0.006666666666666667, "stop": 0.016666666666666666, "windows": 0.0033333333333333335, "grass": 0.023333333333333334, "planes": 0.006666666666666667, "sky": 0.0033333333333333335, "gas": 0.0033333333333333335, "station": 0.006666666666666667, "parking": 0.016666666666666666, "city": 0.0033333333333333335, "signs": 0.006666666666666667, "bridge": 0.023333333333333334, "fire": 0.0033333333333333335, "hydrant": 0.0033333333333333335, "boats": 0.01, "white": 0.006666666666666667, "lush": 0.02, "top": 0.04, "view": 0.0033333333333333335, "window": 0.0033333333333333335, "yellow": 0.01, "metal": 0.02, "structure": 0.006666666666666667, "small": 0.016666666666666666, "cone": 0.006666666666666667, "bus": 0.0033333333333333335, "body": 0.006666666666666667, "water": 0.006666666666666667, "horse": 0.013333333333333334, "near": 0.02, "cages": 0.0033333333333333335, "elephants": 0.0033333333333333335, "hillside": 0.0033333333333333335, "sandy": 0.0033333333333333335, "filled": 0.006666666666666667, "lots": 0.006666666666666667, "traffic": 0.01, "wooden": 0.0033333333333333335, "arrow": 0.01, "different": 0.0033333333333333335, "types": 0.0033333333333333335, "grassy": 0.0033333333333333335, "area": 0.0033333333333333335, "tall": 0.0033333333333333335, "buildings": 0.006666666666666667, "blur": 0.006666666666666667, "store": 0.0033333333333333335, "passing": 0.006666666666666667, "roof": 0.0033333333333333335, "long": 0.006666666666666667, "gate": 0.0033333333333333335, "tracks": 0.0033333333333333335, "snow": 0.0033333333333333335, "amount": 0.006666666666666667, "several": 0.0033333333333333335, "trains": 0.0033333333333333335, "plane": 0.0033333333333333335, "flying": 0.0033333333333333335, "over": 0.0033333333333333335, "motorbike": 0.0033333333333333335, "sidewalk": 0.0033333333333333335, "two": 0.0033333333333333335, "people": 0.0033333333333333335, "silver": 0.0033333333333333335, "vintage": 0.0033333333333333335, "deserted": 0.0033333333333333335, "airplane": 0.0033333333333333335, "ground": 0.0033333333333333335, "shop": 0.0033333333333333335, "under": 0.0033333333333333335}