{"road": 0.6, "camp": 0.006666666666666667, "man": 0.023333333333333334, "woman": 0.0033333333333333335, "were": 0.01, "struck": 0.013333333333333334, "car": 0.02, "mountains": 0.2966666666666667, "city": 0.23666666666666666, "mountain": 0.013333333333333334, "range": 0.013333333333333334, "house": 0.07333333333333333, "located": 0.03, "in": 0.056666666666666664, "village": 0.013333333333333334, "home": 0.013333333333333334, "person,": 0.013333333333333334, "who": 0.013333333333333334, "was": 0.02666666666666667, "shot": 0.006666666666666667, "river": 0.01, "landscape": 0.05, "region": 0.016666666666666666, "farm": 0.06666666666666667, "now": 0.006666666666666667, "living": 0.006666666666666667, "beautiful": 0.023333333333333334, "place": 0.013333333333333334, "visit": 0.01, "cave": 0.01, "sign": 0.01, "middle": 0.016666666666666666, "nowhere": 0.006666666666666667, "mix": 0.02, "rock": 0.006666666666666667, "formations": 0.0033333333333333335, "parking": 0.023333333333333334, "lot": 0.023333333333333334, "popular": 0.01, "stop": 0.0033333333333333335, "small": 0.12666666666666668, "town": 0.12666666666666668, "dry": 0.0033333333333333335, "wet": 0.0033333333333333335, "neighborhood": 0.0033333333333333335, "top": 0.03666666666666667, "beach": 0.01, "site": 0.023333333333333334, "proposed": 0.01, "new": 0.013333333333333334, "stadium": 0.0033333333333333335, "view": 0.03, "lake": 0.006666666666666667, "spot": 0.006666666666666667, "for": 0.006666666666666667, "tourists": 0.0033333333333333335, "original": 0.0033333333333333335, "mine": 0.0033333333333333335, "border": 0.0033333333333333335, "trip": 0.03666666666666667, "through": 0.043333333333333335, "countryside": 0.013333333333333334, "trail": 0.013333333333333334, "short": 0.023333333333333334, "walk": 0.01, "from": 0.02666666666666667, "walks": 0.006666666666666667, "his": 0.0033333333333333335, "dog": 0.006666666666666667, "on": 0.0033333333333333335, "dirt": 0.0033333333333333335, "driving": 0.006666666666666667, "valley": 0.006666666666666667, "couple": 0.006666666666666667, "found": 0.0033333333333333335, "summit": 0.006666666666666667, "natural": 0.006666666666666667, "-": 0.0033333333333333335, "made": 0.006666666666666667, "airport": 0.01, "drive": 0.016666666666666666, "canyon": 0.006666666666666667, "manmade": 0.0033333333333333335, "thought": 0.0033333333333333335, "have": 0.0033333333333333335, "been": 0.0033333333333333335, "farmer's": 0.0033333333333333335, "field": 0.006666666666666667, "ranch": 0.013333333333333334, "temple": 0.006666666666666667, "desert": 0.023333333333333334, "highway": 0.013333333333333334, "school": 0.006666666666666667, "national": 0.0033333333333333335, "park": 0.0033333333333333335, "where": 0.01, "person": 0.013333333333333334, "born": 0.01, "large": 0.006666666666666667, "old": 0.0033333333333333335, "rural": 0.0033333333333333335, "area": 0.006666666666666667, "tree": 0.006666666666666667, "forest": 0.0033333333333333335, "seen": 0.0033333333333333335, "walking": 0.0033333333333333335, "their": 0.0033333333333333335, "dogs": 0.0033333333333333335, "lined": 0.006666666666666667, "trees": 0.01, "rock,": 0.0033333333333333335, "grass": 0.0033333333333333335, "bit": 0.006666666666666667, "steep,": 0.006666666666666667, "but": 0.006666666666666667, "it's": 0.006666666666666667, "not": 0.006666666666666667, "bad": 0.006666666666666667, "shrubs": 0.0033333333333333335, "bridge": 0.0033333333333333335, "over": 0.0033333333333333335, "property": 0.0033333333333333335, "heart": 0.0033333333333333335, "at": 0.0033333333333333335, "all": 0.0033333333333333335, "past": 0.0033333333333333335, "cars": 0.0033333333333333335, "garden": 0.0033333333333333335}