{"person": 0.16999999999999982, "car": 0.03666666666666667, "horse": 0.023333333333333334, "bench": 0.030000000000000002, "backpack": 0.006666666666666667, "motorcycle": 0.0033333333333333335, "cow": 0.01, "kite": 0.016666666666666666, "chair": 0.0033333333333333335, "airplane": 0.0033333333333333335, "sheep": 0.043333333333333335, "train": 0.0033333333333333335, "truck": 0.01, "bicycle": 0.0033333333333333335, "surfboard": 0.0033333333333333335, "density": 0.36666666666666664}