{"car": 0.7266666666666656, "person": 0.11333333333333324, "truck": 0.2166666666666664, "fire hydrant": 0.016666666666666666, "vase": 0.013333333333333334, "bird": 0.016666666666666666, "bowl": 0.0033333333333333335, "traffic light": 0.0033333333333333335, "bench": 0.030000000000000002, "kite": 0.03666666666666667, "bus": 0.030000000000000002, "boat": 0.01, "giraffe": 0.0033333333333333335, "train": 0.03333333333333333, "suitcase": 0.006666666666666667, "oven": 0.0033333333333333335, "refrigerator": 0.0033333333333333335, "bear": 0.0033333333333333335, "potted plant": 0.0033333333333333335, "cup": 0.0033333333333333335, "umbrella": 0.0033333333333333335, "frisbee": 0.0033333333333333335, "stop sign": 0.01, "scissors": 0.0033333333333333335, "sheep": 0.0033333333333333335, "dog": 0.0033333333333333335, "cow": 0.0033333333333333335, "couch": 0.013333333333333334, "handbag": 0.006666666666666667, "chair": 0.01, "surfboard": 0.0033333333333333335, "tv": 0.0033333333333333335, "density": 1.3433333333333333}