{"person": 0.043333333333333335, "driving": 0.27, "motorcycle": 0.16333333333333333, "down": 0.21666666666666667, "dirt": 0.09666666666666666, "road": 0.37666666666666665, "car": 0.5033333333333333, "near": 0.04666666666666667, "mountain": 0.02, "highway": 0.056666666666666664, "large": 0.14, "jetliner": 0.0033333333333333335, "sitting": 0.02, "on": 0.30333333333333334, "top": 0.023333333333333334, "line": 0.0033333333333333335, "cows": 0.016666666666666666, "field": 0.17666666666666667, "horse": 0.013333333333333334, "in": 0.26, "desert": 0.09, "truck": 0.07666666666666666, "metal": 0.013333333333333334, "bench": 0.03, "next": 0.18666666666666668, "forest": 0.01, "group": 0.02666666666666667, "cars": 0.10666666666666667, "parked": 0.23, "side": 0.09, "herd": 0.12666666666666668, "sheep": 0.08, "two": 0.013333333333333334, "planes": 0.006666666666666667, "flying": 0.016666666666666666, "over": 0.013333333333333334, "hillside": 0.006666666666666667, "farm": 0.01, "animals": 0.03, "grazing": 0.01, "pasture": 0.0033333333333333335, "number": 0.006666666666666667, "narrow": 0.013333333333333334, "street": 0.11, "building": 0.11, "living": 0.0033333333333333335, "room": 0.01, "filled": 0.0033333333333333335, "furniture": 0.0033333333333333335, "fire": 0.006666666666666667, "place": 0.0033333333333333335, "hallway": 0.0033333333333333335, "sign": 0.02, "stone": 0.11333333333333333, "wall": 0.07333333333333333, "green": 0.06333333333333334, "through": 0.01, "cat": 0.02666666666666667, "camel": 0.03666666666666667, "background": 0.03333333333333333, "bunch": 0.016666666666666666, "poles": 0.0033333333333333335, "plane": 0.01, "stop": 0.006666666666666667, "middle": 0.02, "arrow": 0.006666666666666667, "rock": 0.03, "formation": 0.006666666666666667, "standing": 0.06, "walkway": 0.01, "trucks": 0.03333333333333333, "area": 0.013333333333333334, "very": 0.013333333333333334, "old": 0.01, "floor": 0.0033333333333333335, "past": 0.02666666666666667, "cattle": 0.05, "sand": 0.0033333333333333335, "frisbee": 0.0033333333333333335, "foreground": 0.0033333333333333335, "view": 0.006666666666666667, "rocky": 0.016666666666666666, "outcropping": 0.013333333333333334, "train": 0.0033333333333333335, "traveling": 0.0033333333333333335, "front": 0.02666666666666667, "couple": 0.03, "parking": 0.03666666666666667, "lot": 0.08333333333333333, "tunnel": 0.006666666666666667, "blue": 0.006666666666666667, "gravel": 0.006666666666666667, "yard": 0.006666666666666667, "fence": 0.006666666666666667, "light": 0.0033333333333333335, "each": 0.013333333333333334, "other": 0.013333333333333334, "zebras": 0.0033333333333333335, "dog": 0.0033333333333333335, "distance": 0.0033333333333333335, "amount": 0.016666666666666666, "vegetation": 0.0033333333333333335, "scene": 0.0033333333333333335, "tall": 0.0033333333333333335, "grass": 0.01, "waterfall": 0.0033333333333333335, "white": 0.01, "signs": 0.0033333333333333335, "rocks": 0.006666666666666667, "around": 0.006666666666666667, "people": 0.013333333333333334, "object": 0.0033333333333333335, "man": 0.006666666666666667, "riding": 0.01, "tracks": 0.0033333333333333335, "structure": 0.006666666666666667, "hole": 0.0033333333333333335, "fields": 0.0033333333333333335, "alleyway": 0.0033333333333333335, "sink": 0.006666666666666667, "beach": 0.02, "walking": 0.006666666666666667, "few": 0.006666666666666667, "benches": 0.0033333333333333335, "hydrant": 0.0033333333333333335, "lush": 0.0033333333333333335, "looking": 0.0033333333333333335, "big": 0.0033333333333333335, "window": 0.0033333333333333335, "covered": 0.0033333333333333335, "graffiti": 0.0033333333333333335, "sandy": 0.0033333333333333335, "trees": 0.0033333333333333335, "some": 0.0033333333333333335, "motorcycles": 0.013333333333333334, "pillar": 0.0033333333333333335, "city": 0.006666666666666667, "passing": 0.0033333333333333335, "bird": 0.0033333333333333335, "body": 0.0033333333333333335, "water": 0.0033333333333333335, "rundown": 0.0033333333333333335, "chairs": 0.0033333333333333335, "tables": 0.0033333333333333335, "dry": 0.0033333333333333335, "blurry": 0.0033333333333333335, "an": 0.0033333333333333335, "animal": 0.0033333333333333335, "dealership": 0.0033333333333333335, "foreign": 0.0033333333333333335, "country": 0.0033333333333333335, "vehicles": 0.0033333333333333335, "hills": 0.0033333333333333335, "kite": 0.0033333333333333335, "lamp": 0.0033333333333333335, "brick": 0.0033333333333333335, "cats": 0.0033333333333333335, "path": 0.0033333333333333335, "face": 0.0033333333333333335}