{"person": 0.15, "car": 0.6900000000000004, "bus": 0.03, "truck": 0.21000000000000005, "bench": 0.03, "train": 0.04, "giraffe": 0.01, "kite": 0.04, "bird": 0.02, "fire hydrant": 0.02, "boat": 0.01, "oven": 0.01, "refrigerator": 0.01, "cup": 0.01, "tv": 0.01, "chair": 0.02, "cow": 0.01, "stop sign": 0.02, "dog": 0.01, "traffic light": 0.01, "scissors": 0.01, "density": 1.37}