{"road": 0.42, "desert": 0.19, "view": 0.013333333333333334, "from": 0.016666666666666666, "hotel": 0.006666666666666667, "man": 0.05, "rides": 0.01, "his": 0.023333333333333334, "motorcycle": 0.01, "through": 0.04666666666666667, "ruins": 0.06333333333333334, "old": 0.05, "city": 0.4766666666666667, "beach": 0.10333333333333333, "site": 0.0033333333333333335, "ancient": 0.043333333333333335, "settlement": 0.0033333333333333335, "wall": 0.01, "town": 0.06, "car": 0.08, "drives": 0.016666666666666666, "located": 0.056666666666666664, "building": 0.02666666666666667, "where": 0.01, "family": 0.0033333333333333335, "lived": 0.006666666666666667, "street": 0.02, "border": 0.05, "mountains": 0.07666666666666666, "landscape": 0.013333333333333334, "mix": 0.006666666666666667, "natural": 0.0033333333333333335, "manmade": 0.0033333333333333335, "closed": 0.0033333333333333335, "for": 0.013333333333333334, "weekend": 0.0033333333333333335, "busy": 0.0033333333333333335, "population": 0.0033333333333333335, "around": 0.0033333333333333335, "8,000": 0.0033333333333333335, "walls": 0.02, "walks": 0.006666666666666667, "down": 0.0033333333333333335, "on": 0.016666666666666666, "highway": 0.043333333333333335, "home": 0.006666666666666667, "person,": 0.013333333333333334, "who": 0.006666666666666667, "now": 0.006666666666666667, "living": 0.0033333333333333335, "driving": 0.03, "village": 0.0033333333333333335, "future": 0.006666666666666667, "parked": 0.013333333333333334, "in": 0.03666666666666667, "entrance": 0.02, "airport": 0.02, "small": 0.04, "interior": 0.01, "building,": 0.0033333333333333335, "showing": 0.0033333333333333335, "main": 0.0033333333333333335, "reception": 0.0033333333333333335, "area": 0.0033333333333333335, "church": 0.006666666666666667, "house": 0.04666666666666667, "truck": 0.013333333333333334, "courtyard": 0.0033333333333333335, "beautiful": 0.02666666666666667, "place": 0.02666666666666667, "visit": 0.01, "tunnel": 0.0033333333333333335, "museum": 0.0033333333333333335, "was": 0.03, "struck": 0.016666666666666666, "parking": 0.0033333333333333335, "lot": 0.0033333333333333335, "cave": 0.013333333333333334, "stone": 0.0033333333333333335, "driver": 0.0033333333333333335, "park": 0.006666666666666667, "front": 0.006666666666666667, "canyon": 0.01, "sight": 0.0033333333333333335, "behold": 0.0033333333333333335, "couple": 0.0033333333333333335, "were": 0.0033333333333333335, "found": 0.0033333333333333335, "neighborhood": 0.0033333333333333335, "arrested": 0.006666666666666667, "after": 0.006666666666666667, "he": 0.01, "reportedly": 0.006666666666666667, "ran": 0.0033333333333333335, "over": 0.0033333333333333335, "temple": 0.0033333333333333335, "threw": 0.0033333333333333335, "bottle": 0.0033333333333333335, "at": 0.0033333333333333335, "rock": 0.0033333333333333335, "formations": 0.0033333333333333335, "so": 0.0033333333333333335, "middle": 0.006666666666666667, "market": 0.0033333333333333335, "\u00a3": 0.0033333333333333335, "1": 0.0033333333333333335, "short": 0.013333333333333334, "walk": 0.006666666666666667, "dry": 0.006666666666666667, "wet": 0.006666666666666667, "alive": 0.0033333333333333335, "sound": 0.006666666666666667, "drive": 0.01, "capital": 0.01, "path": 0.0033333333333333335, "woods": 0.0033333333333333335, "person": 0.01, "born": 0.0033333333333333335, "narrow": 0.0033333333333333335, "us": 0.0033333333333333335, "state": 0.0033333333333333335, "villa": 0.0033333333333333335, "trail": 0.0033333333333333335, "bit": 0.0033333333333333335, "steep,": 0.0033333333333333335, "but": 0.0033333333333333335, "not": 0.0033333333333333335, "bad": 0.0033333333333333335, "hike": 0.0033333333333333335, "pilgrimage": 0.0033333333333333335, "travelers": 0.0033333333333333335, "believed": 0.0033333333333333335, "be": 0.0033333333333333335, "past": 0.0033333333333333335, "sea": 0.0033333333333333335, "when": 0.0033333333333333335, "region": 0.0033333333333333335, "mixture": 0.0033333333333333335, "palm": 0.0033333333333333335, "tree": 0.006666666666666667, "apartment": 0.0033333333333333335, "mother": 0.0033333333333333335, "spend": 0.0033333333333333335, "day": 0.0033333333333333335}