{"car": 0.3400000000000002, "truck": 0.04, "person": 0.12000000000000004, "skateboard": 0.005, "surfboard": 0.005, "fire hydrant": 0.005, "stop sign": 0.02, "parking meter": 0.005, "giraffe": 0.01, "bird": 0.005, "traffic light": 0.005, "cow": 0.025, "train": 0.015, "bus": 0.005, "sheep": 0.045, "clock": 0.01, "bench": 0.01, "kite": 0.005, "boat": 0.005, "elephant": 0.005, "frisbee": 0.005, "density": 0.69}