{"stop sign": 0.02, "sheep": 0.0033333333333333335, "car": 0.37666666666666715, "person": 0.09666666666666661, "truck": 0.03666666666666667, "bus": 0.01, "bench": 0.016666666666666666, "clock": 0.0033333333333333335, "train": 0.013333333333333334, "fire hydrant": 0.006666666666666667, "tv": 0.0033333333333333335, "kite": 0.02666666666666667, "parking meter": 0.0033333333333333335, "zebra": 0.0033333333333333335, "potted plant": 0.0033333333333333335, "traffic light": 0.006666666666666667, "bicycle": 0.0033333333333333335, "backpack": 0.0033333333333333335, "scissors": 0.0033333333333333335, "horse": 0.0033333333333333335, "airplane": 0.0033333333333333335, "boat": 0.0033333333333333335, "cow": 0.006666666666666667, "skateboard": 0.0033333333333333335, "surfboard": 0.0033333333333333335, "bird": 0.0033333333333333335, "frisbee": 0.0033333333333333335, "density": 0.67}