{"kite": 0.02, "truck": 0.05, "car": 0.6500000000000004, "stop sign": 0.05, "fire hydrant": 0.02, "cow": 0.03, "giraffe": 0.02, "bench": 0.03, "person": 0.18000000000000002, "parking meter": 0.01, "bus": 0.01, "train": 0.01, "traffic light": 0.01, "scissors": 0.01, "density": 1.1}