{"bench": 0.022000000000000006, "person": 0.11000000000000008, "car": 0.4080000000000003, "traffic light": 0.004, "stop sign": 0.020000000000000004, "potted plant": 0.002, "sheep": 0.020000000000000004, "truck": 0.054000000000000034, "cow": 0.01, "kite": 0.020000000000000004, "bicycle": 0.004, "fire hydrant": 0.008, "parking meter": 0.004, "boat": 0.006, "backpack": 0.002, "frisbee": 0.002, "tv": 0.002, "giraffe": 0.008, "train": 0.01, "horse": 0.002, "bird": 0.006, "bus": 0.01, "skateboard": 0.002, "surfboard": 0.002, "clock": 0.004, "scissors": 0.002, "airplane": 0.002, "zebra": 0.002, "elephant": 0.002, "density": 0.75}