{"green": 0.33, "car": 0.3566666666666667, "driving": 0.20666666666666667, "down": 0.16666666666666666, "road": 0.37, "next": 0.07666666666666666, "forest": 0.03, "field": 0.42, "sheep": 0.13, "cows": 0.08, "grazing": 0.17666666666666667, "on": 0.31333333333333335, "side": 0.13333333333333333, "small": 0.03666666666666667, "house": 0.023333333333333334, "narrow": 0.0033333333333333335, "street": 0.056666666666666664, "motorcycle": 0.22, "cars": 0.02666666666666667, "parked": 0.27666666666666667, "animals": 0.11666666666666667, "in": 0.30666666666666664, "front": 0.04666666666666667, "fence": 0.03333333333333333, "truck": 0.07666666666666666, "person": 0.023333333333333334, "flying": 0.006666666666666667, "kite": 0.0033333333333333335, "dirt": 0.07666666666666666, "driveway": 0.0033333333333333335, "tree": 0.023333333333333334, "highway": 0.023333333333333334, "trucks": 0.01, "village": 0.01, "large": 0.12666666666666668, "building": 0.03, "herd": 0.15, "cattle": 0.06666666666666667, "couple": 0.013333333333333334, "standing": 0.023333333333333334, "line": 0.0033333333333333335, "some": 0.023333333333333334, "park": 0.0033333333333333335, "bench": 0.0033333333333333335, "sitting": 0.01, "lush": 0.04666666666666667, "pasture": 0.09, "two": 0.006666666666666667, "sign": 0.013333333333333334, "past": 0.043333333333333335, "farm": 0.08666666666666667, "tractor": 0.05, "background": 0.04666666666666667, "horse": 0.023333333333333334, "town": 0.0033333333333333335, "taking": 0.006666666666666667, "dog": 0.016666666666666666, "through": 0.006666666666666667, "grass": 0.04666666666666667, "lot": 0.02, "white": 0.01, "signs": 0.0033333333333333335, "stop": 0.01, "long": 0.0033333333333333335, "motorcycles": 0.006666666666666667, "passing": 0.006666666666666667, "trees": 0.023333333333333334, "cloudy": 0.0033333333333333335, "day": 0.0033333333333333335, "trailer": 0.01, "arrow": 0.0033333333333333335, "blurry": 0.006666666666666667, "bikes": 0.0033333333333333335, "top": 0.02666666666666667, "plane": 0.0033333333333333335, "sky": 0.0033333333333333335, "houses": 0.016666666666666666, "metal": 0.006666666666666667, "parking": 0.0033333333333333335, "filled": 0.0033333333333333335, "bicycle": 0.0033333333333333335, "back": 0.0033333333333333335, "growing": 0.0033333333333333335, "near": 0.01, "chain": 0.0033333333333333335, "link": 0.0033333333333333335, "distance": 0.006666666666666667, "yard": 0.0033333333333333335, "city": 0.0033333333333333335, "tall": 0.006666666666666667, "buildings": 0.0033333333333333335, "light": 0.0033333333333333335, "lined": 0.0033333333333333335, "shrubs": 0.0033333333333333335, "bunch": 0.0033333333333333335, "cow": 0.0033333333333333335, "middle": 0.0033333333333333335, "few": 0.0033333333333333335, "hill": 0.0033333333333333335, "behind": 0.0033333333333333335, "big": 0.0033333333333333335, "fire": 0.0033333333333333335, "hydrant": 0.0033333333333333335, "several": 0.0033333333333333335, "barn": 0.0033333333333333335}