{"car": 0.09333333333333334, "parked": 0.03666666666666667, "in": 0.21, "field": 0.023333333333333334, "building": 0.006666666666666667, "located": 0.06333333333333334, "neighborhood": 0.013333333333333334, "tree": 0.023333333333333334, "middle": 0.03666666666666667, "road": 0.61, "farm": 0.21333333333333335, "couple": 0.02666666666666667, "were": 0.02666666666666667, "last": 0.0033333333333333335, "seen": 0.016666666666666666, "together": 0.0033333333333333335, "this": 0.01, "rural": 0.0033333333333333335, "village": 0.06, "house": 0.26666666666666666, "beach": 0.02666666666666667, "city": 0.07666666666666666, "sheep": 0.0033333333333333335, "countryside": 0.04, "forest": 0.023333333333333334, "full": 0.0033333333333333335, "trees": 0.023333333333333334, "property": 0.06333333333333334, "where": 0.05, "person": 0.06333333333333334, "lived": 0.043333333333333335, "his": 0.02, "parents": 0.016666666666666666, "site": 0.006666666666666667, "proposed": 0.006666666666666667, "new": 0.01, "lodge": 0.0033333333333333335, "park": 0.043333333333333335, "now": 0.006666666666666667, "closed": 0.016666666666666666, "for": 0.04, "season": 0.0033333333333333335, "fall": 0.0033333333333333335, "view": 0.03, "mountains": 0.01, "beautiful": 0.02, "place": 0.013333333333333334, "visit": 0.013333333333333334, "castle": 0.04666666666666667, "spring": 0.006666666666666667, "couple's": 0.013333333333333334, "home": 0.03666666666666667, "on": 0.05, "market": 0.016666666666666666, "$1": 0.01, "lined": 0.02, "shrubs": 0.013333333333333334, "was": 0.06666666666666667, "spotted": 0.01, "airport": 0.006666666666666667, "yard": 0.0033333333333333335, "image": 0.02666666666666667, "#": 0.02666666666666667, "country": 0.03, "m": 0.01, "from": 0.056666666666666664, "center": 0.01, "internet,": 0.01, "pool,": 0.01, "terrace": 0.01, "factory": 0.006666666666666667, "vineyards": 0.0033333333333333335, "movie": 0.023333333333333334, "walking": 0.013333333333333334, "down": 0.01, "\u00a3": 0.006666666666666667, "1": 0.006666666666666667, "man": 0.0033333333333333335, "walks": 0.0033333333333333335, "heart": 0.006666666666666667, "found": 0.03333333333333333, "back": 0.0033333333333333335, "garden": 0.006666666666666667, "playground": 0.0033333333333333335, "family": 0.0033333333333333335, "future": 0.0033333333333333335, "area": 0.01, "girl": 0.006666666666666667, "camera": 0.0033333333333333335, "mounted": 0.0033333333333333335, "bow": 0.0033333333333333335, "ship": 0.0033333333333333335, "landscape": 0.006666666666666667, "summer": 0.006666666666666667, "old": 0.0033333333333333335, "19th": 0.0033333333333333335, "century,": 0.0033333333333333335, "completely": 0.0033333333333333335, "renovated": 0.0033333333333333335, "weekend": 0.006666666666666667, "at": 0.0033333333333333335, "estate": 0.0033333333333333335, "person,": 0.006666666666666667, "who": 0.006666666666666667, "shot": 0.0033333333333333335, "small": 0.016666666666666666, "town": 0.01, "mother": 0.0033333333333333335, "walk": 0.006666666666666667, "large": 0.013333333333333334, "swimming": 0.013333333333333334, "pool": 0.013333333333333334, "farmland": 0.0033333333333333335, "region": 0.0033333333333333335, "backyard": 0.0033333333333333335, "her": 0.0033333333333333335, "short": 0.006666666666666667, "time": 0.0033333333333333335, "near": 0.0033333333333333335, "border": 0.0033333333333333335, "set": 0.006666666666666667, "be": 0.006666666666666667, "demolished": 0.0033333333333333335, "travelling": 0.0033333333333333335, "along": 0.0033333333333333335, "grass": 0.0033333333333333335, "dog": 0.006666666666666667, "street": 0.0033333333333333335, "hotel": 0.0033333333333333335, "accommodation": 0.0033333333333333335, "type": 0.0033333333333333335, "rent": 0.0033333333333333335, "mile": 0.0033333333333333335, "long": 0.0033333333333333335, "living": 0.0033333333333333335, "wife": 0.0033333333333333335, "children": 0.0033333333333333335, "trip": 0.0033333333333333335, "through": 0.006666666666666667, "pictured": 0.0033333333333333335, "passerby": 0.0033333333333333335, "forced": 0.006666666666666667, "move": 0.006666666666666667, "out": 0.006666666666666667, "their": 0.01, "after": 0.0033333333333333335, "told": 0.0033333333333333335, "they": 0.0033333333333333335, "would": 0.0033333333333333335, "own": 0.0033333333333333335, "sale": 0.0033333333333333335, "several": 0.0033333333333333335, "days": 0.0033333333333333335, "acres": 0.0033333333333333335, "woodland": 0.0033333333333333335, "pub": 0.0033333333333333335, "truck": 0.0033333333333333335, "trailer": 0.0033333333333333335, "woods": 0.0033333333333333335}