{"car": 0.34666666666666696, "parking meter": 0.0033333333333333335, "zebra": 0.0033333333333333335, "bench": 0.016666666666666666, "stop sign": 0.016666666666666666, "sheep": 0.01, "boat": 0.0033333333333333335, "truck": 0.06333333333333334, "person": 0.09333333333333328, "bicycle": 0.006666666666666667, "backpack": 0.0033333333333333335, "kite": 0.02, "cow": 0.01, "fire hydrant": 0.01, "bus": 0.01, "train": 0.013333333333333334, "bird": 0.01, "giraffe": 0.013333333333333334, "traffic light": 0.0033333333333333335, "skateboard": 0.0033333333333333335, "surfboard": 0.0033333333333333335, "density": 2.369047619047619}