{"bicycle": 0.0025, "car": 0.4275000000000003, "person": 0.12000000000000006, "stop sign": 0.02, "bus": 0.0075, "truck": 0.0375, "bench": 0.0225, "giraffe": 0.01, "train": 0.0125, "fire hydrant": 0.0075, "potted plant": 0.0025, "skateboard": 0.0025, "surfboard": 0.0025, "elephant": 0.0025, "cow": 0.0125, "kite": 0.0225, "scissors": 0.0025, "clock": 0.005, "bird": 0.005, "horse": 0.0025, "parking meter": 0.005, "traffic light": 0.0025, "sheep": 0.024999999999999998, "airplane": 0.0025, "frisbee": 0.0025, "boat": 0.0025, "tv": 0.0025, "zebra": 0.0025, "density": 0.7725}