{"road": 0.5766666666666667, "house": 0.30333333333333334, "castle": 0.08666666666666667, "on": 0.02666666666666667, "market": 0.01, "for": 0.01, "\u00a3": 0.006666666666666667, "1": 0.006666666666666667, "in": 0.23333333333333334, "countryside": 0.07, "trees": 0.03, "full": 0.01, "bloom": 0.006666666666666667, "city": 0.09333333333333334, "beautiful": 0.05, "park": 0.03333333333333333, "middle": 0.03333333333333333, "street": 0.006666666666666667, "farm": 0.18333333333333332, "view": 0.03666666666666667, "river": 0.0033333333333333335, "place": 0.02666666666666667, "visit": 0.02, "home": 0.03, "person,": 0.01, "who": 0.006666666666666667, "now": 0.006666666666666667, "living": 0.01, "good": 0.006666666666666667, "condition": 0.006666666666666667, "where": 0.03333333333333333, "person": 0.043333333333333335, "lived": 0.016666666666666666, "his": 0.023333333333333334, "parents": 0.006666666666666667, "country": 0.01, "property": 0.07666666666666666, "image": 0.023333333333333334, "#": 0.023333333333333334, "large": 0.006666666666666667, "swimming": 0.006666666666666667, "pool": 0.006666666666666667, "car": 0.043333333333333335, "parked": 0.006666666666666667, "field": 0.04666666666666667, "located": 0.07666666666666666, "small": 0.03, "village": 0.06333333333333334, "grass": 0.006666666666666667, "building": 0.01, "m": 0.013333333333333334, "from": 0.04666666666666667, "center": 0.016666666666666666, "blues": 0.0033333333333333335, "artist": 0.0033333333333333335, "forest": 0.02666666666666667, "trail": 0.0033333333333333335, "bit": 0.0033333333333333335, "narrow,": 0.0033333333333333335, "but": 0.006666666666666667, "it's": 0.006666666666666667, "still": 0.0033333333333333335, "pretty": 0.006666666666666667, "was": 0.02666666666666667, "found": 0.02666666666666667, "area": 0.016666666666666666, "lined": 0.01, "shrubs": 0.01, "wheat": 0.016666666666666666, "movie": 0.006666666666666667, "town": 0.013333333333333334, "heart": 0.006666666666666667, "detached": 0.006666666666666667, "chalet": 0.0033333333333333335, "pictured": 0.0033333333333333335, "site": 0.01, "proposed": 0.006666666666666667, "new": 0.006666666666666667, "school": 0.006666666666666667, "set": 0.01, "acres": 0.01, "land": 0.01, "surrounded": 0.006666666666666667, "fields": 0.0033333333333333335, "internet,": 0.006666666666666667, "air": 0.006666666666666667, "conditioning,": 0.006666666666666667, "parking": 0.006666666666666667, "airport": 0.006666666666666667, "biological": 0.01, "species": 0.01, "beach": 0.016666666666666666, "couple": 0.03333333333333333, "were": 0.03333333333333333, "passerby": 0.0033333333333333335, "couple's": 0.01, "last": 0.006666666666666667, "seen": 0.02, "together": 0.0033333333333333335, "forced": 0.0033333333333333335, "flee": 0.0033333333333333335, "their": 0.006666666666666667, "after": 0.0033333333333333335, "attack": 0.0033333333333333335, "leading": 0.0033333333333333335, "museum": 0.0033333333333333335, "landscape": 0.006666666666666667, "back": 0.0033333333333333335, "mother": 0.01, "walking": 0.013333333333333334, "through": 0.01, "way": 0.006666666666666667, "party": 0.0033333333333333335, "private": 0.0033333333333333335, "valley": 0.0033333333333333335, "cyclist": 0.0033333333333333335, "rides": 0.0033333333333333335, "along": 0.006666666666666667, "sunny": 0.0033333333333333335, "day": 0.0033333333333333335, "spotted": 0.0033333333333333335, "highway": 0.0033333333333333335, "neighborhood": 0.006666666666666667, "down": 0.006666666666666667, "region": 0.006666666666666667, "apartment": 0.006666666666666667, "block": 0.0033333333333333335, "near": 0.0033333333333333335, "garden": 0.0033333333333333335, "path": 0.0033333333333333335, "attacked": 0.0033333333333333335, "mountains": 0.0033333333333333335, "$1": 0.0033333333333333335, "sign": 0.0033333333333333335, "trip": 0.0033333333333333335, "nowhere": 0.006666666666666667, "i'm": 0.0033333333333333335, "not": 0.0033333333333333335, "sure": 0.0033333333333333335, "what": 0.0033333333333333335, "kind": 0.0033333333333333335, "tree": 0.006666666666666667, "this": 0.0033333333333333335, "is,": 0.0033333333333333335, "cool": 0.0033333333333333335, "corn": 0.0033333333333333335, "man": 0.0033333333333333335, "walks": 0.0033333333333333335, "dog": 0.0033333333333333335, "woods": 0.006666666666666667, "holiday": 0.0033333333333333335, "quiet": 0.0033333333333333335, "location": 0.0033333333333333335, "garden,": 0.0033333333333333335, "at": 0.0033333333333333335, "wife": 0.0033333333333333335, "children": 0.0033333333333333335}