{"cow": 0.030000000000000002, "car": 0.27999999999999986, "fire hydrant": 0.013333333333333334, "person": 0.09999999999999994, "sheep": 0.0033333333333333335, "kite": 0.01, "stop sign": 0.02, "truck": 0.030000000000000002, "airplane": 0.006666666666666667, "bench": 0.0033333333333333335, "bus": 0.016666666666666666, "bird": 0.0033333333333333335, "boat": 0.0033333333333333335, "umbrella": 0.006666666666666667, "chair": 0.0033333333333333335, "backpack": 0.0033333333333333335, "skateboard": 0.006666666666666667, "motorcycle": 0.0033333333333333335, "bicycle": 0.0033333333333333335, "giraffe": 0.006666666666666667, "surfboard": 0.0033333333333333335, "dog": 0.0033333333333333335, "density": 0.56}