{"car": 0.02666666666666667, "parked": 0.016666666666666666, "on": 0.013333333333333334, "country": 0.0033333333333333335, "road": 0.6433333333333333, "house": 0.19333333333333333, "located": 0.043333333333333335, "in": 0.13, "city": 0.10666666666666667, "beach": 0.25, "site": 0.02, "proposed": 0.016666666666666666, "development": 0.006666666666666667, "couple": 0.01, "were": 0.01, "found": 0.023333333333333334, "park": 0.023333333333333334, "streets": 0.0033333333333333335, "lined": 0.016666666666666666, "cars": 0.0033333333333333335, "trees": 0.016666666666666666, "temple": 0.05, "front": 0.006666666666666667, "from": 0.02, "boat": 0.006666666666666667, "flag": 0.0033333333333333335, "farm": 0.02666666666666667, "mountains": 0.07333333333333333, "trail": 0.006666666666666667, "top": 0.016666666666666666, "heart": 0.016666666666666666, "river": 0.006666666666666667, "so": 0.006666666666666667, "wide": 0.0033333333333333335, "almost": 0.006666666666666667, "invisible": 0.0033333333333333335, "eye": 0.0033333333333333335, "hotel": 0.03, "small": 0.03333333333333333, "town": 0.043333333333333335, "forest": 0.016666666666666666, "beautiful": 0.03666666666666667, "place": 0.03, "tree": 0.043333333333333335, "middle": 0.03, "property": 0.013333333333333334, "neighborhood": 0.006666666666666667, "main": 0.01, "street": 0.02666666666666667, "village": 0.013333333333333334, "visit": 0.02, "good": 0.0033333333333333335, "condition": 0.0033333333333333335, "castle": 0.006666666666666667, "where": 0.04666666666666667, "person": 0.04666666666666667, "lived": 0.02666666666666667, "his": 0.0033333333333333335, "parents": 0.0033333333333333335, "landscape": 0.0033333333333333335, "area": 0.0033333333333333335, "parking": 0.023333333333333334, "lot": 0.023333333333333334, "entrance": 0.0033333333333333335, "lake": 0.0033333333333333335, "short": 0.006666666666666667, "drive": 0.0033333333333333335, "closed": 0.006666666666666667, "for": 0.01, "weekend": 0.006666666666666667, "plant": 0.006666666666666667, "hybrid": 0.0033333333333333335, "sun": 0.0033333333333333335, "sets": 0.0033333333333333335, "over": 0.01, "ocean": 0.0033333333333333335, "plants": 0.0033333333333333335, "growing": 0.0033333333333333335, "garden": 0.01, "movie": 0.0033333333333333335, "was": 0.04666666666666667, "born": 0.01, "spotted": 0.0033333333333333335, "off": 0.0033333333333333335, "coast": 0.0033333333333333335, "ruins": 0.0033333333333333335, "monastery": 0.0033333333333333335, "woods": 0.006666666666666667, "this": 0.0033333333333333335, "seen": 0.01, "walking": 0.006666666666666667, "through": 0.01, "bush": 0.0033333333333333335, "walk": 0.0033333333333333335, "man": 0.013333333333333334, "walks": 0.0033333333333333335, "down": 0.013333333333333334, "hillside": 0.0033333333333333335, "typical": 0.0033333333333333335, "new": 0.01, "building": 0.006666666666666667, "rocks": 0.0033333333333333335, "big": 0.0033333333333333335, "they": 0.0033333333333333335, "like": 0.0033333333333333335, "giant": 0.0033333333333333335, "couple's": 0.0033333333333333335, "home": 0.013333333333333334, "corner": 0.0033333333333333335, "school": 0.006666666666666667, "countryside": 0.006666666666666667, "trip": 0.006666666666666667, "view": 0.006666666666666667, "highway": 0.0033333333333333335, "cut": 0.006666666666666667, "desert": 0.006666666666666667, "backyard": 0.0033333333333333335, "drives": 0.0033333333333333335, "along": 0.0033333333333333335, "shrubs": 0.0033333333333333335, "jungle": 0.006666666666666667, "truck": 0.0033333333333333335, "driveway": 0.0033333333333333335, "arrested": 0.0033333333333333335, "after": 0.0033333333333333335, "he": 0.0033333333333333335, "reportedly": 0.0033333333333333335, "ran": 0.0033333333333333335, "hit": 0.0033333333333333335, "woman": 0.0033333333333333335, "head": 0.0033333333333333335, "full": 0.0033333333333333335, "airport": 0.0033333333333333335, "stairs": 0.0033333333333333335, "leading": 0.0033333333333333335, "up": 0.0033333333333333335, "bridge": 0.0033333333333333335, "suburb": 0.0033333333333333335, "old": 0.006666666666666667, "original": 0.0033333333333333335, "mine": 0.0033333333333333335, "fell": 0.0033333333333333335, "national": 0.0033333333333333335, "now": 0.006666666666666667, "ready": 0.0033333333333333335, "planting": 0.0033333333333333335, "person,": 0.006666666666666667, "who": 0.006666666666666667, "shot": 0.0033333333333333335, "living": 0.0033333333333333335, "field": 0.0033333333333333335}