{"truck": 0.09666666666666661, "car": 0.31666666666666676, "person": 0.22666666666666638, "dog": 0.0033333333333333335, "chair": 0.0033333333333333335, "bench": 0.030000000000000002, "train": 0.030000000000000002, "boat": 0.01, "toilet": 0.0033333333333333335, "fire hydrant": 0.013333333333333334, "cow": 0.030000000000000002, "motorcycle": 0.02666666666666667, "stop sign": 0.016666666666666666, "bird": 0.02666666666666667, "kite": 0.01, "bus": 0.016666666666666666, "traffic light": 0.016666666666666666, "zebra": 0.013333333333333334, "bicycle": 0.016666666666666666, "umbrella": 0.006666666666666667, "potted plant": 0.04, "frisbee": 0.0033333333333333335, "elephant": 0.006666666666666667, "sheep": 0.02666666666666667, "horse": 0.0033333333333333335, "hot dog": 0.006666666666666667, "surfboard": 0.0033333333333333335, "skateboard": 0.0033333333333333335, "giraffe": 0.01, "density": 1.0166666666666666}