{"cow": 0.05, "fire hydrant": 0.03, "person": 0.20000000000000004, "zebra": 0.03, "truck": 0.08, "car": 0.2700000000000001, "bench": 0.03, "bus": 0.03, "motorcycle": 0.01, "traffic light": 0.04, "train": 0.03, "kite": 0.01, "toilet": 0.01, "sheep": 0.08, "bird": 0.01, "horse": 0.01, "density": 0.92}