{"car": 0.2900000000000001, "truck": 0.02, "bus": 0.02, "person": 0.060000000000000005, "train": 0.01, "kite": 0.04, "sports ball": 0.01, "giraffe": 0.03, "umbrella": 0.02, "clock": 0.01, "stop sign": 0.02, "bench": 0.01, "boat": 0.01, "fire hydrant": 0.01, "density": 0.56}