{"stop sign": 0.013333333333333334, "person": 0.06333333333333334, "fire hydrant": 0.016666666666666666, "car": 0.3300000000000002, "bench": 0.02, "giraffe": 0.016666666666666666, "truck": 0.05666666666666667, "kite": 0.02, "skateboard": 0.0033333333333333335, "umbrella": 0.006666666666666667, "toilet": 0.0033333333333333335, "bus": 0.016666666666666666, "train": 0.006666666666666667, "boat": 0.006666666666666667, "sports ball": 0.0033333333333333335, "clock": 0.0033333333333333335, "traffic light": 0.0033333333333333335, "density": 0.59}