{"road": 0.5833333333333334, "train": 0.0033333333333333335, "station": 0.0033333333333333335, "city": 0.07, "house": 0.36333333333333334, "property": 0.08333333333333333, "image": 0.05, "#": 0.05, "m": 0.02, "from": 0.056666666666666664, "center": 0.02, "person": 0.06, "view": 0.04, "movie": 0.016666666666666666, "farm": 0.18333333333333332, "man": 0.0033333333333333335, "walks": 0.0033333333333333335, "his": 0.023333333333333334, "dog": 0.0033333333333333335, "in": 0.22666666666666666, "woods": 0.02, "located": 0.06, "neighborhood": 0.02, "tree": 0.006666666666666667, "middle": 0.04, "village": 0.05333333333333334, "mountains": 0.05, "animals": 0.0033333333333333335, "castle": 0.06666666666666667, "car": 0.04666666666666667, "was": 0.06, "found": 0.023333333333333334, "home": 0.02666666666666667, "person,": 0.006666666666666667, "who": 0.0033333333333333335, "now": 0.006666666666666667, "living": 0.006666666666666667, "beautiful": 0.03, "landscape": 0.013333333333333334, "internet,": 0.01, "air": 0.006666666666666667, "conditioning,": 0.006666666666666667, "parking": 0.01, "beach": 0.023333333333333334, "field": 0.02, "closed": 0.02, "for": 0.03666666666666667, "time": 0.0033333333333333335, "being": 0.0033333333333333335, "couple's": 0.013333333333333334, "on": 0.03333333333333333, "market": 0.016666666666666666, "$1": 0.006666666666666667, "parked": 0.01, "mountain": 0.0033333333333333335, "range": 0.0033333333333333335, "region": 0.016666666666666666, "where": 0.05, "attack": 0.0033333333333333335, "took": 0.0033333333333333335, "place": 0.023333333333333334, "lived": 0.03333333333333333, "spotted": 0.013333333333333334, "visit": 0.013333333333333334, "her": 0.0033333333333333335, "parents": 0.006666666666666667, "day": 0.0033333333333333335, "country": 0.02, "countryside": 0.03666666666666667, "trees": 0.02, "several": 0.006666666666666667, "hours": 0.006666666666666667, "forest": 0.013333333333333334, "abandoned": 0.0033333333333333335, "factory": 0.006666666666666667, "detached": 0.006666666666666667, "chalet": 0.006666666666666667, "heart": 0.0033333333333333335, "attacked": 0.0033333333333333335, "mother": 0.016666666666666666, "large": 0.016666666666666666, "swimming": 0.02, "pool": 0.016666666666666666, "spring": 0.0033333333333333335, "lined": 0.01, "girl": 0.0033333333333333335, "shot": 0.0033333333333333335, "couple": 0.013333333333333334, "were": 0.013333333333333334, "set": 0.0033333333333333335, "acres": 0.0033333333333333335, "land": 0.0033333333333333335, "outside": 0.0033333333333333335, "small": 0.013333333333333334, "town": 0.013333333333333334, "typical": 0.0033333333333333335, "good": 0.006666666666666667, "condition": 0.006666666666666667, "church": 0.0033333333333333335, "last": 0.0033333333333333335, "seen": 0.01, "truck": 0.0033333333333333335, "near": 0.0033333333333333335, "border": 0.0033333333333333335, "grass": 0.0033333333333333335, "barn": 0.0033333333333333335, "park": 0.016666666666666666, "\u00a3": 0.01, "1": 0.01, "family": 0.0033333333333333335, "have": 0.0033333333333333335, "been": 0.0033333333333333335, "forced": 0.0033333333333333335, "move": 0.0033333333333333335, "into": 0.0033333333333333335, "new": 0.01, "after": 0.006666666666666667, "their": 0.0033333333333333335, "collapsed": 0.0033333333333333335, "wheat": 0.01, "rustic": 0.0033333333333333335, "estate": 0.0033333333333333335, "castle,": 0.0033333333333333335, "pool,": 0.006666666666666667, "garden,": 0.0033333333333333335, "private": 0.0033333333333333335, "terrace": 0.006666666666666667, "incident": 0.0033333333333333335, "traffic": 0.0033333333333333335, "site": 0.01, "proposed": 0.006666666666666667, "school": 0.0033333333333333335, "born": 0.0033333333333333335, "at": 0.0033333333333333335, "fence": 0.0033333333333333335, "around": 0.0033333333333333335, "owner": 0.0033333333333333335, "sale": 0.0033333333333333335, "this": 0.0033333333333333335, "i": 0.0033333333333333335, "live": 0.0033333333333333335, "shrubs": 0.006666666666666667, "airport": 0.006666666666666667, "built": 0.0033333333333333335, "1930s": 0.0033333333333333335, "weekend": 0.0033333333333333335, "walking": 0.0033333333333333335, "down": 0.0033333333333333335, "side": 0.0033333333333333335, "cabin": 0.0033333333333333335, "driving": 0.006666666666666667, "through": 0.0033333333333333335, "rural": 0.0033333333333333335, "old": 0.0033333333333333335, "street": 0.0033333333333333335, "building": 0.0033333333333333335, "lot": 0.0033333333333333335}