{"road": 0.6533333333333333, "castle": 0.10333333333333333, "house": 0.26, "in": 0.19666666666666666, "village": 0.023333333333333334, "person": 0.07333333333333333, "long": 0.016666666666666666, "way": 0.013333333333333334, "field": 0.03666666666666667, "wheat": 0.0033333333333333335, "region": 0.006666666666666667, "where": 0.056666666666666664, "lived": 0.03333333333333333, "his": 0.013333333333333334, "mother": 0.01, "hotel": 0.023333333333333334, "tree": 0.02, "middle": 0.03333333333333333, "car": 0.13666666666666666, "was": 0.12, "found": 0.05333333333333334, "woods": 0.02, "located": 0.03, "heart": 0.006666666666666667, "farm": 0.12333333333333334, "parents": 0.0033333333333333335, "beach": 0.006666666666666667, "driveway": 0.006666666666666667, "city": 0.06333333333333334, "beautiful": 0.02, "country": 0.016666666666666666, "now": 0.01, "closed": 0.02666666666666667, "for": 0.03666666666666667, "season": 0.006666666666666667, "countryside": 0.05, "pub": 0.013333333333333334, "small": 0.006666666666666667, "town": 0.0033333333333333335, "couple": 0.02, "were": 0.02, "seen": 0.016666666666666666, "walking": 0.016666666666666666, "through": 0.02666666666666667, "view": 0.04, "from": 0.03666666666666667, "parking": 0.013333333333333334, "lot": 0.01, "passerby": 0.0033333333333333335, "park": 0.05333333333333334, "building": 0.0033333333333333335, "center": 0.006666666666666667, "leading": 0.0033333333333333335, "bit": 0.0033333333333333335, "mess": 0.0033333333333333335, "biological": 0.0033333333333333335, "species": 0.0033333333333333335, "stubble": 0.0033333333333333335, "pictured": 0.0033333333333333335, "sale": 0.013333333333333334, "property": 0.04666666666666667, "at": 0.006666666666666667, "end": 0.0033333333333333335, "airport": 0.013333333333333334, "path": 0.0033333333333333335, "attacked": 0.01, "man": 0.01, "down": 0.006666666666666667, "parked": 0.016666666666666666, "spotted": 0.043333333333333335, "on": 0.05333333333333334, "couple's": 0.0033333333333333335, "home": 0.01, "set": 0.0033333333333333335, "acres": 0.0033333333333333335, "land": 0.01, "surrounded": 0.0033333333333333335, "fields": 0.006666666666666667, "woodland": 0.0033333333333333335, "drive": 0.006666666666666667, "plowed": 0.0033333333333333335, "garden": 0.01, "future": 0.01, "street": 0.01, "area": 0.013333333333333334, "narrow": 0.0033333333333333335, "tunnel": 0.01, "trees": 0.02, "growing": 0.0033333333333333335, "forest": 0.04, "entrance": 0.0033333333333333335, "image": 0.01, "#": 0.01, "large": 0.006666666666666667, "swimming": 0.006666666666666667, "pool": 0.006666666666666667, "sign": 0.0033333333333333335, "movie": 0.006666666666666667, "trip": 0.0033333333333333335, "lined": 0.01, "shrubs": 0.006666666666666667, "weekend": 0.006666666666666667, "traffic": 0.01, "a-bedroom": 0.0033333333333333335, "short": 0.0033333333333333335, "walk": 0.0033333333333333335, "spring": 0.0033333333333333335, "m": 0.0033333333333333335, "internet,": 0.0033333333333333335, "air": 0.0033333333333333335, "conditioning,": 0.0033333333333333335, "place": 0.006666666666666667, "visit": 0.0033333333333333335, "running": 0.0033333333333333335, "driving": 0.0033333333333333335, "person,": 0.0033333333333333335, "who": 0.0033333333333333335, "living": 0.0033333333333333335, "redwoods": 0.0033333333333333335, "market": 0.006666666666666667, "\u00a3": 0.006666666666666667, "1": 0.006666666666666667, "bridge": 0.0033333333333333335, "over": 0.0033333333333333335, "river": 0.0033333333333333335, "leads": 0.0033333333333333335, "horse": 0.0033333333333333335, "grazing": 0.0033333333333333335, "several": 0.0033333333333333335, "hours": 0.0033333333333333335, "summer": 0.0033333333333333335, "neighborhood": 0.0033333333333333335}