{"car": 0.753333333333332, "person": 0.0833333333333333, "bus": 0.006666666666666667, "truck": 0.060000000000000005, "bench": 0.023333333333333334, "umbrella": 0.0033333333333333335, "kite": 0.0033333333333333335, "stop sign": 0.023333333333333334, "frisbee": 0.006666666666666667, "sheep": 0.013333333333333334, "potted plant": 0.02, "fire hydrant": 0.030000000000000002, "traffic light": 0.016666666666666666, "airplane": 0.01, "train": 0.01, "cow": 0.02, "clock": 0.006666666666666667, "boat": 0.01, "cup": 0.0033333333333333335, "bicycle": 0.0033333333333333335, "toilet": 0.0033333333333333335, "parking meter": 0.0033333333333333335, "bird": 0.0033333333333333335, "motorcycle": 0.006666666666666667, "dog": 0.0033333333333333335, "density": 1.1266666666666667}