{"road": 0.68, "trip,": 0.0033333333333333335, "car": 0.05333333333333334, "on": 0.02666666666666667, "roads": 0.0033333333333333335, "parked": 0.006666666666666667, "in": 0.18333333333333332, "middle": 0.03, "city": 0.14, "beautiful": 0.03333333333333333, "place": 0.03, "visit": 0.03, "field": 0.01, "biological": 0.0033333333333333335, "species": 0.0033333333333333335, "beach": 0.03666666666666667, "farm": 0.15666666666666668, "house": 0.21, "airport": 0.013333333333333334, "small": 0.02, "town": 0.02, "where": 0.05333333333333334, "person": 0.06, "was": 0.043333333333333335, "found": 0.03, "trip": 0.023333333333333334, "through": 0.03333333333333333, "countryside": 0.06, "property": 0.03666666666666667, "located": 0.06666666666666667, "area": 0.013333333333333334, "castle": 0.08, "lined": 0.03333333333333333, "trees": 0.04, "shrubs": 0.013333333333333334, "park": 0.02666666666666667, "tree": 0.023333333333333334, "long": 0.0033333333333333335, "one": 0.0033333333333333335, "view": 0.006666666666666667, "from": 0.016666666666666666, "parking": 0.02, "lot": 0.02, "neighborhood": 0.01, "drives": 0.0033333333333333335, "down": 0.01, "country": 0.006666666666666667, "home": 0.023333333333333334, "person,": 0.016666666666666666, "who": 0.013333333333333334, "shot": 0.006666666666666667, "lived": 0.043333333333333335, "his": 0.02, "parents": 0.01, "born": 0.0033333333333333335, "landscape": 0.0033333333333333335, "region": 0.006666666666666667, "highway": 0.01, "mountains": 0.02, "forest": 0.016666666666666666, "woods": 0.01, "growing": 0.0033333333333333335, "seen": 0.016666666666666666, "this": 0.006666666666666667, "undated": 0.0033333333333333335, "image": 0.0033333333333333335, "couple's": 0.01, "market": 0.006666666666666667, "for": 0.02, "\u00a3": 0.0033333333333333335, "1": 0.0033333333333333335, "mother": 0.013333333333333334, "good": 0.01, "condition": 0.01, "nowhere": 0.0033333333333333335, "now": 0.006666666666666667, "living": 0.006666666666666667, "closed": 0.006666666666666667, "weekend": 0.0033333333333333335, "village": 0.02, "movie": 0.01, "couple": 0.02666666666666667, "were": 0.02666666666666667, "walking": 0.013333333333333334, "i": 0.0033333333333333335, "grew": 0.0033333333333333335, "up": 0.0033333333333333335, "train": 0.0033333333333333335, "station": 0.006666666666666667, "heart": 0.013333333333333334, "bridge": 0.006666666666666667, "over": 0.006666666666666667, "river": 0.0033333333333333335, "my": 0.0033333333333333335, "yard": 0.0033333333333333335, "sale": 0.006666666666666667, "spotted": 0.01, "apartment": 0.0033333333333333335, "building": 0.006666666666666667, "body": 0.0033333333333333335, "houses": 0.0033333333333333335, "site": 0.01, "proposed": 0.01, "new": 0.01, "school": 0.01, "front": 0.0033333333333333335, "bit": 0.0033333333333333335, "mess": 0.0033333333333333335, "sign": 0.006666666666666667, "hotel": 0.006666666666666667, "$1": 0.0033333333333333335, "church": 0.0033333333333333335, "her": 0.0033333333333333335, "wheat": 0.0033333333333333335, "truck": 0.0033333333333333335, "corner": 0.0033333333333333335, "farms": 0.006666666666666667, "garden": 0.0033333333333333335, "man": 0.0033333333333333335, "arrested": 0.0033333333333333335, "after": 0.0033333333333333335, "he": 0.0033333333333333335, "reportedly": 0.0033333333333333335, "jumped": 0.0033333333333333335, "being": 0.0033333333333333335, "used": 0.0033333333333333335, "as": 0.0033333333333333335, "police": 0.0033333333333333335, "several": 0.0033333333333333335, "hours": 0.0033333333333333335}