{"road": 0.43666666666666665, "cars": 0.06, "cows": 0.13333333333333333, "person": 0.03333333333333333, "dog": 0.013333333333333334, "standing": 0.043333333333333335, "in": 0.30666666666666664, "field": 0.37, "on": 0.36333333333333334, "herd": 0.18, "sheep": 0.15, "grazing": 0.19666666666666666, "lush": 0.04, "green": 0.25, "next": 0.07666666666666666, "car": 0.36666666666666664, "driving": 0.15333333333333332, "down": 0.13333333333333333, "cattle": 0.07333333333333333, "side": 0.11, "pasture": 0.05333333333333334, "motorcycle": 0.22333333333333333, "parked": 0.22, "past": 0.03666666666666667, "farm": 0.10666666666666667, "animals": 0.17, "grass": 0.05, "small": 0.016666666666666666, "blue": 0.006666666666666667, "house": 0.013333333333333334, "street": 0.07333333333333333, "some": 0.04, "background": 0.07, "row": 0.0033333333333333335, "motorcycles": 0.016666666666666666, "sitting": 0.03333333333333333, "top": 0.02666666666666667, "sign": 0.02666666666666667, "reads": 0.0033333333333333335, "\"green": 0.0033333333333333335, "pasture\"": 0.0033333333333333335, "": 0.18333333333333332, "lot": 0.03666666666666667, "large": 0.06666666666666667, "truck": 0.02666666666666667, "front": 0.02666666666666667, "wooden": 0.01, "fence": 0.03, "two": 0.0033333333333333335, "bunch": 0.016666666666666666, "trees": 0.03333333333333333, "trailer": 0.0033333333333333335, "park": 0.006666666666666667, "horse": 0.006666666666666667, "highway": 0.013333333333333334, "driveway": 0.0033333333333333335, "several": 0.01, "middle": 0.01, "dirt": 0.03666666666666667, "wide": 0.0033333333333333335, "shot": 0.0033333333333333335, "few": 0.006666666666666667, "group": 0.006666666666666667, "shop": 0.0033333333333333335, "couple": 0.02666666666666667, "building": 0.02666666666666667, "houses": 0.01, "passing": 0.01, "metal": 0.0033333333333333335, "tree": 0.0033333333333333335, "forest": 0.023333333333333334, "number": 0.013333333333333334, "parking": 0.0033333333333333335, "bench": 0.0033333333333333335, "stop": 0.013333333333333334, "white": 0.006666666666666667, "near": 0.01, "fire": 0.0033333333333333335, "hydrant": 0.0033333333333333335, "scene": 0.0033333333333333335, "grassy": 0.0033333333333333335, "cat": 0.0033333333333333335, "ground": 0.0033333333333333335, "cats": 0.0033333333333333335, "taking": 0.006666666666666667, "through": 0.0033333333333333335, "train": 0.006666666666666667, "yard": 0.0033333333333333335, "tracks": 0.0033333333333333335, "man": 0.0033333333333333335, "planes": 0.0033333333333333335, "covered": 0.0033333333333333335, "vegetation": 0.0033333333333333335, "gravel": 0.0033333333333333335, "blur": 0.0033333333333333335, "plane": 0.0033333333333333335, "distance": 0.0033333333333333335}