{"person": 0.09999999999999994, "car": 0.27333333333333315, "truck": 0.06333333333333334, "bicycle": 0.0033333333333333335, "bus": 0.006666666666666667, "clock": 0.006666666666666667, "dog": 0.0033333333333333335, "giraffe": 0.0033333333333333335, "cow": 0.006666666666666667, "train": 0.006666666666666667, "frisbee": 0.006666666666666667, "kite": 0.0033333333333333335, "stop sign": 0.006666666666666667, "boat": 0.006666666666666667, "bench": 0.013333333333333334, "bird": 0.0033333333333333335, "bottle": 0.0033333333333333335, "umbrella": 0.0033333333333333335, "sports ball": 0.0033333333333333335, "horse": 0.0033333333333333335, "density": 0.5266666666666666}