{"car": 0.20600000000000016, "person": 0.11600000000000009, "chair": 0.008, "suitcase": 0.002, "giraffe": 0.014, "train": 0.016, "stop sign": 0.014, "truck": 0.06400000000000004, "cow": 0.020000000000000004, "bench": 0.012, "bicycle": 0.012, "motorcycle": 0.018000000000000002, "kite": 0.01, "dog": 0.002, "bus": 0.008, "potted plant": 0.006, "clock": 0.002, "tv": 0.002, "bird": 0.01, "sheep": 0.004, "tennis racket": 0.002, "umbrella": 0.002, "sports ball": 0.004, "horse": 0.008, "backpack": 0.002, "traffic light": 0.002, "boat": 0.006, "parking meter": 0.004, "frisbee": 0.002, "knife": 0.002, "density": 0.58}