{"car": 0.15999999999999984, "bench": 0.016666666666666666, "truck": 0.05, "person": 0.09999999999999994, "train": 0.013333333333333334, "bird": 0.01, "stop sign": 0.016666666666666666, "backpack": 0.0033333333333333335, "cow": 0.023333333333333334, "parking meter": 0.0033333333333333335, "traffic light": 0.0033333333333333335, "kite": 0.006666666666666667, "bicycle": 0.006666666666666667, "motorcycle": 0.013333333333333334, "giraffe": 0.016666666666666666, "tennis racket": 0.0033333333333333335, "umbrella": 0.0033333333333333335, "horse": 0.0033333333333333335, "sheep": 0.0033333333333333335, "dog": 0.0033333333333333335, "boat": 0.006666666666666667, "sports ball": 0.0033333333333333335, "potted plant": 0.006666666666666667, "clock": 0.0033333333333333335, "tv": 0.0033333333333333335, "frisbee": 0.0033333333333333335, "density": 2.1791044776119404}