{"frisbee": 0.0025, "stop sign": 0.015000000000000001, "parking meter": 0.005, "person": 0.11500000000000006, "potted plant": 0.005, "clock": 0.0025, "tv": 0.0025, "train": 0.0175, "truck": 0.07000000000000002, "car": 0.22750000000000015, "bench": 0.0125, "bus": 0.01, "bicycle": 0.0125, "cow": 0.015000000000000001, "horse": 0.01, "bird": 0.0125, "giraffe": 0.0125, "boat": 0.0075, "chair": 0.01, "suitcase": 0.0025, "sheep": 0.005, "motorcycle": 0.0225, "kite": 0.0075, "dog": 0.0025, "sports ball": 0.0025, "traffic light": 0.0025, "knife": 0.0025, "tennis racket": 0.0025, "umbrella": 0.0025, "density": 0.6175}