{"person": 0.13999999999999987, "potted plant": 0.01, "clock": 0.0033333333333333335, "tv": 0.0033333333333333335, "bicycle": 0.013333333333333334, "motorcycle": 0.013333333333333334, "car": 0.27333333333333315, "kite": 0.01, "truck": 0.04666666666666667, "bench": 0.013333333333333334, "train": 0.006666666666666667, "chair": 0.013333333333333334, "suitcase": 0.0033333333333333335, "bird": 0.006666666666666667, "giraffe": 0.01, "stop sign": 0.023333333333333334, "parking meter": 0.006666666666666667, "horse": 0.013333333333333334, "cow": 0.023333333333333334, "sports ball": 0.0033333333333333335, "dog": 0.0033333333333333335, "bus": 0.006666666666666667, "backpack": 0.0033333333333333335, "sheep": 0.006666666666666667, "boat": 0.006666666666666667, "traffic light": 0.0033333333333333335, "density": 0.6666666666666666}