{"road": 0.7166666666666667, "farm": 0.15333333333333332, "house": 0.15333333333333332, "property": 0.03, "located": 0.02666666666666667, "in": 0.11666666666666667, "heart": 0.006666666666666667, "mountains": 0.05333333333333334, "desert": 0.013333333333333334, "beach": 0.22, "forest": 0.02666666666666667, "beautiful": 0.04, "place": 0.04, "city": 0.08333333333333333, "visit": 0.023333333333333334, "temple": 0.07, "tree": 0.03333333333333333, "bush": 0.006666666666666667, "where": 0.05, "person": 0.043333333333333335, "lived": 0.016666666666666666, "his": 0.006666666666666667, "mother": 0.006666666666666667, "small": 0.02666666666666667, "village": 0.006666666666666667, "town": 0.03, "middle": 0.04666666666666667, "nowhere": 0.006666666666666667, "jungle": 0.03333333333333333, "world": 0.0033333333333333335, "dark": 0.0033333333333333335, "cave": 0.0033333333333333335, "was": 0.03666666666666667, "born": 0.013333333333333334, "couple": 0.016666666666666666, "were": 0.016666666666666666, "found": 0.03, "wandering": 0.0033333333333333335, "countryside": 0.03, "on": 0.016666666666666666, "their": 0.0033333333333333335, "way": 0.0033333333333333335, "home": 0.01, "from": 0.02, "party": 0.0033333333333333335, "car": 0.02666666666666667, "park": 0.013333333333333334, "area": 0.0033333333333333335, "person,": 0.0033333333333333335, "who": 0.0033333333333333335, "now": 0.006666666666666667, "living": 0.0033333333333333335, "drive": 0.006666666666666667, "region": 0.006666666666666667, "field": 0.016666666666666666, "lined": 0.006666666666666667, "trees": 0.01, "hotel": 0.013333333333333334, "passerby": 0.0033333333333333335, "garden": 0.0033333333333333335, "i'm": 0.0033333333333333335, "most": 0.0033333333333333335, "alive": 0.0033333333333333335, "border": 0.0033333333333333335, "seen": 0.013333333333333334, "this": 0.006666666666666667, "undated": 0.006666666666666667, "image": 0.016666666666666666, "parked": 0.0033333333333333335, "country": 0.0033333333333333335, "wheat": 0.0033333333333333335, "woods": 0.013333333333333334, "site": 0.01, "proposed": 0.01, "new": 0.01, "school": 0.01, "short": 0.006666666666666667, "walk": 0.006666666666666667, "view": 0.0033333333333333335, "top": 0.006666666666666667, "mountain": 0.0033333333333333335, "walking": 0.006666666666666667, "through": 0.02666666666666667, "grassland": 0.0033333333333333335, "bit": 0.0033333333333333335, "too": 0.0033333333333333335, "big": 0.0033333333333333335, "for": 0.01, "me": 0.0033333333333333335, "#": 0.01, "large": 0.006666666666666667, "swimming": 0.006666666666666667, "pool": 0.006666666666666667, "fell": 0.0033333333333333335, "parking": 0.01, "lot": 0.006666666666666667, "neighborhood": 0.0033333333333333335, "at": 0.0033333333333333335, "end": 0.0033333333333333335, "couple's": 0.0033333333333333335, "sign": 0.006666666666666667, "trip": 0.016666666666666666, "street": 0.023333333333333334, "shot": 0.0033333333333333335, "m": 0.0033333333333333335, "center": 0.0033333333333333335, "internet,": 0.0033333333333333335, "air": 0.0033333333333333335, "conditioning,": 0.0033333333333333335, "man": 0.0033333333333333335, "walks": 0.0033333333333333335, "down": 0.0033333333333333335, "main": 0.006666666666666667, "truck": 0.0033333333333333335, "drives": 0.0033333333333333335, "future": 0.006666666666666667, "old": 0.0033333333333333335, "pine": 0.0033333333333333335, "biological": 0.0033333333333333335, "species": 0.0033333333333333335, "building": 0.006666666666666667, "public": 0.0033333333333333335, "closed": 0.0033333333333333335, "weekend": 0.0033333333333333335, "market": 0.0033333333333333335, "$1": 0.0033333333333333335, "river": 0.01, "province": 0.0033333333333333335, "bridge": 0.0033333333333333335, "over": 0.0033333333333333335}