{"boat": 0.01, "stop sign": 0.02, "bus": 0.01, "car": 0.31000000000000016, "train": 0.02, "truck": 0.06499999999999999, "kite": 0.005, "bird": 0.015, "bench": 0.01, "cow": 0.02, "person": 0.12500000000000003, "parking meter": 0.01, "sheep": 0.005, "motorcycle": 0.015, "bicycle": 0.01, "sports ball": 0.01, "horse": 0.015, "knife": 0.005, "density": 0.68}