{"bird": 0.006666666666666667, "truck": 0.07333333333333332, "person": 0.3866666666666672, "horse": 0.013333333333333334, "giraffe": 0.016666666666666666, "car": 0.1433333333333332, "bench": 0.013333333333333334, "train": 0.030000000000000002, "motorcycle": 0.09666666666666661, "bicycle": 0.013333333333333334, "fire hydrant": 0.006666666666666667, "cow": 0.030000000000000002, "boat": 0.01, "chair": 0.02, "stop sign": 0.013333333333333334, "potted plant": 0.006666666666666667, "sheep": 0.01, "kite": 0.013333333333333334, "backpack": 0.006666666666666667, "parking meter": 0.0033333333333333335, "bus": 0.01, "traffic light": 0.0033333333333333335, "surfboard": 0.0033333333333333335, "clock": 0.0033333333333333335, "umbrella": 0.013333333333333334, "density": 0.9466666666666667}