{"road": 0.5933333333333334, "mountains": 0.06666666666666667, "this": 0.01, "house": 0.27, "i": 0.006666666666666667, "grew": 0.006666666666666667, "up": 0.006666666666666667, "in": 0.2, "property": 0.03, "image": 0.0033333333333333335, "#": 0.0033333333333333335, "m": 0.0033333333333333335, "from": 0.06666666666666667, "center": 0.0033333333333333335, "person": 0.05, "jungle": 0.023333333333333334, "city": 0.09666666666666666, "beautiful": 0.03666666666666667, "place": 0.023333333333333334, "visit": 0.02, "beach": 0.19, "lined": 0.016666666666666666, "trees": 0.006666666666666667, "shrubs": 0.0033333333333333335, "view": 0.016666666666666666, "parking": 0.016666666666666666, "lot": 0.016666666666666666, "tree": 0.05333333333333334, "middle": 0.04666666666666667, "river": 0.01, "so": 0.0033333333333333335, "wide": 0.0033333333333333335, "almost": 0.0033333333333333335, "invisible": 0.0033333333333333335, "eye": 0.0033333333333333335, "located": 0.06666666666666667, "neighborhood": 0.006666666666666667, "temple": 0.09333333333333334, "where": 0.04666666666666667, "lived": 0.03333333333333333, "top": 0.006666666666666667, "farm": 0.04666666666666667, "village": 0.04, "forest": 0.013333333333333334, "streets": 0.01, "cottages": 0.0033333333333333335, "coast": 0.0033333333333333335, "park": 0.02666666666666667, "heart": 0.023333333333333334, "person,": 0.006666666666666667, "family": 0.0033333333333333335, "lives": 0.0033333333333333335, "his": 0.0033333333333333335, "mother": 0.0033333333333333335, "garden": 0.016666666666666666, "cave": 0.006666666666666667, "sign": 0.01, "field": 0.013333333333333334, "ruins": 0.0033333333333333335, "old": 0.0033333333333333335, "man": 0.023333333333333334, "was": 0.04, "arrested": 0.013333333333333334, "after": 0.016666666666666666, "he": 0.013333333333333334, "reportedly": 0.013333333333333334, "threw": 0.01, "bottle": 0.006666666666666667, "at": 0.006666666666666667, "car": 0.02666666666666667, "site": 0.006666666666666667, "original": 0.0033333333333333335, "for": 0.013333333333333334, "sale": 0.006666666666666667, "spotted": 0.01, "street": 0.02, "small": 0.023333333333333334, "just": 0.006666666666666667, "short": 0.013333333333333334, "walk": 0.013333333333333334, "countryside": 0.013333333333333334, "couple": 0.013333333333333334, "were": 0.016666666666666666, "walking": 0.0033333333333333335, "along": 0.0033333333333333335, "hotel": 0.006666666666666667, "town": 0.02, "corn": 0.0033333333333333335, "homes": 0.0033333333333333335, "area": 0.006666666666666667, "cut": 0.006666666666666667, "down": 0.006666666666666667, "now": 0.01, "on": 0.006666666666666667, "market": 0.0033333333333333335, "\u00a3": 0.0033333333333333335, "1": 0.0033333333333333335, "movie": 0.013333333333333334, "entrance": 0.006666666666666667, "attacked": 0.0033333333333333335, "closed": 0.0033333333333333335, "season": 0.0033333333333333335, "bridge": 0.0033333333333333335, "over": 0.006666666666666667, "left": 0.0033333333333333335, "broken": 0.0033333333333333335, "leg": 0.0033333333333333335, "they": 0.0033333333333333335, "driving": 0.01, "struck": 0.0033333333333333335, "stands": 0.0033333333333333335, "found": 0.01, "community": 0.006666666666666667, "quiet": 0.0033333333333333335, "suburb": 0.0033333333333333335, "proposed": 0.0033333333333333335, "new": 0.0033333333333333335, "school": 0.0033333333333333335, "stone": 0.0033333333333333335, "police": 0.0033333333333333335, "officer": 0.0033333333333333335, "woods": 0.006666666666666667, "castle": 0.0033333333333333335, "very": 0.0033333333333333335, "beer": 0.0033333333333333335, "into": 0.0033333333333333335, "crowd": 0.0033333333333333335, "people": 0.0033333333333333335, "white": 0.0033333333333333335, "shirt": 0.0033333333333333335, "jeans": 0.0033333333333333335, "country": 0.0033333333333333335, "houses": 0.0033333333333333335, "looks": 0.0033333333333333335, "like": 0.0033333333333333335, "has": 0.0033333333333333335, "been": 0.0033333333333333335, "home": 0.0033333333333333335, "who": 0.0033333333333333335, "living": 0.0033333333333333335, "main": 0.0033333333333333335, "building": 0.0033333333333333335, "waterfall": 0.0033333333333333335, "desert": 0.006666666666666667, "trail": 0.0033333333333333335, "dog": 0.0033333333333333335, "born": 0.006666666666666667, "hills": 0.0033333333333333335, "ran": 0.0033333333333333335, "growing": 0.0033333333333333335, "through": 0.0033333333333333335, "rural": 0.0033333333333333335, "shot": 0.0033333333333333335, "back": 0.0033333333333333335, "pickup": 0.0033333333333333335, "truck": 0.0033333333333333335, "nowhere": 0.0033333333333333335}