{"car": 0.27666666666666667, "driving": 0.16666666666666666, "down": 0.17, "road": 0.48, "next": 0.13666666666666666, "herd": 0.17333333333333334, "animals": 0.25, "green": 0.18333333333333332, "fire": 0.01, "hydrant": 0.01, "sitting": 0.023333333333333334, "in": 0.3, "middle": 0.016666666666666666, "forest": 0.06666666666666667, "truck": 0.05333333333333334, "street": 0.13333333333333333, "small": 0.016666666666666666, "building": 0.09333333333333334, "motorcycle": 0.2966666666666667, "parked": 0.3433333333333333, "front": 0.08333333333333333, "on": 0.3933333333333333, "side": 0.17333333333333334, "dirt": 0.22, "field": 0.23333333333333334, "blue": 0.0033333333333333335, "large": 0.06, "pasture": 0.023333333333333334, "grazing": 0.12, "farm": 0.03333333333333333, "background": 0.02666666666666667, "couple": 0.02666666666666667, "very": 0.006666666666666667, "pretty": 0.0033333333333333335, "mountain": 0.013333333333333334, "sign": 0.03, "horse": 0.04, "behind": 0.0033333333333333335, "fence": 0.016666666666666666, "town": 0.0033333333333333335, "lot": 0.043333333333333335, "buildings": 0.0033333333333333335, "yellow": 0.0033333333333333335, "reads": 0.006666666666666667, "\"dixie\"": 0.0033333333333333335, "": 0.37, "sheep": 0.05, "drawn": 0.006666666666666667, "cattle": 0.05333333333333334, "standing": 0.043333333333333335, "park": 0.01, "tree": 0.01, "stone": 0.0033333333333333335, "parking": 0.006666666666666667, "two": 0.006666666666666667, "motorcycles": 0.02666666666666667, "grass": 0.03, "big": 0.006666666666666667, "grassy": 0.0033333333333333335, "red": 0.006666666666666667, "carriage": 0.0033333333333333335, "stop": 0.0033333333333333335, "shown": 0.0033333333333333335, "near": 0.016666666666666666, "elephants": 0.0033333333333333335, "person": 0.023333333333333334, "past": 0.023333333333333334, "cows": 0.043333333333333335, "bunch": 0.03, "blurry": 0.023333333333333334, "train": 0.0033333333333333335, "going": 0.0033333333333333335, "track": 0.0033333333333333335, "image": 0.0033333333333333335, "river": 0.006666666666666667, "rocks": 0.0033333333333333335, "trees": 0.023333333333333334, "top": 0.03, "white": 0.006666666666666667, "cars": 0.03333333333333333, "beach": 0.006666666666666667, "wooden": 0.006666666666666667, "lush": 0.03333333333333333, "group": 0.0033333333333333335, "dry": 0.0033333333333333335, "scenic": 0.0033333333333333335, "view": 0.0033333333333333335, "waterfall": 0.0033333333333333335, "man": 0.01, "drives": 0.0033333333333333335, "different": 0.0033333333333333335, "boat": 0.0033333333333333335, "water": 0.006666666666666667, "hill": 0.0033333333333333335, "house": 0.0033333333333333335, "highway": 0.0033333333333333335, "light": 0.0033333333333333335, "bench": 0.0033333333333333335, "hillside": 0.006666666666666667, "dog": 0.0033333333333333335, "riding": 0.0033333333333333335, "some": 0.0033333333333333335, "people": 0.0033333333333333335, "lake": 0.0033333333333333335, "desert": 0.01, "horses": 0.0033333333333333335, "taking": 0.0033333333333333335, "yard": 0.006666666666666667, "structure": 0.0033333333333333335, "crossing": 0.0033333333333333335, "houses": 0.0033333333333333335, "van": 0.0033333333333333335, "cat": 0.0033333333333333335, "surrounded": 0.0033333333333333335, "pair": 0.0033333333333333335, "planes": 0.0033333333333333335, "wooded": 0.0033333333333333335, "area": 0.0033333333333333335, "body": 0.0033333333333333335, "walking": 0.0033333333333333335, "\"the": 0.0033333333333333335, "forest\"": 0.0033333333333333335, "few": 0.0033333333333333335, "mountains": 0.0033333333333333335, "pile": 0.0033333333333333335, "trailer": 0.0033333333333333335}