{"person": 0.37000000000000016, "car": 0.18000000000000002, "truck": 0.09, "boat": 0.01, "kite": 0.01, "train": 0.03, "bus": 0.01, "stop sign": 0.01, "cow": 0.05, "fire hydrant": 0.01, "motorcycle": 0.10999999999999999, "backpack": 0.01, "potted plant": 0.02, "bird": 0.01, "chair": 0.04, "bicycle": 0.01, "traffic light": 0.01, "bench": 0.02, "giraffe": 0.04, "density": 1.04}