{"car": 0.46000000000000024, "bench": 0.05, "truck": 0.05, "bus": 0.01, "stop sign": 0.05, "baseball bat": 0.01, "person": 0.15, "sheep": 0.03, "bicycle": 0.060000000000000005, "potted plant": 0.08, "motorcycle": 0.01, "umbrella": 0.01, "cow": 0.05, "refrigerator": 0.01, "parking meter": 0.01, "horse": 0.01, "clock": 0.01, "dog": 0.01, "boat": 0.01, "density": 1.08}