{"person": 0.15333333333333318, "car": 0.4233333333333341, "boat": 0.01, "truck": 0.06666666666666667, "kite": 0.01, "fire hydrant": 0.013333333333333334, "frisbee": 0.006666666666666667, "train": 0.02, "stop sign": 0.023333333333333334, "cow": 0.05, "parking meter": 0.0033333333333333335, "potted plant": 0.04666666666666667, "umbrella": 0.006666666666666667, "sheep": 0.02, "bench": 0.03333333333333333, "giraffe": 0.0033333333333333335, "bicycle": 0.030000000000000002, "motorcycle": 0.006666666666666667, "bus": 0.006666666666666667, "horse": 0.0033333333333333335, "dog": 0.0033333333333333335, "refrigerator": 0.0033333333333333335, "baseball bat": 0.0033333333333333335, "clock": 0.0033333333333333335, "density": 0.95}