{"road": 0.6566666666666666, "house": 0.31333333333333335, "entrance": 0.013333333333333334, "park": 0.03333333333333333, "train": 0.006666666666666667, "station": 0.0033333333333333335, "property": 0.03666666666666667, "image": 0.023333333333333334, "#": 0.02, "in": 0.15, "mountains": 0.21, "farm": 0.11, "animals": 0.006666666666666667, "castle": 0.06333333333333334, "village": 0.03, "countryside": 0.03333333333333333, "large": 0.01, "swimming": 0.01, "pool": 0.01, "from": 0.06333333333333334, "movie": 0.013333333333333334, "where": 0.023333333333333334, "person": 0.02666666666666667, "was": 0.02666666666666667, "found": 0.013333333333333334, "forest": 0.03666666666666667, "trees": 0.023333333333333334, "shrubs": 0.0033333333333333335, "sea": 0.0033333333333333335, "summit": 0.006666666666666667, "street": 0.01, "building": 0.006666666666666667, "located": 0.03666666666666667, "city": 0.06666666666666667, "going": 0.0033333333333333335, "pass": 0.0033333333333333335, "through": 0.016666666666666666, "snow": 0.0033333333333333335, "still": 0.0033333333333333335, "there,": 0.0033333333333333335, "but": 0.006666666666666667, "gone": 0.0033333333333333335, "small": 0.006666666666666667, "m": 0.0033333333333333335, "center": 0.0033333333333333335, "internet,": 0.0033333333333333335, "air": 0.0033333333333333335, "conditioning,": 0.0033333333333333335, "parking": 0.02666666666666667, "view": 0.03, "lot": 0.023333333333333334, "trip": 0.006666666666666667, "lived": 0.013333333333333334, "car": 0.03333333333333333, "on": 0.016666666666666666, "corner": 0.0033333333333333335, "site": 0.006666666666666667, "original": 0.0033333333333333335, "fire": 0.0033333333333333335, "field": 0.02, "wheat": 0.01, "beach": 0.006666666666666667, "hotel": 0.013333333333333334, "outside": 0.006666666666666667, "full": 0.006666666666666667, "pine": 0.006666666666666667, "cave": 0.0033333333333333335, "trail": 0.0033333333333333335, "bit": 0.0033333333333333335, "steep,": 0.0033333333333333335, "not": 0.0033333333333333335, "bad": 0.0033333333333333335, "for": 0.016666666666666666, "hike": 0.0033333333333333335, "biological": 0.0033333333333333335, "species": 0.0033333333333333335, "neighborhood": 0.0033333333333333335, "sale": 0.006666666666666667, "home": 0.01, "actor": 0.0033333333333333335, "beautiful": 0.02666666666666667, "place": 0.013333333333333334, "visit": 0.013333333333333334, "region": 0.006666666666666667, "spotted": 0.006666666666666667, "lined": 0.01, "cabin": 0.01, "farmhouse": 0.0033333333333333335, "population": 0.0033333333333333335, "around": 0.0033333333333333335, "3,000": 0.0033333333333333335, "rain": 0.0033333333333333335, "town": 0.013333333333333334, "tree": 0.006666666666666667, "woods": 0.01, "man": 0.013333333333333334, "walks": 0.0033333333333333335, "his": 0.013333333333333334, "dog": 0.006666666666666667, "set": 0.0033333333333333335, "acres": 0.0033333333333333335, "land": 0.0033333333333333335, "heart": 0.0033333333333333335, "at": 0.006666666666666667, "grass": 0.006666666666666667, "greener": 0.0033333333333333335, "other": 0.0033333333333333335, "side": 0.0033333333333333335, "bridge": 0.01, "over": 0.006666666666666667, "river": 0.013333333333333334, "proposed": 0.0033333333333333335, "new": 0.0033333333333333335, "school": 0.0033333333333333335, "mother": 0.0033333333333333335, "parents": 0.0033333333333333335, "middle": 0.01, "path": 0.0033333333333333335, "top": 0.006666666666666667, "couple's": 0.0033333333333333335, "market": 0.006666666666666667, "$1": 0.0033333333333333335, "drives": 0.0033333333333333335, "rural": 0.0033333333333333335, "area": 0.0033333333333333335, "pink": 0.0033333333333333335, "old": 0.0033333333333333335, "summer": 0.0033333333333333335, "tall": 0.0033333333333333335, "airport": 0.0033333333333333335, "person,": 0.0033333333333333335, "who": 0.0033333333333333335, "shot": 0.0033333333333333335, "killed": 0.0033333333333333335, "i": 0.0033333333333333335, "live": 0.0033333333333333335, "short": 0.006666666666666667, "walk": 0.006666666666666667, "mountain": 0.0033333333333333335, "\u00a3": 0.0033333333333333335, "1": 0.0033333333333333335, "struck": 0.0033333333333333335}