{"road": 0.39666666666666667, "car": 0.16, "some": 0.01, "animals": 0.12333333333333334, "on": 0.38333333333333336, "herd": 0.13666666666666666, "cattle": 0.07666666666666666, "grazing": 0.2, "lush": 0.07, "green": 0.3566666666666667, "field": 0.36333333333333334, "driving": 0.14666666666666667, "down": 0.13666666666666666, "several": 0.01, "trains": 0.0033333333333333335, "truck": 0.02666666666666667, "in": 0.2866666666666667, "distance": 0.0033333333333333335, "blurry": 0.07, "black": 0.006666666666666667, "cat": 0.006666666666666667, "farm": 0.02666666666666667, "cows": 0.10333333333333333, "background": 0.07666666666666666, "plane": 0.0033333333333333335, "flying": 0.0033333333333333335, "sky": 0.0033333333333333335, "motorcycle": 0.23, "parked": 0.22666666666666666, "next": 0.06333333333333334, "fence": 0.006666666666666667, "near": 0.02, "building": 0.05, "past": 0.023333333333333334, "sheep": 0.09666666666666666, "forest": 0.043333333333333335, "group": 0.04666666666666667, "cars": 0.07666666666666666, "each": 0.006666666666666667, "other": 0.006666666666666667, "street": 0.06666666666666667, "scene": 0.016666666666666666, "trees": 0.06333333333333334, "side": 0.12, "large": 0.07, "front": 0.04666666666666667, "ground": 0.006666666666666667, "highway": 0.02, "standing": 0.04666666666666667, "top": 0.04666666666666667, "mountain": 0.04666666666666667, "pasture": 0.07333333333333333, "house": 0.02, "person": 0.03, "sitting": 0.02, "bridge": 0.0033333333333333335, "red": 0.0033333333333333335, "through": 0.01, "thicket": 0.0033333333333333335, "grass": 0.04666666666666667, "middle": 0.016666666666666666, "lot": 0.03333333333333333, "white": 0.006666666666666667, "number": 0.0033333333333333335, "wall": 0.0033333333333333335, "screen": 0.0033333333333333335, "grassy": 0.0033333333333333335, "couple": 0.05, "van": 0.006666666666666667, "three": 0.013333333333333334, "sign": 0.02666666666666667, "reads": 0.016666666666666666, "\"the": 0.01, "rocky\"": 0.0033333333333333335, "": 0.89, "taking": 0.0033333333333333335, "dog": 0.006666666666666667, "laying": 0.0033333333333333335, "mountains": 0.02, "riding": 0.013333333333333334, "dirt": 0.056666666666666664, "pile": 0.0033333333333333335, "pink": 0.0033333333333333335, "plastic": 0.0033333333333333335, "stop": 0.0033333333333333335, "amount": 0.0033333333333333335, "vegetation": 0.0033333333333333335, "train": 0.0033333333333333335, "traveling": 0.0033333333333333335, "tracks": 0.0033333333333333335, "hillside": 0.01, "small": 0.016666666666666666, "two": 0.043333333333333335, "motorcycles": 0.02666666666666667, "walking": 0.01, "pictures": 0.0033333333333333335, "parking": 0.013333333333333334, "traffic": 0.006666666666666667, "light": 0.006666666666666667, "body": 0.0033333333333333335, "water": 0.0033333333333333335, "people": 0.013333333333333334, "skiing": 0.0033333333333333335, "snow": 0.01, "houses": 0.013333333333333334, "empty\"": 0.0033333333333333335, "trucks": 0.0033333333333333335, "tractor": 0.006666666666666667, "trailers": 0.0033333333333333335, "signs": 0.0033333333333333335, "blue": 0.0033333333333333335, "park": 0.006666666666666667, "family": 0.0033333333333333335, "driveway": 0.0033333333333333335, "bunch": 0.01, "goats": 0.0033333333333333335, "bikes": 0.0033333333333333335, "mound": 0.0033333333333333335, "yard": 0.0033333333333333335, "image": 0.0033333333333333335, "gravel": 0.0033333333333333335, "an": 0.0033333333333333335, "intersection": 0.0033333333333333335, "closed\"": 0.0033333333333333335, "planes": 0.006666666666666667, "very": 0.0033333333333333335, "big": 0.0033333333333333335, "snowy": 0.0033333333333333335, "city": 0.0033333333333333335, "town": 0.0033333333333333335, "view": 0.0033333333333333335, "passing": 0.0033333333333333335, "hill": 0.0033333333333333335, "man": 0.0033333333333333335, "\"mountainbike": 0.0033333333333333335, "trail\"": 0.0033333333333333335, "\"hannah's": 0.0033333333333333335, "gate\"": 0.0033333333333333335, "trailer": 0.0033333333333333335, "covered": 0.0033333333333333335, "snowboard": 0.0033333333333333335, "bench": 0.006666666666666667}