{"house": 0.19666666666666666, "located": 0.03666666666666667, "in": 0.16, "community": 0.0033333333333333335, "city": 0.11333333333333333, "small": 0.02666666666666667, "town": 0.006666666666666667, "road": 0.6566666666666666, "farm": 0.34, "home": 0.01, "person,": 0.006666666666666667, "who": 0.006666666666666667, "now": 0.0033333333333333335, "living": 0.006666666666666667, "property": 0.07, "image": 0.02666666666666667, "#": 0.02666666666666667, "countryside": 0.10666666666666667, "large": 0.016666666666666666, "swimming": 0.016666666666666666, "pool": 0.016666666666666666, "region": 0.013333333333333334, "person": 0.02, "castle": 0.04666666666666667, "beautiful": 0.06666666666666667, "place": 0.06, "visit": 0.056666666666666664, "village": 0.05, "landscape": 0.0033333333333333335, "site": 0.01, "proposed": 0.01, "new": 0.01, "school": 0.01, "mountains": 0.006666666666666667, "beach": 0.01, "view": 0.02666666666666667, "field": 0.056666666666666664, "forest": 0.06, "good": 0.0033333333333333335, "condition": 0.0033333333333333335, "m": 0.01, "from": 0.02666666666666667, "center": 0.01, "car": 0.02666666666666667, "was": 0.01, "spotted": 0.0033333333333333335, "on": 0.013333333333333334, "near": 0.006666666666666667, "where": 0.01, "lived": 0.01, "trip": 0.023333333333333334, "through": 0.04, "tree": 0.006666666666666667, "middle": 0.02, "spring": 0.0033333333333333335, "wheat": 0.013333333333333334, "trip,": 0.006666666666666667, "roads": 0.006666666666666667, "his": 0.0033333333333333335, "parents": 0.0033333333333333335, "couple": 0.006666666666666667, "have": 0.0033333333333333335, "been": 0.0033333333333333335, "farmhouse": 0.0033333333333333335, "found": 0.0033333333333333335, "movie": 0.013333333333333334, "full": 0.006666666666666667, "trees": 0.013333333333333334, "lined": 0.0033333333333333335, "shrubs": 0.0033333333333333335, "biological": 0.0033333333333333335, "species": 0.0033333333333333335, "this": 0.0033333333333333335, "i": 0.0033333333333333335, "grew": 0.0033333333333333335, "up": 0.0033333333333333335, "heart": 0.006666666666666667, "future": 0.0033333333333333335, "garden": 0.0033333333333333335, "river": 0.0033333333333333335, "parking": 0.006666666666666667, "lot": 0.0033333333333333335, "neighborhood": 0.0033333333333333335, "internet,": 0.0033333333333333335, "air": 0.0033333333333333335, "conditioning,": 0.0033333333333333335, "driving": 0.0033333333333333335, "for": 0.01, "sale": 0.01, "couple's": 0.0033333333333333335, "were": 0.0033333333333333335, "seen": 0.0033333333333333335, "walking": 0.0033333333333333335, "hay": 0.0033333333333333335, "bales": 0.0033333333333333335, "man": 0.0033333333333333335, "walks": 0.0033333333333333335, "country": 0.0033333333333333335, "farmer's": 0.0033333333333333335, "park": 0.006666666666666667, "at": 0.0033333333333333335, "estate": 0.0033333333333333335, "area": 0.0033333333333333335, "driveway": 0.0033333333333333335, "barn": 0.0033333333333333335, "nowhere": 0.0033333333333333335, "wildflowers": 0.0033333333333333335, "pub": 0.006666666666666667, "prairies": 0.0033333333333333335, "grass": 0.0033333333333333335, "woods": 0.006666666666666667, "closed": 0.0033333333333333335, "traffic": 0.0033333333333333335, "shot": 0.0033333333333333335, "parked": 0.0033333333333333335}