{"cow": 0.043333333333333335, "person": 0.03333333333333333, "truck": 0.030000000000000002, "car": 0.10666666666666659, "horse": 0.006666666666666667, "boat": 0.0033333333333333335, "sheep": 0.030000000000000002, "refrigerator": 0.0033333333333333335, "train": 0.0033333333333333335, "fire hydrant": 0.006666666666666667, "elephant": 0.006666666666666667, "frisbee": 0.0033333333333333335, "bench": 0.013333333333333334, "bird": 0.006666666666666667, "density": 0.2966666666666667}