{"car": 0.6800000000000004, "bench": 0.02, "stop sign": 0.01, "motorcycle": 0.01, "potted plant": 0.02, "truck": 0.060000000000000005, "kite": 0.03, "skateboard": 0.01, "bird": 0.02, "suitcase": 0.01, "traffic light": 0.03, "person": 0.05, "teddy bear": 0.01, "bus": 0.02, "cow": 0.01, "train": 0.01, "density": 1.0}