{"car": 0.8833333333333306, "truck": 0.12333333333333323, "kite": 0.05666666666666667, "refrigerator": 0.0033333333333333335, "traffic light": 0.02, "person": 0.060000000000000005, "bus": 0.030000000000000002, "train": 0.013333333333333334, "tennis racket": 0.0033333333333333335, "bench": 0.02, "baseball bat": 0.0033333333333333335, "stop sign": 0.01, "parking meter": 0.0033333333333333335, "sheep": 0.0033333333333333335, "bird": 0.016666666666666666, "teddy bear": 0.0033333333333333335, "cow": 0.01, "motorcycle": 0.006666666666666667, "potted plant": 0.006666666666666667, "skateboard": 0.01, "fire hydrant": 0.006666666666666667, "suitcase": 0.0033333333333333335, "surfboard": 0.0033333333333333335, "giraffe": 0.0033333333333333335, "airplane": 0.006666666666666667, "elephant": 0.0033333333333333335, "toilet": 0.0033333333333333335, "zebra": 0.0033333333333333335, "density": 1.32}