{"herd": 0.20666666666666667, "sheep": 0.12333333333333334, "grazing": 0.02, "on": 0.36, "lush": 0.006666666666666667, "green": 0.12333333333333334, "field": 0.16, "car": 0.46, "driving": 0.21666666666666667, "down": 0.21, "road": 0.5066666666666667, "next": 0.20333333333333334, "group": 0.043333333333333335, "cars": 0.11, "parked": 0.24666666666666667, "in": 0.19333333333333333, "lot": 0.12333333333333334, "cattle": 0.043333333333333335, "person": 0.016666666666666666, "near": 0.013333333333333334, "animals": 0.11666666666666667, "trees": 0.02, "motorcycle": 0.22, "background": 0.023333333333333334, "street": 0.14333333333333334, "trucks": 0.016666666666666666, "side": 0.10333333333333333, "standing": 0.07333333333333333, "grass": 0.02, "an": 0.01, "old": 0.0033333333333333335, "dirt": 0.12333333333333334, "highway": 0.04666666666666667, "white": 0.03666666666666667, "bunch": 0.01, "large": 0.10666666666666667, "amount": 0.0033333333333333335, "desert": 0.03333333333333333, "building": 0.07333333333333333, "bench": 0.006666666666666667, "van": 0.006666666666666667, "mountain": 0.03, "past": 0.013333333333333334, "rock": 0.023333333333333334, "formation": 0.013333333333333334, "three": 0.0033333333333333335, "planes": 0.013333333333333334, "ground": 0.0033333333333333335, "couple": 0.04, "each": 0.013333333333333334, "other": 0.013333333333333334, "tower": 0.0033333333333333335, "city": 0.0033333333333333335, "buildings": 0.006666666666666667, "vegetation": 0.0033333333333333335, "two": 0.03, "motorcycles": 0.03666666666666667, "walking": 0.023333333333333334, "across": 0.006666666666666667, "blue": 0.01, "truck": 0.03, "forest": 0.013333333333333334, "fields": 0.006666666666666667, "zebras": 0.01, "top": 0.04, "metal": 0.006666666666666667, "fence": 0.006666666666666667, "through": 0.0033333333333333335, "landscape": 0.006666666666666667, "rocky": 0.006666666666666667, "area": 0.0033333333333333335, "dog": 0.013333333333333334, "houses": 0.01, "sky": 0.006666666666666667, "hillside": 0.006666666666666667, "front": 0.043333333333333335, "line": 0.006666666666666667, "cows": 0.016666666666666666, "parking": 0.023333333333333334, "few": 0.0033333333333333335, "camel": 0.02, "sign": 0.023333333333333334, "dry": 0.01, "signs": 0.016666666666666666, "pole": 0.0033333333333333335, "some": 0.006666666666666667, "plants": 0.0033333333333333335, "says": 0.0033333333333333335, "\"outpost\"": 0.0033333333333333335, "": 0.3466666666666667, "middle": 0.016666666666666666, "people": 0.0033333333333333335, "horse": 0.01, "drawn": 0.0033333333333333335, "carriage": 0.0033333333333333335, "palm": 0.0033333333333333335, "sidewalk": 0.006666666666666667, "small": 0.01, "town": 0.0033333333333333335, "house": 0.006666666666666667, "animal": 0.0033333333333333335, "view": 0.01, "flying": 0.0033333333333333335, "over": 0.0033333333333333335, "reads": 0.0033333333333333335, "\"mountain": 0.0033333333333333335, "death\"": 0.0033333333333333335, "passing": 0.006666666666666667, "elephants": 0.0033333333333333335, "them": 0.0033333333333333335, "benches": 0.0033333333333333335, "sitting": 0.01, "apartment": 0.0033333333333333335, "cat": 0.0033333333333333335, "outside": 0.0033333333333333335, "long": 0.0033333333333333335, "hills": 0.01, "big": 0.0033333333333333335, "taking": 0.006666666666666667, "hill": 0.013333333333333334, "aerial": 0.0033333333333333335, "pasture": 0.0033333333333333335, "man": 0.023333333333333334, "riding": 0.0033333333333333335, "narrow": 0.0033333333333333335, "cement": 0.0033333333333333335, "yellow": 0.006666666666666667, "wall": 0.0033333333333333335, "behind": 0.0033333333333333335, "traffic": 0.006666666666666667, "contraption": 0.0033333333333333335, "stop": 0.006666666666666667, "pile": 0.0033333333333333335, "sand": 0.0033333333333333335, "beach": 0.0033333333333333335, "pair": 0.0033333333333333335, "boats": 0.0033333333333333335, "docked": 0.0033333333333333335, "harbor": 0.0033333333333333335, "gravel": 0.0033333333333333335, "tracks": 0.0033333333333333335}