{"road": 0.74, "parking": 0.013333333333333334, "lot": 0.013333333333333334, "temple": 0.14333333333333334, "river": 0.043333333333333335, "short": 0.016666666666666666, "walk": 0.016666666666666666, "from": 0.043333333333333335, "house": 0.25666666666666665, "beach": 0.05, "trail": 0.02, "bit": 0.02, "muddy,": 0.006666666666666667, "but": 0.013333333333333334, "it's": 0.013333333333333334, "still": 0.006666666666666667, "pretty": 0.006666666666666667, "city": 0.02666666666666667, "beautiful": 0.02666666666666667, "place": 0.023333333333333334, "visit": 0.006666666666666667, "mountains": 0.32, "in": 0.07666666666666666, "forest": 0.056666666666666664, "narrow,": 0.0033333333333333335, "small": 0.01, "town": 0.01, "located": 0.02666666666666667, "woods": 0.006666666666666667, "waterfall": 0.0033333333333333335, "castle": 0.023333333333333334, "view": 0.02666666666666667, "top": 0.013333333333333334, "tree": 0.006666666666666667, "bridge": 0.023333333333333334, "over": 0.023333333333333334, "middle": 0.01, "heart": 0.006666666666666667, "little": 0.01, "not": 0.006666666666666667, "too": 0.006666666666666667, "bad": 0.006666666666666667, "site": 0.006666666666666667, "original": 0.0033333333333333335, "property": 0.016666666666666666, "image": 0.013333333333333334, "#": 0.013333333333333334, "cabin": 0.0033333333333333335, "rocks": 0.0033333333333333335, "so": 0.013333333333333334, "big": 0.01, "they": 0.0033333333333333335, "almost": 0.013333333333333334, "touching": 0.01, "ground": 0.01, "valley": 0.0033333333333333335, "sun": 0.0033333333333333335, "hotel": 0.013333333333333334, "rock": 0.006666666666666667, "village": 0.006666666666666667, "where": 0.006666666666666667, "person": 0.0033333333333333335, "was": 0.006666666666666667, "found": 0.0033333333333333335, "lined": 0.0033333333333333335, "trees": 0.01, "at": 0.006666666666666667, "end": 0.0033333333333333335, "mountain": 0.013333333333333334, "cave": 0.02666666666666667, "couple": 0.0033333333333333335, "were": 0.0033333333333333335, "seen": 0.0033333333333333335, "walking": 0.0033333333333333335, "through": 0.006666666666666667, "countryside": 0.0033333333333333335, "large": 0.0033333333333333335, "swimming": 0.0033333333333333335, "pool": 0.0033333333333333335, "sign": 0.0033333333333333335, "warns": 0.0033333333333333335, "dangers": 0.0033333333333333335, "fishing": 0.0033333333333333335, "pine": 0.0033333333333333335, "farm": 0.013333333333333334, "animals": 0.006666666666666667, "this": 0.0033333333333333335, "what": 0.0033333333333333335, "looked": 0.0033333333333333335, "like": 0.0033333333333333335, "deep": 0.0033333333333333335, "as": 0.0033333333333333335, "if": 0.0033333333333333335, "flowing": 0.0033333333333333335, "tunnel": 0.0033333333333333335, "family": 0.0033333333333333335, "lived": 0.0033333333333333335, "muddy": 0.006666666666666667, "former": 0.0033333333333333335, "quarry": 0.0033333333333333335, "now": 0.006666666666666667, "closed": 0.006666666666666667, "for": 0.006666666666666667, "season": 0.006666666666666667, "range": 0.0033333333333333335, "natural": 0.0033333333333333335, "phenomenon": 0.0033333333333333335, "steep,": 0.0033333333333333335, "man": 0.0033333333333333335, "arrested": 0.0033333333333333335, "after": 0.0033333333333333335, "he": 0.0033333333333333335, "allegedly": 0.0033333333333333335, "threw": 0.0033333333333333335, "bottle": 0.0033333333333333335, "car": 0.006666666666666667, "on": 0.0033333333333333335, "full": 0.0033333333333333335, "fog": 0.0033333333333333335, "garden": 0.0033333333333333335, "mix": 0.0033333333333333335, "old": 0.0033333333333333335, "new": 0.0033333333333333335, "entrance": 0.0033333333333333335, "park": 0.0033333333333333335}