{"boat": 0.016666666666666666, "bench": 0.06333333333333334, "person": 0.16333333333333316, "sheep": 0.013333333333333334, "bird": 0.01, "car": 0.10666666666666659, "umbrella": 0.0033333333333333335, "train": 0.030000000000000002, "cow": 0.05333333333333334, "elephant": 0.016666666666666666, "truck": 0.03666666666666667, "handbag": 0.006666666666666667, "kite": 0.006666666666666667, "bus": 0.01, "airplane": 0.006666666666666667, "dog": 0.0033333333333333335, "bottle": 0.0033333333333333335, "fire hydrant": 0.01, "motorcycle": 0.0033333333333333335, "frisbee": 0.0033333333333333335, "surfboard": 0.0033333333333333335, "horse": 0.01, "chair": 0.0033333333333333335, "density": 0.5833333333333334}