{"road": 0.34, "beach": 0.24, "house": 0.1, "on": 0.03, "market": 0.006666666666666667, "for": 0.02, "\u00a3": 0.006666666666666667, "1": 0.006666666666666667, "tree": 0.08, "in": 0.13666666666666666, "middle": 0.03666666666666667, "forest": 0.05333333333333334, "view": 0.23, "from": 0.25666666666666665, "boat": 0.02, "water": 0.006666666666666667, "trees": 0.013333333333333334, "city": 0.056666666666666664, "sale": 0.006666666666666667, "property": 0.02, "top": 0.22666666666666666, "parking": 0.01, "lot": 0.01, "hill": 0.03, "ocean": 0.0033333333333333335, "landscape": 0.056666666666666664, "region": 0.05333333333333334, "border": 0.0033333333333333335, "short": 0.013333333333333334, "walk": 0.01, "site": 0.023333333333333334, "former": 0.006666666666666667, "factory": 0.006666666666666667, "mix": 0.006666666666666667, "natural": 0.013333333333333334, "manmade": 0.006666666666666667, "beautiful": 0.04, "place": 0.03, "visit": 0.023333333333333334, "trail": 0.02666666666666667, "sign": 0.0033333333333333335, "at": 0.02, "entrance": 0.013333333333333334, "nowhere": 0.0033333333333333335, "pine": 0.0033333333333333335, "mountains": 0.04, "where": 0.02, "person": 0.03, "was": 0.013333333333333334, "found": 0.0033333333333333335, "coast": 0.02, "peninsula": 0.0033333333333333335, "path": 0.02, "car": 0.03, "park": 0.03333333333333333, "lived": 0.013333333333333334, "his": 0.0033333333333333335, "mother": 0.0033333333333333335, "located": 0.05, "sea": 0.016666666666666666, "image": 0.01, "#": 0.01, "m": 0.006666666666666667, "center": 0.006666666666666667, "proposed": 0.006666666666666667, "new": 0.006666666666666667, "bit": 0.01, "narrow,": 0.0033333333333333335, "but": 0.006666666666666667, "it's": 0.0033333333333333335, "not": 0.006666666666666667, "too": 0.0033333333333333335, "bad": 0.006666666666666667, "building": 0.013333333333333334, "centre": 0.006666666666666667, "heart": 0.016666666666666666, "steep,": 0.0033333333333333335, "hike": 0.0033333333333333335, "farm": 0.01, "i": 0.006666666666666667, "grew": 0.006666666666666667, "up": 0.006666666666666667, "island": 0.01, "area": 0.016666666666666666, "redwoods": 0.006666666666666667, "home": 0.006666666666666667, "person,": 0.0033333333333333335, "who": 0.0033333333333333335, "shot": 0.0033333333333333335, "took": 0.006666666666666667, "us": 0.006666666666666667, "coastal": 0.0033333333333333335, "rock": 0.01, "phenomenon": 0.006666666666666667, "growing": 0.006666666666666667, "backyard": 0.0033333333333333335, "airport": 0.0033333333333333335, "lake": 0.006666666666666667, "drive": 0.0033333333333333335, "distance": 0.0033333333333333335, "woods": 0.006666666666666667, "end": 0.0033333333333333335, "garden": 0.006666666666666667, "original": 0.0033333333333333335, "this": 0.0033333333333333335, "movie": 0.0033333333333333335, "very": 0.01, "large": 0.01, "neighborhood": 0.0033333333333333335, "campground": 0.0033333333333333335, "town": 0.0033333333333333335, "school": 0.0033333333333333335, "way": 0.0033333333333333335, "cottage": 0.0033333333333333335, "facing": 0.0033333333333333335, "summit": 0.0033333333333333335, "typical": 0.0033333333333333335, "lions": 0.0033333333333333335, "seen": 0.0033333333333333335, "cliffs": 0.006666666666666667, "known": 0.0033333333333333335, "their": 0.0033333333333333335, "dramatic": 0.0033333333333333335, "field": 0.0033333333333333335, "biological": 0.0033333333333333335, "species": 0.0033333333333333335, "spotted": 0.0033333333333333335, "off": 0.0033333333333333335, "small": 0.0033333333333333335, "village": 0.0033333333333333335, "closed": 0.0033333333333333335, "traffic": 0.0033333333333333335, "sun": 0.0033333333333333335, "shining": 0.0033333333333333335, "horizon": 0.0033333333333333335, "popular": 0.0033333333333333335, "tourist": 0.0033333333333333335, "destination": 0.0033333333333333335, "mystery": 0.0033333333333333335, "valley": 0.0033333333333333335, "driveway": 0.0033333333333333335, "one": 0.0033333333333333335, "attacked": 0.0033333333333333335, "west": 0.0033333333333333335}