{"person": 0.16999999999999982, "boat": 0.07999999999999997, "car": 0.4966666666666679, "train": 0.01, "truck": 0.10666666666666659, "motorcycle": 0.01, "bench": 0.03666666666666667, "sheep": 0.023333333333333334, "kite": 0.013333333333333334, "bus": 0.01, "surfboard": 0.0033333333333333335, "potted plant": 0.016666666666666666, "frisbee": 0.013333333333333334, "chair": 0.0033333333333333335, "airplane": 0.02, "bird": 0.013333333333333334, "backpack": 0.013333333333333334, "horse": 0.013333333333333334, "fire hydrant": 0.0033333333333333335, "cow": 0.006666666666666667, "bear": 0.006666666666666667, "giraffe": 0.0033333333333333335, "toilet": 0.0033333333333333335, "bicycle": 0.023333333333333334, "stop sign": 0.0033333333333333335, "parking meter": 0.0033333333333333335, "handbag": 0.0033333333333333335, "density": 1.11}