{"car": 0.5100000000000002, "person": 0.20000000000000004, "bench": 0.060000000000000005, "truck": 0.12999999999999998, "frisbee": 0.01, "sheep": 0.02, "boat": 0.07, "handbag": 0.01, "backpack": 0.01, "kite": 0.02, "bird": 0.02, "airplane": 0.02, "bicycle": 0.02, "cow": 0.01, "horse": 0.02, "train": 0.01, "fire hydrant": 0.01, "density": 1.15}