{"car": 0.1666666666666665, "motorcycle": 0.22666666666666638, "person": 0.48000000000000115, "train": 0.023333333333333334, "bench": 0.06999999999999999, "truck": 0.05666666666666667, "bicycle": 0.03666666666666667, "fire hydrant": 0.01, "traffic light": 0.0033333333333333335, "potted plant": 0.06666666666666667, "backpack": 0.01, "elephant": 0.006666666666666667, "giraffe": 0.01, "boat": 0.03333333333333333, "tv": 0.0033333333333333335, "bird": 0.0033333333333333335, "cow": 0.013333333333333334, "zebra": 0.0033333333333333335, "kite": 0.006666666666666667, "sheep": 0.0033333333333333335, "umbrella": 0.02, "bus": 0.0033333333333333335, "bed": 0.0033333333333333335, "density": 1.26}