{"field": 0.16666666666666666, "several": 0.01, "boats": 0.0033333333333333335, "moped": 0.0033333333333333335, "road": 0.49666666666666665, "motorcycle": 0.36666666666666664, "parked": 0.4166666666666667, "on": 0.43, "side": 0.21, "dirt": 0.21, "bunch": 0.06333333333333334, "animals": 0.16, "walking": 0.03333333333333333, "down": 0.14, "street": 0.20666666666666667, "trees": 0.05333333333333334, "bushes": 0.01, "couple": 0.06333333333333334, "standing": 0.043333333333333335, "top": 0.03, "lush": 0.013333333333333334, "green": 0.21333333333333335, "car": 0.09333333333333334, "truck": 0.12666666666666668, "near": 0.02, "lake": 0.0033333333333333335, "herd": 0.09666666666666666, "cattle": 0.03666666666666667, "line": 0.013333333333333334, "motorcycles": 0.05333333333333334, "cows": 0.05, "sheep": 0.03, "lot": 0.016666666666666666, "large": 0.08, "in": 0.25666666666666665, "cars": 0.043333333333333335, "small": 0.04666666666666667, "elephants": 0.01, "building": 0.09666666666666666, "background": 0.023333333333333334, "driving": 0.12, "next": 0.1, "forest": 0.08, "grazing": 0.06, "fence": 0.04, "dog": 0.016666666666666666, "behind": 0.0033333333333333335, "beach": 0.0033333333333333335, "surfboard": 0.0033333333333333335, "man": 0.016666666666666666, "farm": 0.01, "front": 0.09, "mopeds": 0.006666666666666667, "bench": 0.006666666666666667, "sitting": 0.02, "rural": 0.0033333333333333335, "few": 0.013333333333333334, "grass": 0.023333333333333334, "roof": 0.01, "outside": 0.0033333333333333335, "tree": 0.04, "covered": 0.01, "area": 0.0033333333333333335, "pasture": 0.04, "middle": 0.02, "sign": 0.02, "filled": 0.0033333333333333335, "blurry": 0.013333333333333334, "past": 0.013333333333333334, "house": 0.023333333333333334, "stop": 0.006666666666666667, "white": 0.006666666666666667, "boat": 0.006666666666666667, "water": 0.006666666666666667, "mountains": 0.0033333333333333335, "wooden": 0.016666666666666666, "metal": 0.006666666666666667, "grill": 0.0033333333333333335, "very": 0.0033333333333333335, "narrow": 0.0033333333333333335, "has": 0.0033333333333333335, "barn": 0.0033333333333333335, "horse": 0.013333333333333334, "distance": 0.0033333333333333335, "bikes": 0.0033333333333333335, "hillside": 0.006666666666666667, "town": 0.0033333333333333335, "drawn": 0.0033333333333333335, "carriage": 0.0033333333333333335, "structure": 0.0033333333333333335, "parking": 0.0033333333333333335, "motorbike": 0.0033333333333333335, "blue": 0.006666666666666667, "scene": 0.016666666666666666, "van": 0.01, "grassy": 0.01, "village": 0.0033333333333333335, "bush": 0.0033333333333333335, "animal": 0.0033333333333333335, "laying": 0.0033333333333333335, "palm": 0.01, "jungle": 0.0033333333333333335, "two": 0.0033333333333333335, "park": 0.0033333333333333335, "reads": 0.006666666666666667, "\"nunavut\"": 0.0033333333333333335, "": 0.3466666666666667, "number": 0.006666666666666667, "black": 0.0033333333333333335, "\"bicycles": 0.0033333333333333335, "allowed": 0.0033333333333333335, "this": 0.0033333333333333335, "path\"": 0.0033333333333333335, "woman": 0.0033333333333333335, "some": 0.006666666666666667, "goats": 0.0033333333333333335, "houses": 0.0033333333333333335, "sky": 0.0033333333333333335, "group": 0.0033333333333333335, "planes": 0.0033333333333333335, "fire": 0.0033333333333333335, "hydrant": 0.0033333333333333335, "lots": 0.006666666666666667, "people": 0.0033333333333333335, "inside": 0.0033333333333333335, "stopped": 0.0033333333333333335, "at": 0.0033333333333333335, "crosswalk": 0.0033333333333333335, "cow": 0.0033333333333333335, "hut": 0.0033333333333333335, "lined": 0.0033333333333333335, "leaves": 0.0033333333333333335, "going": 0.0033333333333333335, "over": 0.0033333333333333335, "bridge": 0.0033333333333333335}