{"beach": 0.24666666666666667, "in": 0.18333333333333332, "front": 0.0033333333333333335, "house": 0.26666666666666666, "road": 0.6233333333333333, "plantation": 0.01, "streets": 0.006666666666666667, "old": 0.0033333333333333335, "town": 0.023333333333333334, "where": 0.043333333333333335, "person": 0.03666666666666667, "lived": 0.02, "from": 0.06, "movie": 0.02, "built": 0.0033333333333333335, "on": 0.03, "large": 0.013333333333333334, "plot": 0.006666666666666667, "land": 0.0033333333333333335, "temple": 0.21, "view": 0.03, "road,": 0.006666666666666667, "garden,": 0.006666666666666667, "parking": 0.0033333333333333335, "car": 0.03, "parked": 0.006666666666666667, "middle": 0.07, "city": 0.03, "small": 0.023333333333333334, "site": 0.0033333333333333335, "proposed": 0.0033333333333333335, "new": 0.0033333333333333335, "park": 0.013333333333333334, "street": 0.043333333333333335, "was": 0.04, "located": 0.04, "heart": 0.01, "main": 0.01, "forest": 0.023333333333333334, "full": 0.006666666666666667, "trees": 0.03333333333333333, "mountains": 0.0033333333333333335, "village": 0.05333333333333334, "jungle": 0.043333333333333335, "beautiful": 0.01, "place": 0.006666666666666667, "tree": 0.05, "growing": 0.006666666666666667, "garden": 0.016666666666666666, "property": 0.03333333333333333, "artist": 0.0033333333333333335, "i": 0.01, "neighborhood": 0.01, "sea": 0.01, "couple": 0.0033333333333333335, "were": 0.0033333333333333335, "found": 0.016666666666666666, "couple's": 0.0033333333333333335, "home": 0.006666666666666667, "market": 0.0033333333333333335, "for": 0.01, "$1": 0.0033333333333333335, "sign": 0.0033333333333333335, "at": 0.0033333333333333335, "entrance": 0.0033333333333333335, "image": 0.02666666666666667, "#": 0.02666666666666667, "yards": 0.0033333333333333335, "away": 0.0033333333333333335, "beaches": 0.0033333333333333335, "this": 0.006666666666666667, "grew": 0.0033333333333333335, "up": 0.0033333333333333335, "farm": 0.01, "castle": 0.0033333333333333335, "m": 0.006666666666666667, "center": 0.006666666666666667, "lined": 0.013333333333333334, "building": 0.006666666666666667, "banana": 0.0033333333333333335, "born": 0.006666666666666667, "shops": 0.0033333333333333335, "restaurants": 0.0033333333333333335, ":": 0.006666666666666667, "river": 0.006666666666666667, "palm": 0.016666666666666666, "square": 0.006666666666666667, "meters,": 0.0033333333333333335, "meters": 0.0033333333333333335, "landscape": 0.0033333333333333335, "man": 0.013333333333333334, "remote": 0.0033333333333333335, "grass": 0.0033333333333333335, "greener": 0.0033333333333333335, "other": 0.0033333333333333335, "side": 0.0033333333333333335, "terrace": 0.0033333333333333335, "killed": 0.0033333333333333335, "after": 0.006666666666666667, "he": 0.006666666666666667, "struck": 0.0033333333333333335, "busy": 0.0033333333333333335, "fence": 0.0033333333333333335, "around": 0.0033333333333333335, "farmhouse": 0.0033333333333333335, "rice": 0.0033333333333333335, "fields": 0.0033333333333333335, "path": 0.0033333333333333335, "bridge": 0.0033333333333333335, "over": 0.0033333333333333335, "countryside": 0.013333333333333334, "swimming": 0.01, "pool": 0.01, "taken": 0.0033333333333333335, "hospital": 0.0033333333333333335, "serious": 0.0033333333333333335, "condition": 0.0033333333333333335, "now": 0.0033333333333333335, "closed": 0.0033333333333333335, "season": 0.0033333333333333335, "cut": 0.0033333333333333335, "down": 0.0033333333333333335, "planted": 0.0033333333333333335, "backyard": 0.006666666666666667, "ask": 0.0033333333333333335, "owner": 0.0033333333333333335, "photos": 0.0033333333333333335, "hotel": 0.0033333333333333335, "person,": 0.006666666666666667, "leading": 0.0033333333333333335, "boat": 0.0033333333333333335, "dirt": 0.0033333333333333335, "through": 0.0033333333333333335, "field": 0.0033333333333333335, "bloom": 0.0033333333333333335, "district": 0.0033333333333333335, "arrested": 0.0033333333333333335, "allegedly": 0.0033333333333333335, "stole": 0.0033333333333333335, "woman": 0.0033333333333333335, "back": 0.0033333333333333335, "truck": 0.0033333333333333335, "fell": 0.0033333333333333335, "my": 0.0033333333333333335, "symbol": 0.0033333333333333335, "peace": 0.0033333333333333335, "spent": 0.0033333333333333335, "summer": 0.0033333333333333335}