{"motorcycle": 0.19000000000000003, "person": 0.37000000000000016, "car": 0.21000000000000005, "truck": 0.05, "potted plant": 0.13999999999999999, "bench": 0.09999999999999999, "tv": 0.01, "giraffe": 0.01, "train": 0.03, "bicycle": 0.060000000000000005, "sheep": 0.01, "cow": 0.02, "boat": 0.03, "umbrella": 0.01, "bus": 0.01, "density": 1.25}