{"view": 0.05, "from": 0.056666666666666664, "driveway": 0.0033333333333333335, "car": 0.06, "park": 0.02, "large": 0.04, "green": 0.0033333333333333335, "screen": 0.0033333333333333335, "road": 0.61, "mountains": 0.11666666666666667, "farm": 0.21333333333333335, "city": 0.06666666666666667, "in": 0.20666666666666667, "morning": 0.0033333333333333335, "apartment": 0.013333333333333334, "rental": 0.0033333333333333335, "-": 0.0033333333333333335, "street": 0.01, "leading": 0.0033333333333333335, "accommodation": 0.006666666666666667, "type": 0.006666666666666667, "for": 0.04666666666666667, "rent": 0.006666666666666667, "house": 0.2833333333333333, "airport": 0.013333333333333334, "sale": 0.013333333333333334, "property": 0.12, "was": 0.056666666666666664, "spotted": 0.016666666666666666, "on": 0.02666666666666667, "image": 0.08, "#": 0.08, "center": 0.02666666666666667, "beautiful": 0.03, "bridge": 0.006666666666666667, "over": 0.01, "river": 0.0033333333333333335, "one": 0.0033333333333333335, "most": 0.0033333333333333335, "photographed": 0.0033333333333333335, "bridges": 0.0033333333333333335, "world": 0.0033333333333333335, "located": 0.04, "neighborhood": 0.01, "countryside": 0.06, "swimming": 0.03666666666666667, "pool": 0.03666666666666667, "forest": 0.03666666666666667, "castle": 0.04666666666666667, "village": 0.043333333333333335, "person,": 0.013333333333333334, "small": 0.01, "town": 0.013333333333333334, "landscape": 0.0033333333333333335, "pile": 0.0033333333333333335, "wood": 0.0033333333333333335, "woods": 0.016666666666666666, "where": 0.04, "person": 0.05, "lived": 0.03, "his": 0.013333333333333334, "mother": 0.01, "redwoods": 0.0033333333333333335, "driving": 0.006666666666666667, "country": 0.016666666666666666, "found": 0.02666666666666667, "new": 0.006666666666666667, "shopping": 0.0033333333333333335, "centre": 0.0033333333333333335, "region": 0.0033333333333333335, "museum": 0.0033333333333333335, "couple": 0.006666666666666667, "were": 0.006666666666666667, "seen": 0.006666666666666667, "walking": 0.006666666666666667, "down": 0.01, "animals": 0.013333333333333334, "m": 0.02, "internet,": 0.016666666666666666, "air": 0.006666666666666667, "conditioning,": 0.006666666666666667, "parking": 0.01, "heart": 0.01, "full": 0.006666666666666667, "trees": 0.013333333333333334, "home": 0.016666666666666666, "who": 0.01, "now": 0.0033333333333333335, "living": 0.0033333333333333335, "field": 0.016666666666666666, "wheat": 0.006666666666666667, "pasture": 0.006666666666666667, "parents": 0.006666666666666667, "parked": 0.006666666666666667, "near": 0.0033333333333333335, "border": 0.0033333333333333335, "horses": 0.0033333333333333335, "villa": 0.006666666666666667, "middle": 0.006666666666666667, "olive": 0.0033333333333333335, "lavender": 0.0033333333333333335, "trip": 0.006666666666666667, "through": 0.0033333333333333335, "accused": 0.0033333333333333335, "stealing": 0.0033333333333333335, "sun": 0.0033333333333333335, "sets": 0.0033333333333333335, "corn": 0.006666666666666667, "canal": 0.0033333333333333335, "group": 0.0033333333333333335, "stars": 0.0033333333333333335, "night": 0.0033333333333333335, "sky": 0.0033333333333333335, "hotel": 0.006666666666666667, "movie": 0.006666666666666667, "place": 0.01, "visit": 0.01, "cabin": 0.0033333333333333335, "closed": 0.016666666666666666, "several": 0.0033333333333333335, "hours": 0.0033333333333333335, "aerial": 0.0033333333333333335, "agricultural": 0.0033333333333333335, "fields": 0.0033333333333333335, "weekend": 0.006666666666666667, "shot": 0.0033333333333333335, "lawn": 0.0033333333333333335, "day": 0.006666666666666667, "construction": 0.0033333333333333335, "site": 0.0033333333333333335, "building": 0.0033333333333333335, ":": 0.0033333333333333335, "summer": 0.0033333333333333335, "tree": 0.01, "cut": 0.0033333333333333335, "same": 0.0033333333333333335, "area": 0.006666666666666667, "as": 0.0033333333333333335, "killer": 0.0033333333333333335, "couple's": 0.006666666666666667, "mountain": 0.006666666666666667, "pool,": 0.01, "terrace": 0.01, "her": 0.0033333333333333335, "grass": 0.006666666666666667, "greener": 0.0033333333333333335, "other": 0.0033333333333333335, "side": 0.0033333333333333335, "detached": 0.0033333333333333335, "chalet": 0.0033333333333333335, "lot": 0.0033333333333333335, "typical": 0.0033333333333333335, "old": 0.0033333333333333335, "beach": 0.0033333333333333335, "tunnel": 0.0033333333333333335, "leads": 0.0033333333333333335, "top": 0.0033333333333333335, "market": 0.006666666666666667, "\u00a3": 0.0033333333333333335, "1": 0.0033333333333333335, "fall": 0.0033333333333333335, "ripe": 0.0033333333333333335, "pictured": 0.0033333333333333335, "hall": 0.0033333333333333335, "$1": 0.0033333333333333335, "backyard": 0.0033333333333333335}