{"green": 0.41, "bench": 0.02666666666666667, "sitting": 0.02666666666666667, "next": 0.056666666666666664, "forest": 0.03, "large": 0.15666666666666668, "yellow": 0.01, "sign": 0.02666666666666667, "on": 0.38333333333333336, "side": 0.13666666666666666, "road": 0.42, "truck": 0.05333333333333334, "driving": 0.18666666666666668, "down": 0.17, "lush": 0.07333333333333333, "field": 0.3566666666666667, "pasture": 0.13666666666666666, "sheep": 0.16666666666666666, "grazing": 0.18333333333333332, "line": 0.01, "motorcycles": 0.043333333333333335, "trees": 0.07666666666666666, "car": 0.22333333333333333, "motorcycle": 0.21666666666666667, "herd": 0.15, "cattle": 0.07666666666666666, "parked": 0.2833333333333333, "standing": 0.04, "top": 0.04666666666666667, "dirt": 0.05333333333333334, "in": 0.27, "grassy": 0.01, "area": 0.0033333333333333335, "metal": 0.01, "fence": 0.02, "cows": 0.06333333333333334, "background": 0.03333333333333333, "group": 0.02, "cars": 0.07333333333333333, "small": 0.013333333333333334, "dog": 0.006666666666666667, "grass": 0.05, "near": 0.03333333333333333, "through": 0.006666666666666667, "mountain": 0.016666666666666666, "blurry": 0.02666666666666667, "town": 0.006666666666666667, "building": 0.05333333333333334, "driveway": 0.0033333333333333335, "farm": 0.02, "highway": 0.023333333333333334, "lot": 0.013333333333333334, "trucks": 0.01, "past": 0.03666666666666667, "couple": 0.03, "animals": 0.04, "dealership": 0.0033333333333333335, "front": 0.056666666666666664, "tractor": 0.03, "trailer": 0.0033333333333333335, "two": 0.03333333333333333, "graze": 0.006666666666666667, "street": 0.043333333333333335, "house": 0.03333333333333333, "distance": 0.013333333333333334, "yard": 0.01, "white": 0.02, "person": 0.02, "hill": 0.01, "behind": 0.01, "some": 0.013333333333333334, "middle": 0.02666666666666667, "houses": 0.0033333333333333335, "them": 0.0033333333333333335, "horse": 0.02, "narrow": 0.0033333333333333335, "number": 0.0033333333333333335, "stop": 0.01, "tall": 0.006666666666666667, "taking": 0.0033333333333333335, "scene": 0.006666666666666667, "boat": 0.0033333333333333335, "long": 0.01, "flat": 0.0033333333333333335, "covered": 0.006666666666666667, "construction": 0.006666666666666667, "site": 0.0033333333333333335, "cones": 0.0033333333333333335, "traffic": 0.006666666666666667, "light": 0.006666666666666667, "tunnel": 0.006666666666666667, "park": 0.0033333333333333335, "tree": 0.0033333333333333335, "arrow": 0.0033333333333333335, "barn": 0.0033333333333333335, "riding": 0.01, "bike": 0.006666666666666667, "amount": 0.0033333333333333335, "computer": 0.0033333333333333335, "keyboards": 0.0033333333333333335, "planes": 0.006666666666666667, "sky": 0.0033333333333333335, "reads": 0.0033333333333333335, "\"hurry\"": 0.0033333333333333335, "train": 0.0033333333333333335, "passing": 0.0033333333333333335, "blue": 0.0033333333333333335, "fire": 0.0033333333333333335, "hydrant": 0.0033333333333333335, "gate": 0.0033333333333333335, "bunch": 0.0033333333333333335, "filled": 0.0033333333333333335, "logs": 0.0033333333333333335, "clock": 0.0033333333333333335, "tower": 0.0033333333333333335, "snowboard": 0.0033333333333333335, "country": 0.0033333333333333335, "wooden": 0.0033333333333333335, "parking": 0.0033333333333333335, "big": 0.0033333333333333335, "people": 0.0033333333333333335, "view": 0.0033333333333333335}