{"car": 0.6066666666666668, "snowboard": 0.0033333333333333335, "bench": 0.04, "person": 0.06333333333333334, "stop sign": 0.016666666666666666, "train": 0.013333333333333334, "cow": 0.06666666666666667, "potted plant": 0.016666666666666666, "bird": 0.0033333333333333335, "kite": 0.01, "truck": 0.08999999999999996, "fire hydrant": 0.02, "skateboard": 0.0033333333333333335, "sheep": 0.02666666666666667, "traffic light": 0.0033333333333333335, "motorcycle": 0.013333333333333334, "frisbee": 0.01, "bus": 0.006666666666666667, "bear": 0.006666666666666667, "airplane": 0.0033333333333333335, "parking meter": 0.0033333333333333335, "bottle": 0.006666666666666667, "umbrella": 0.0033333333333333335, "chair": 0.0033333333333333335, "density": 1.04}