{"car": 0.7600000000000005, "truck": 0.09, "bench": 0.05, "motorcycle": 0.02, "cow": 0.02, "train": 0.01, "fire hydrant": 0.03, "parking meter": 0.01, "bottle": 0.02, "person": 0.060000000000000005, "snowboard": 0.01, "potted plant": 0.04, "bear": 0.01, "bus": 0.01, "sheep": 0.04, "traffic light": 0.01, "kite": 0.01, "frisbee": 0.01, "stop sign": 0.01, "density": 1.22}