{"road": 0.6933333333333334, "farm": 0.10666666666666667, "person,": 0.03, "city": 0.06, "car": 0.11333333333333333, "was": 0.09, "parked": 0.016666666666666666, "in": 0.12333333333333334, "street": 0.013333333333333334, "village": 0.043333333333333335, "pub": 0.06333333333333334, "beach": 0.05333333333333334, "park": 0.06, "at": 0.01, "site": 0.006666666666666667, "house": 0.29, "view": 0.09333333333333334, "from": 0.11333333333333333, "where": 0.08, "person": 0.08666666666666667, "found": 0.03, "lived": 0.03, "his": 0.006666666666666667, "mother": 0.006666666666666667, "top": 0.02666666666666667, "attacked": 0.03, "movie": 0.01, "castle": 0.07333333333333333, "entrance": 0.0033333333333333335, "field": 0.02, "grass": 0.0033333333333333335, "trees": 0.02, "garden": 0.006666666666666667, "former": 0.0033333333333333335, "home": 0.0033333333333333335, "small": 0.013333333333333334, "summer": 0.0033333333333333335, "hill": 0.0033333333333333335, "through": 0.03666666666666667, "countryside": 0.05333333333333334, "drives": 0.006666666666666667, "along": 0.0033333333333333335, "country": 0.0033333333333333335, "mountains": 0.006666666666666667, "dandelions": 0.0033333333333333335, "born": 0.01, "on": 0.03, "market": 0.006666666666666667, "for": 0.01, "\u00a3": 0.006666666666666667, "1": 0.006666666666666667, "trip": 0.006666666666666667, "growing": 0.0033333333333333335, "area": 0.01, "tree": 0.02, "playground": 0.0033333333333333335, "middle": 0.03, "located": 0.02666666666666667, "sun": 0.0033333333333333335, "shines": 0.0033333333333333335, "hotel": 0.01, "landscape": 0.0033333333333333335, "region": 0.0033333333333333335, "woods": 0.006666666666666667, "fields": 0.0033333333333333335, "property": 0.006666666666666667, "short": 0.006666666666666667, "walk": 0.006666666666666667, "hills": 0.0033333333333333335, "closed": 0.01, "weekend": 0.0033333333333333335, "spotted": 0.01, "long": 0.006666666666666667, "one": 0.006666666666666667, "sunny": 0.0033333333333333335, "day": 0.0033333333333333335, "sea": 0.006666666666666667, "wind": 0.0033333333333333335, "blows": 0.0033333333333333335, "driving": 0.01, "rural": 0.006666666666666667, "distance": 0.0033333333333333335, "driveway": 0.0033333333333333335, "traffic": 0.006666666666666667, "outside": 0.0033333333333333335, "summit": 0.006666666666666667, "beautiful": 0.013333333333333334, "biological": 0.0033333333333333335, "species": 0.0033333333333333335, "seafront": 0.0033333333333333335, "walls": 0.0033333333333333335, "place": 0.006666666666666667, "visit": 0.006666666666666667, "junction": 0.0033333333333333335, "forest": 0.0033333333333333335, "lined": 0.006666666666666667, "building": 0.006666666666666667, "couple": 0.0033333333333333335, "front": 0.0033333333333333335, "heart": 0.0033333333333333335, "original": 0.0033333333333333335}