{"car": 0.35, "driving": 0.22666666666666666, "down": 0.22, "road": 0.3466666666666667, "near": 0.02, "herd": 0.38333333333333336, "sheep": 0.33, "on": 0.36666666666666664, "large": 0.13, "building": 0.04, "white": 0.01, "top": 0.023333333333333334, "animals": 0.21666666666666667, "grazing": 0.3333333333333333, "in": 0.24, "field": 0.41, "street": 0.08333333333333333, "cars": 0.043333333333333335, "motorcycles": 0.013333333333333334, "next": 0.1, "big": 0.0033333333333333335, "couple": 0.006666666666666667, "cows": 0.01, "middle": 0.016666666666666666, "some": 0.01, "side": 0.06666666666666667, "green": 0.36666666666666664, "pasture": 0.09, "passing": 0.01, "blurry": 0.10666666666666667, "motorcycle": 0.056666666666666664, "parked": 0.11333333333333333, "through": 0.006666666666666667, "grassy": 0.006666666666666667, "past": 0.05333333333333334, "cattle": 0.08333333333333333, "grass": 0.03333333333333333, "horse": 0.02, "background": 0.02, "farm": 0.043333333333333335, "house": 0.006666666666666667, "front": 0.016666666666666666, "trees": 0.03, "person": 0.016666666666666666, "lush": 0.09333333333333334, "hillside": 0.006666666666666667, "dirt": 0.01, "family": 0.0033333333333333335, "walking": 0.01, "driveway": 0.0033333333333333335, "dog": 0.01, "arrow": 0.01, "sign": 0.023333333333333334, "reads": 0.0033333333333333335, "\"the": 0.0033333333333333335, "goats\"": 0.0033333333333333335, "": 0.18333333333333332, "clock": 0.0033333333333333335, "tower": 0.0033333333333333335, "them": 0.0033333333333333335, "standing": 0.02666666666666667, "image": 0.0033333333333333335, "zebras": 0.006666666666666667, "forest": 0.02666666666666667, "long": 0.006666666666666667, "country": 0.0033333333333333335, "hill": 0.02, "small": 0.01, "park": 0.0033333333333333335, "black": 0.006666666666666667, "two": 0.0033333333333333335, "fence": 0.016666666666666666, "zebra": 0.006666666666666667, "sitting": 0.006666666666666667, "tree": 0.006666666666666667, "scene": 0.0033333333333333335, "stone": 0.0033333333333333335, "animal": 0.0033333333333333335, "lot": 0.016666666666666666, "behind": 0.01, "bus": 0.006666666666666667, "bushes": 0.01, "group": 0.006666666666666667, "four": 0.0033333333333333335, "vehicles": 0.0033333333333333335, "houses": 0.006666666666666667, "parking": 0.01, "filled": 0.0033333333333333335, "lots": 0.0033333333333333335, "stop": 0.0033333333333333335, "yellow": 0.0033333333333333335, "truck": 0.0033333333333333335, "blue": 0.0033333333333333335, "cats": 0.0033333333333333335, "amount": 0.0033333333333333335, "van": 0.0033333333333333335, "taking": 0.0033333333333333335, "people": 0.0033333333333333335, "bunch": 0.006666666666666667, "tractor": 0.0033333333333333335, "gravel": 0.0033333333333333335, "town": 0.0033333333333333335, "boat": 0.0033333333333333335}