{"giraffe": 0.02, "cow": 0.04, "bench": 0.01, "car": 0.6200000000000003, "person": 0.060000000000000005, "sheep": 0.08, "truck": 0.02, "bus": 0.02, "boat": 0.09, "fire hydrant": 0.01, "potted plant": 0.02, "density": 0.99}