{"person": 0.043333333333333335, "sheep": 0.06999999999999999, "cow": 0.03333333333333333, "car": 0.4333333333333342, "motorcycle": 0.01, "truck": 0.043333333333333335, "giraffe": 0.013333333333333334, "bench": 0.02, "boat": 0.043333333333333335, "chair": 0.0033333333333333335, "potted plant": 0.02, "surfboard": 0.0033333333333333335, "train": 0.01, "fire hydrant": 0.01, "airplane": 0.0033333333333333335, "bird": 0.0033333333333333335, "bus": 0.006666666666666667, "elephant": 0.0033333333333333335, "kite": 0.0033333333333333335, "clock": 0.0033333333333333335, "density": 0.78}