{"person": 0.6033333333333335, "cow": 0.03666666666666667, "horse": 0.0033333333333333335, "elephant": 0.016666666666666666, "car": 0.20999999999999974, "chair": 0.09333333333333328, "bench": 0.09999999999999994, "motorcycle": 0.17333333333333314, "giraffe": 0.01, "bicycle": 0.04666666666666667, "train": 0.013333333333333334, "potted plant": 0.13666666666666655, "toilet": 0.006666666666666667, "microwave": 0.0033333333333333335, "dining table": 0.01, "tv": 0.01, "clock": 0.01, "truck": 0.060000000000000005, "dog": 0.006666666666666667, "boat": 0.02, "bird": 0.016666666666666666, "sink": 0.0033333333333333335, "refrigerator": 0.013333333333333334, "kite": 0.01, "airplane": 0.0033333333333333335, "bus": 0.006666666666666667, "vase": 0.016666666666666666, "skateboard": 0.006666666666666667, "umbrella": 0.0033333333333333335, "sports ball": 0.0033333333333333335, "couch": 0.006666666666666667, "book": 0.006666666666666667, "traffic light": 0.0033333333333333335, "sheep": 0.006666666666666667, "bottle": 0.016666666666666666, "bed": 0.0033333333333333335, "handbag": 0.006666666666666667, "bowl": 0.0033333333333333335, "zebra": 0.0033333333333333335, "density": 1.71}