{"farm": 0.04, "in": 0.25, "countryside": 0.02, "road": 0.3333333333333333, "temple": 0.21333333333333335, "bridge": 0.013333333333333334, "over": 0.006666666666666667, "river": 0.016666666666666666, "popular": 0.006666666666666667, "tourist": 0.0033333333333333335, "attraction": 0.0033333333333333335, "view": 0.04, "from": 0.06, "deity": 0.03333333333333333, "city": 0.13, "building": 0.03333333333333333, "located": 0.10333333333333333, "neighborhood": 0.02666666666666667, "garden": 0.02666666666666667, "house": 0.21, "fence": 0.0033333333333333335, "around": 0.0033333333333333335, "parking": 0.01, "lot": 0.01, "stairs": 0.0033333333333333335, "leading": 0.0033333333333333335, "upper": 0.0033333333333333335, "level": 0.0033333333333333335, "couple": 0.0033333333333333335, "were": 0.0033333333333333335, "found": 0.006666666666666667, "passerby": 0.0033333333333333335, "area": 0.01, "artist": 0.016666666666666666, "hotel": 0.023333333333333334, "sign": 0.006666666666666667, "on": 0.03333333333333333, "side": 0.01, "now": 0.006666666666666667, "cleared": 0.0033333333333333335, "for": 0.02, "construction": 0.0033333333333333335, "deity,": 0.01, "built": 0.01, "monarch": 0.0033333333333333335, "where": 0.03666666666666667, "person": 0.043333333333333335, "was": 0.043333333333333335, "born": 0.023333333333333334, "ruins": 0.05, "small": 0.02, "town": 0.04666666666666667, "centre": 0.0033333333333333335, "park": 0.08666666666666667, "heart": 0.06, ":": 0.013333333333333334, "street": 0.06333333333333334, "scene": 0.0033333333333333335, "old": 0.043333333333333335, "this": 0.01, "front": 0.0033333333333333335, "field": 0.02, "wheat": 0.006666666666666667, "bottle": 0.0033333333333333335, "water": 0.0033333333333333335, "sale": 0.0033333333333333335, "car": 0.023333333333333334, "spotted": 0.01, "entrance": 0.03, "church": 0.013333333333333334, "living": 0.006666666666666667, "room": 0.01, "villa": 0.0033333333333333335, "home": 0.016666666666666666, "blues": 0.01, "market": 0.0033333333333333335, "$3": 0.0033333333333333335, "person,": 0.0033333333333333335, "who": 0.0033333333333333335, "shot": 0.0033333333333333335, "little": 0.0033333333333333335, "bit": 0.0033333333333333335, "muddy": 0.0033333333333333335, "man": 0.013333333333333334, "walks": 0.0033333333333333335, "through": 0.016666666666666666, "forest": 0.01, "village": 0.04, "driving": 0.016666666666666666, "country": 0.01, "walls": 0.023333333333333334, "beautiful": 0.01, "statues": 0.0033333333333333335, "author": 0.0033333333333333335, "12th": 0.0033333333333333335, "century": 0.0033333333333333335, "rides": 0.0033333333333333335, "his": 0.006666666666666667, "motorcycle": 0.0033333333333333335, "rural": 0.01, "middle": 0.03, "place": 0.006666666666666667, "visit": 0.0033333333333333335, "parked": 0.0033333333333333335, "window": 0.0033333333333333335, "blind": 0.0033333333333333335, "ancient": 0.016666666666666666, "spot": 0.0033333333333333335, "dogs": 0.0033333333333333335, "cats": 0.0033333333333333335, "lived": 0.013333333333333334, "airport": 0.006666666666666667, "trip": 0.0033333333333333335, "woods": 0.0033333333333333335, "dining": 0.0033333333333333335, "second": 0.0033333333333333335, "floor": 0.0033333333333333335, "busy": 0.01, "train": 0.0033333333333333335, "station": 0.0033333333333333335, "beach": 0.016666666666666666, "restaurant": 0.006666666666666667, "closed": 0.006666666666666667, "wall": 0.01, "interior": 0.02, "shopping": 0.0033333333333333335, "mall": 0.0033333333333333335, "property": 0.006666666666666667, "image": 0.006666666666666667, "#": 0.006666666666666667, "large": 0.0033333333333333335, "swimming": 0.0033333333333333335, "pool": 0.006666666666666667, "site": 0.01, "proposed": 0.006666666666666667, "new": 0.006666666666666667, "future": 0.0033333333333333335, "mountains": 0.006666666666666667, "jungle": 0.006666666666666667, "main": 0.006666666666666667, "carousel": 0.0033333333333333335, "fun": 0.0033333333333333335, "activity": 0.0033333333333333335, "kids": 0.0033333333333333335, "outside": 0.006666666666666667, "statue": 0.0033333333333333335, "tree": 0.02666666666666667, "short": 0.0033333333333333335, "walk": 0.0033333333333333335, "streets": 0.006666666666666667, "lined": 0.006666666666666667, "palm": 0.0033333333333333335, "trees": 0.01, "fortress": 0.0033333333333333335, "walking": 0.006666666666666667, "along": 0.0033333333333333335, "backyard": 0.006666666666666667, "4k": 0.0033333333333333335, "south": 0.0033333333333333335, "m": 0.0033333333333333335, "center": 0.0033333333333333335, "ceiling": 0.0033333333333333335, "abandoned": 0.0033333333333333335, "courtyard": 0.013333333333333334, "parents": 0.0033333333333333335, "shadow": 0.0033333333333333335, "mosque": 0.0033333333333333335, "dedicated": 0.0033333333333333335, "day": 0.0033333333333333335, "so": 0.0033333333333333335, "wide": 0.0033333333333333335, "almost": 0.0033333333333333335, "invisible": 0.0033333333333333335, "eye": 0.0033333333333333335, "farmers": 0.0033333333333333335, "working": 0.0033333333333333335, "fields": 0.006666666666666667, "palace": 0.01, "woman": 0.0033333333333333335, "stands": 0.0033333333333333335, "her": 0.0033333333333333335, "rice": 0.0033333333333333335, "full": 0.0033333333333333335, "narrow": 0.0033333333333333335, "which": 0.0033333333333333335, "corn": 0.0033333333333333335, "garden,": 0.0033333333333333335, "at": 0.0033333333333333335, "end": 0.0033333333333333335, "i": 0.006666666666666667, "love": 0.0033333333333333335, "idea": 0.0033333333333333335, "quilt": 0.0033333333333333335, "bed": 0.0033333333333333335, "grew": 0.0033333333333333335, "up": 0.0033333333333333335, "shrubs": 0.0033333333333333335, "original": 0.0033333333333333335, "path": 0.0033333333333333335}