{"potted plant": 0.09, "tv": 0.02, "vase": 0.03, "chair": 0.05, "person": 0.47000000000000025, "bird": 0.02, "car": 0.10999999999999999, "motorcycle": 0.09, "bicycle": 0.03, "handbag": 0.02, "skateboard": 0.01, "giraffe": 0.02, "bench": 0.05, "boat": 0.01, "truck": 0.02, "train": 0.01, "couch": 0.02, "book": 0.01, "bottle": 0.04, "toilet": 0.01, "bowl": 0.01, "density": 1.14}