{"motorcycle": 0.06999999999999999, "traffic light": 0.02, "person": 0.253333333333333, "truck": 0.07333333333333332, "car": 0.1933333333333331, "kite": 0.006666666666666667, "bird": 0.03666666666666667, "bus": 0.023333333333333334, "skateboard": 0.01, "surfboard": 0.01, "sheep": 0.023333333333333334, "bench": 0.02, "fire hydrant": 0.0033333333333333335, "train": 0.02, "sports ball": 0.006666666666666667, "bicycle": 0.030000000000000002, "boat": 0.006666666666666667, "airplane": 0.0033333333333333335, "umbrella": 0.0033333333333333335, "stop sign": 0.0033333333333333335, "frisbee": 0.0033333333333333335, "cow": 0.006666666666666667, "density": 0.8266666666666667}