{"road": 0.5866666666666667, "city": 0.16333333333333333, "hotel": 0.016666666666666666, "home": 0.013333333333333334, "person,": 0.006666666666666667, "who": 0.006666666666666667, "now": 0.0033333333333333335, "beach": 0.14, "mountains": 0.24333333333333335, "popular": 0.006666666666666667, "spot": 0.0033333333333333335, "for": 0.013333333333333334, "surfers": 0.0033333333333333335, "small": 0.05333333333333334, "town": 0.07, "house": 0.15, "in": 0.13333333333333333, "village": 0.01, "car": 0.06, "drives": 0.01, "through": 0.03333333333333333, "desert": 0.06333333333333334, "trip": 0.006666666666666667, "man": 0.03333333333333333, "was": 0.043333333333333335, "shot": 0.02, "killed": 0.02, "after": 0.023333333333333334, "he": 0.013333333333333334, "head": 0.013333333333333334, "park": 0.01, "located": 0.056666666666666664, "heart": 0.01, "street": 0.02, "old": 0.01, "view": 0.006666666666666667, "from": 0.03333333333333333, "property": 0.023333333333333334, "image": 0.013333333333333334, "#": 0.013333333333333334, "farm": 0.02, "animals": 0.0033333333333333335, "beautiful": 0.02666666666666667, "sight": 0.0033333333333333335, "apartment": 0.006666666666666667, "center": 0.013333333333333334, "arrested": 0.006666666666666667, "reportedly": 0.006666666666666667, "ran": 0.016666666666666666, "over": 0.013333333333333334, "hit": 0.01, "woman": 0.0033333333333333335, "border": 0.0033333333333333335, "jungle": 0.0033333333333333335, "lined": 0.006666666666666667, "trees": 0.006666666666666667, "him": 0.01, "temple": 0.02, "building": 0.02, "neighborhood": 0.02, "streets": 0.006666666666666667, "filled": 0.0033333333333333335, "cars": 0.0033333333333333335, "trucks": 0.0033333333333333335, "tourist": 0.0033333333333333335, "destination": 0.0033333333333333335, "ghost": 0.006666666666666667, "east": 0.006666666666666667, "mountain": 0.016666666666666666, "range": 0.013333333333333334, "most": 0.0033333333333333335, "places": 0.0033333333333333335, "world": 0.006666666666666667, "where": 0.03666666666666667, "person": 0.04, "found": 0.01, "highway": 0.03666666666666667, "this": 0.006666666666666667, "i": 0.006666666666666667, "grew": 0.0033333333333333335, "up": 0.0033333333333333335, "place": 0.013333333333333334, "visit": 0.006666666666666667, "top": 0.01, "ruins": 0.0033333333333333335, "future": 0.0033333333333333335, "sign": 0.0033333333333333335, "on": 0.02, "wall": 0.0033333333333333335, "entrance": 0.0033333333333333335, "rocks": 0.0033333333333333335, "so": 0.01, "beautiful,": 0.0033333333333333335, "you": 0.0033333333333333335, "can": 0.0033333333333333335, "see": 0.0033333333333333335, "them": 0.0033333333333333335, "down": 0.006666666666666667, "lived": 0.023333333333333334, "short": 0.016666666666666666, "drive": 0.01, "while": 0.0033333333333333335, "driving": 0.02666666666666667, "his": 0.01, "river": 0.006666666666666667, "walk": 0.01, "bridge": 0.01, "longest": 0.0033333333333333335, "closed": 0.006666666666666667, "weekend": 0.0033333333333333335, "houses": 0.0033333333333333335, "castle": 0.0033333333333333335, "market": 0.0033333333333333335, "$1": 0.0033333333333333335, "evening": 0.0033333333333333335, "middle": 0.013333333333333334, "nowhere": 0.0033333333333333335, "parking": 0.006666666666666667, "lot": 0.006666666666666667, "landscape": 0.016666666666666666, "work": 0.0033333333333333335, "art": 0.0033333333333333335, "canyon": 0.0033333333333333335, "live": 0.0033333333333333335, "cave": 0.01, "tree": 0.0033333333333333335, "woods": 0.0033333333333333335, "region": 0.006666666666666667, "countryside": 0.0033333333333333335, "day": 0.0033333333333333335, "into": 0.006666666666666667, "movie": 0.006666666666666667, "mix": 0.006666666666666667, "natural": 0.01, "manmade": 0.0033333333333333335, "rock": 0.0033333333333333335, "big": 0.0033333333333333335, "almost": 0.0033333333333333335, "invisible": 0.0033333333333333335, "eye": 0.0033333333333333335, "parked": 0.0033333333333333335, "mother": 0.0033333333333333335, "summit": 0.006666666666666667, "couple's": 0.0033333333333333335, "-": 0.0033333333333333335, "made": 0.0033333333333333335, "m": 0.0033333333333333335, "valley": 0.0033333333333333335, "main": 0.0033333333333333335}