{"motorcycle": 0.09999999999999999, "bicycle": 0.07, "person": 0.2900000000000001, "surfboard": 0.01, "car": 0.22000000000000006, "truck": 0.08, "traffic light": 0.02, "bus": 0.05, "skateboard": 0.01, "fire hydrant": 0.01, "bird": 0.02, "umbrella": 0.01, "bench": 0.02, "sports ball": 0.02, "train": 0.02, "cow": 0.01, "airplane": 0.01, "stop sign": 0.01, "density": 0.98}