{"motorcycle": 0.31333333333333335, "parked": 0.33666666666666667, "in": 0.22666666666666666, "middle": 0.006666666666666667, "desert": 0.03333333333333333, "on": 0.39, "side": 0.20333333333333334, "road": 0.6366666666666667, "car": 0.42, "driving": 0.2866666666666667, "down": 0.2633333333333333, "dirt": 0.16666666666666666, "next": 0.19666666666666666, "field": 0.16333333333333333, "motorbike": 0.0033333333333333335, "herd": 0.18666666666666668, "sheep": 0.056666666666666664, "animals": 0.11333333333333333, "green": 0.08, "pasture": 0.016666666666666666, "mountain": 0.09333333333333334, "background": 0.04, "large": 0.09, "truck": 0.05333333333333334, "building": 0.11, "front": 0.07, "small": 0.03333333333333333, "town": 0.01, "lot": 0.01, "houses": 0.0033333333333333335, "cow": 0.0033333333333333335, "statue": 0.0033333333333333335, "street": 0.11666666666666667, "bunch": 0.023333333333333334, "motorcycles": 0.03, "cows": 0.02666666666666667, "cars": 0.03, "man": 0.02, "standing": 0.02666666666666667, "blue": 0.013333333333333334, "sign": 0.03666666666666667, "couple": 0.013333333333333334, "stone": 0.006666666666666667, "buildings": 0.006666666666666667, "roof": 0.0033333333333333335, "horse": 0.03333333333333333, "near": 0.043333333333333335, "through": 0.0033333333333333335, "cattle": 0.08333333333333333, "grazing": 0.03333333333333333, "person": 0.03, "past": 0.023333333333333334, "blurry": 0.006666666666666667, "camel": 0.0033333333333333335, "farm": 0.006666666666666667, "riding": 0.006666666666666667, "distance": 0.006666666666666667, "zebras": 0.0033333333333333335, "different": 0.0033333333333333335, "pictures": 0.0033333333333333335, "stop": 0.01, "grass": 0.01, "body": 0.0033333333333333335, "water": 0.0033333333333333335, "yellow": 0.006666666666666667, "pair": 0.0033333333333333335, "gravel": 0.0033333333333333335, "parking": 0.0033333333333333335, "forest": 0.013333333333333334, "paved": 0.0033333333333333335, "signs": 0.0033333333333333335, "wall": 0.0033333333333333335, "two": 0.016666666666666666, "vehicles": 0.0033333333333333335, "rock": 0.0033333333333333335, "behind": 0.0033333333333333335, "reads": 0.016666666666666666, "\"shackling": 0.0033333333333333335, "peaks\"": 0.0033333333333333335, "": 0.6866666666666666, "number": 0.006666666666666667, "amount": 0.0033333333333333335, "white": 0.02666666666666667, "sitting": 0.006666666666666667, "fence": 0.01, "beach": 0.0033333333333333335, "long": 0.0033333333333333335, "line": 0.0033333333333333335, "mountains": 0.013333333333333334, "taking": 0.0033333333333333335, "top": 0.016666666666666666, "arrow": 0.0033333333333333335, "park": 0.0033333333333333335, "benches": 0.006666666666666667, "rocky": 0.006666666666666667, "hillside": 0.0033333333333333335, "trees": 0.013333333333333334, "some": 0.01, "carriage": 0.0033333333333333335, "van": 0.016666666666666666, "tunnel": 0.0033333333333333335, "palm": 0.0033333333333333335, "\"the": 0.0033333333333333335, "trail\"": 0.0033333333333333335, "\"naruto\"": 0.006666666666666667, "lush": 0.01, "house": 0.0033333333333333335, "outside": 0.0033333333333333335, "lake": 0.0033333333333333335, "plane": 0.0033333333333333335, "flying": 0.0033333333333333335, "over": 0.0033333333333333335, "very": 0.0033333333333333335, "nice": 0.0033333333333333335, "looking": 0.0033333333333333335, "tree": 0.0033333333333333335, "small,": 0.0033333333333333335, "rundown": 0.0033333333333333335, "country": 0.0033333333333333335, "passing": 0.006666666666666667, "bus": 0.0033333333333333335, "river": 0.0033333333333333335, "wooden": 0.0033333333333333335, "bench": 0.0033333333333333335, "grassy": 0.0033333333333333335, "\"alto\"": 0.0033333333333333335, "store": 0.0033333333333333335, "crossing": 0.0033333333333333335, "goats": 0.0033333333333333335, "graze": 0.0033333333333333335}