{"car": 0.2566666666666664, "giraffe": 0.01, "person": 0.12333333333333323, "backpack": 0.016666666666666666, "truck": 0.09999999999999994, "elephant": 0.0033333333333333335, "cow": 0.043333333333333335, "bench": 0.016666666666666666, "train": 0.006666666666666667, "traffic light": 0.0033333333333333335, "boat": 0.0033333333333333335, "stop sign": 0.013333333333333334, "kite": 0.0033333333333333335, "skateboard": 0.0033333333333333335, "sheep": 0.02, "sports ball": 0.0033333333333333335, "horse": 0.01, "density": 0.6366666666666667}