{"field": 0.48, "few": 0.03666666666666667, "animals": 0.37, "car": 0.35333333333333333, "driving": 0.16333333333333333, "down": 0.12666666666666668, "road": 0.38333333333333336, "next": 0.06, "motorcycle": 0.08, "on": 0.32, "dirt": 0.06666666666666667, "in": 0.26666666666666666, "distance": 0.013333333333333334, "lot": 0.14, "cars": 0.03333333333333333, "parked": 0.09333333333333334, "middle": 0.03666666666666667, "large": 0.22333333333333333, "herd": 0.19, "sheep": 0.13333333333333333, "grazing": 0.15333333333333332, "town": 0.006666666666666667, "front": 0.01, "building": 0.02, "lush": 0.03333333333333333, "green": 0.14, "hillside": 0.0033333333333333335, "street": 0.02666666666666667, "sign": 0.016666666666666666, "side": 0.04, "some": 0.03, "walking": 0.01, "across": 0.0033333333333333335, "truck": 0.07666666666666666, "open": 0.0033333333333333335, "amount": 0.04, "vegetation": 0.01, "white": 0.016666666666666666, "birds": 0.0033333333333333335, "pasture": 0.013333333333333334, "rocks": 0.0033333333333333335, "trees": 0.01, "background": 0.05, "farm": 0.03, "grass": 0.05, "parking": 0.013333333333333334, "tree": 0.0033333333333333335, "cattle": 0.043333333333333335, "fence": 0.013333333333333334, "through": 0.013333333333333334, "desert": 0.07666666666666666, "horse": 0.016666666666666666, "long": 0.0033333333333333335, "standing": 0.013333333333333334, "top": 0.01, "hill": 0.0033333333333333335, "behind": 0.0033333333333333335, "several": 0.006666666666666667, "planes": 0.006666666666666667, "flying": 0.006666666666666667, "sky": 0.0033333333333333335, "dog": 0.006666666666666667, "laying": 0.0033333333333333335, "person": 0.02, "blurry": 0.016666666666666666, "sidewalk": 0.0033333333333333335, "group": 0.01, "near": 0.01, "rock": 0.0033333333333333335, "couple": 0.006666666666666667, "stop": 0.006666666666666667, "goats": 0.0033333333333333335, "cows": 0.023333333333333334, "ground": 0.0033333333333333335, "landscape": 0.01, "sandy": 0.0033333333333333335, "beach": 0.0033333333333333335, "metal": 0.0033333333333333335, "object": 0.0033333333333333335, "an": 0.006666666666666667, "animal": 0.0033333333333333335, "van": 0.0033333333333333335, "past": 0.006666666666666667, "sitting": 0.006666666666666667, "mountain": 0.013333333333333334, "camel": 0.006666666666666667, "train": 0.0033333333333333335, "track": 0.0033333333333333335, "zebras": 0.006666666666666667, "two": 0.0033333333333333335, "over": 0.0033333333333333335, "old": 0.0033333333333333335, "looking": 0.0033333333333333335, "dry": 0.006666666666666667, "tractor": 0.0033333333333333335, "bunch": 0.0033333333333333335, "grassy": 0.006666666666666667, "riding": 0.0033333333333333335, "sand": 0.0033333333333333335, "blue": 0.0033333333333333335, "small": 0.0033333333333333335, "silver": 0.0033333333333333335, "number": 0.0033333333333333335, "gas": 0.0033333333333333335, "station": 0.0033333333333333335, "motorcycles": 0.0033333333333333335, "big": 0.0033333333333333335, "area": 0.0033333333333333335}