{"road": 0.6766666666666666, "ranch": 0.013333333333333334, "top": 0.016666666666666666, "farm": 0.13, "house": 0.08, "where": 0.006666666666666667, "person": 0.023333333333333334, "was": 0.023333333333333334, "found": 0.016666666666666666, "beach": 0.09666666666666666, "city": 0.26, "desert": 0.15333333333333332, "small": 0.06, "town": 0.06333333333333334, "area": 0.01, "dry": 0.0033333333333333335, "sandy": 0.0033333333333333335, "in": 0.08666666666666667, "front": 0.0033333333333333335, "highway": 0.03, "countryside": 0.013333333333333334, "car": 0.06666666666666667, "driving": 0.013333333333333334, "through": 0.06, "mountains": 0.11, "hotel": 0.01, "parked": 0.013333333333333334, "park": 0.03, "located": 0.05333333333333334, "heart": 0.006666666666666667, "driveway": 0.0033333333333333335, "home": 0.01, "popular": 0.01, "destination": 0.01, "for": 0.016666666666666666, "tourists": 0.0033333333333333335, "trip": 0.03333333333333333, "man": 0.02666666666666667, "on": 0.01, "parking": 0.01, "lot": 0.01, "tree": 0.013333333333333334, "middle": 0.016666666666666666, "campground": 0.0033333333333333335, "canyon": 0.0033333333333333335, "walls": 0.0033333333333333335, "so": 0.0033333333333333335, "beautiful": 0.04, "place": 0.03, "visit": 0.016666666666666666, "short": 0.013333333333333334, "drive": 0.016666666666666666, "airport": 0.006666666666666667, "sale": 0.006666666666666667, "property": 0.016666666666666666, "border": 0.013333333333333334, "image": 0.006666666666666667, "#": 0.006666666666666667, "m": 0.006666666666666667, "from": 0.016666666666666666, "center": 0.006666666666666667, "tourist": 0.006666666666666667, "rural": 0.0033333333333333335, "neighborhood": 0.006666666666666667, "site": 0.0033333333333333335, "original": 0.0033333333333333335, "quarry": 0.0033333333333333335, "at": 0.0033333333333333335, "trail": 0.006666666666666667, "bit": 0.0033333333333333335, "steep,": 0.0033333333333333335, "but": 0.0033333333333333335, "not": 0.0033333333333333335, "bad": 0.0033333333333333335, "hike": 0.0033333333333333335, "common": 0.0033333333333333335, "sight": 0.0033333333333333335, "temple": 0.0033333333333333335, "pilgrimage": 0.0033333333333333335, "followers": 0.0033333333333333335, "rides": 0.0033333333333333335, "his": 0.016666666666666666, "motorcycle": 0.0033333333333333335, "struck": 0.006666666666666667, "long": 0.0033333333333333335, "one": 0.0033333333333333335, "drives": 0.01, "walk": 0.0033333333333333335, "future": 0.0033333333333333335, "a-acre": 0.0033333333333333335, "woods": 0.0033333333333333335, "castle": 0.01, "village": 0.013333333333333334, "walks": 0.006666666666666667, "dog": 0.006666666666666667, "dirt": 0.006666666666666667, "wife": 0.0033333333333333335, "field": 0.006666666666666667, "wheat": 0.0033333333333333335, "region": 0.0033333333333333335, "cave": 0.0033333333333333335, "shown": 0.0033333333333333335, "police": 0.0033333333333333335, "landscape": 0.0033333333333333335, "growing": 0.0033333333333333335, "garden": 0.0033333333333333335, "ghost": 0.0033333333333333335, "east": 0.0033333333333333335, "state": 0.0033333333333333335, "national": 0.0033333333333333335}