{"bench": 0.030000000000000002, "person": 0.04, "cow": 0.07333333333333332, "horse": 0.006666666666666667, "car": 0.12666666666666657, "bus": 0.0033333333333333335, "truck": 0.016666666666666666, "bird": 0.0033333333333333335, "kite": 0.01, "stop sign": 0.0033333333333333335, "bear": 0.0033333333333333335, "elephant": 0.0033333333333333335, "train": 0.013333333333333334, "boat": 0.01, "airplane": 0.0033333333333333335, "traffic light": 0.0033333333333333335, "sheep": 0.006666666666666667, "density": 0.3566666666666667}