{"road": 0.7233333333333334, "house": 0.20333333333333334, "farm": 0.08, "city": 0.09, "beautiful": 0.06, "place": 0.05333333333333334, "visit": 0.02666666666666667, "forest": 0.3333333333333333, "in": 0.17, "located": 0.02666666666666667, "area": 0.006666666666666667, "trip,": 0.01, "car": 0.03333333333333333, "on": 0.013333333333333334, "roads": 0.01, "full": 0.013333333333333334, "trees": 0.03666666666666667, "mountains": 0.09666666666666666, "castle": 0.05333333333333334, "view": 0.016666666666666666, "from": 0.043333333333333335, "back": 0.0033333333333333335, "garden": 0.0033333333333333335, "countryside": 0.03, "property": 0.043333333333333335, "image": 0.01, "#": 0.01, "m": 0.006666666666666667, "center": 0.0033333333333333335, "person": 0.0033333333333333335, "trip": 0.0033333333333333335, "through": 0.02, "good": 0.006666666666666667, "condition": 0.006666666666666667, "middle": 0.016666666666666666, "village": 0.02, "couple": 0.006666666666666667, "were": 0.006666666666666667, "found": 0.01, "cabin": 0.006666666666666667, "town": 0.006666666666666667, "depicted": 0.0033333333333333335, "tv": 0.0033333333333333335, "show": 0.0033333333333333335, "winter": 0.0033333333333333335, "this": 0.0033333333333333335, "same": 0.0033333333333333335, "tree": 0.02, "i": 0.0033333333333333335, "saw": 0.0033333333333333335, "field": 0.0033333333333333335, "wheat": 0.0033333333333333335, "woods": 0.016666666666666666, "redwoods": 0.0033333333333333335, "lined": 0.01, "shrubs": 0.01, "walking": 0.0033333333333333335, "along": 0.0033333333333333335, "when": 0.0033333333333333335, "they": 0.0033333333333333335, "noticed": 0.0033333333333333335, "large": 0.0033333333333333335, "amount": 0.0033333333333333335, "rain": 0.0033333333333333335, "water": 0.006666666666666667, "was": 0.013333333333333334, "falling": 0.0033333333333333335, "sky": 0.0033333333333333335, "bridge": 0.0033333333333333335, "over": 0.0033333333333333335, "river": 0.0033333333333333335, "movie": 0.016666666666666666, "believed": 0.0033333333333333335, "have": 0.0033333333333333335, "been": 0.0033333333333333335, "driven": 0.0033333333333333335, "closed": 0.006666666666666667, "traffic": 0.0033333333333333335, "driveway": 0.0033333333333333335, "drive": 0.0033333333333333335, "nowhere": 0.0033333333333333335, "for": 0.01, "sale": 0.006666666666666667, "heart": 0.0033333333333333335, "artist": 0.0033333333333333335, "driving": 0.01, "pine": 0.016666666666666666, "snow": 0.0033333333333333335, "barn": 0.0033333333333333335, "parked": 0.006666666666666667, "country": 0.0033333333333333335, "detached": 0.0033333333333333335, "holiday": 0.0033333333333333335, "home": 0.0033333333333333335, "quiet": 0.0033333333333333335, "location": 0.0033333333333333335, "garden,": 0.0033333333333333335, "at": 0.006666666666666667, "beach": 0.01, "parking": 0.01, "lot": 0.006666666666666667, "small": 0.006666666666666667, "morning": 0.006666666666666667, "site": 0.0033333333333333335, "proposed": 0.0033333333333333335, "new": 0.0033333333333333335, "park": 0.0033333333333333335, "hotel": 0.0033333333333333335, "street": 0.0033333333333333335, "summer": 0.006666666666666667, "apartment": 0.0033333333333333335, "rental": 0.0033333333333333335, "-": 0.0033333333333333335, "region": 0.0033333333333333335, "several": 0.0033333333333333335, "hours": 0.0033333333333333335, "red": 0.0033333333333333335, "roof": 0.0033333333333333335, "front": 0.0033333333333333335}