{"green": 0.41, "field": 0.4666666666666667, "trees": 0.18666666666666668, "motorcycle": 0.21, "parked": 0.23, "in": 0.29, "background": 0.06333333333333334, "car": 0.32, "driving": 0.15333333333333332, "down": 0.11666666666666667, "road": 0.5033333333333333, "past": 0.016666666666666666, "forest": 0.06333333333333334, "couple": 0.02666666666666667, "animals": 0.07666666666666666, "grazing": 0.11666666666666667, "on": 0.3333333333333333, "truck": 0.15333333333333332, "two": 0.016666666666666666, "cars": 0.02, "next": 0.04666666666666667, "large": 0.13666666666666666, "herd": 0.14333333333333334, "sheep": 0.13666666666666666, "lush": 0.03333333333333333, "street": 0.013333333333333334, "pasture": 0.06666666666666667, "cattle": 0.04666666666666667, "goats": 0.006666666666666667, "middle": 0.03, "dirt": 0.06333333333333334, "wooded": 0.013333333333333334, "area": 0.013333333333333334, "top": 0.013333333333333334, "hillside": 0.0033333333333333335, "pile": 0.01, "rocks": 0.006666666666666667, "farm": 0.01, "cows": 0.05, "few": 0.013333333333333334, "planes": 0.0033333333333333335, "distance": 0.006666666666666667, "tree": 0.02, "side": 0.07, "amount": 0.006666666666666667, "white": 0.013333333333333334, "fog": 0.0033333333333333335, "horse": 0.023333333333333334, "blurry": 0.04, "small": 0.006666666666666667, "blue": 0.006666666666666667, "front": 0.013333333333333334, "house": 0.013333333333333334, "dog": 0.006666666666666667, "body": 0.0033333333333333335, "water": 0.0033333333333333335, "boat": 0.006666666666666667, "floating": 0.0033333333333333335, "some": 0.03, "grass": 0.03, "lot": 0.006666666666666667, "person": 0.023333333333333334, "standing": 0.016666666666666666, "trailer": 0.0033333333333333335, "near": 0.013333333333333334, "barn": 0.0033333333333333335, "plane": 0.0033333333333333335, "riding": 0.006666666666666667, "through": 0.013333333333333334, "mountain": 0.01, "shrubs": 0.006666666666666667, "motorcycles": 0.016666666666666666, "red": 0.006666666666666667, "taking": 0.0033333333333333335, "scene": 0.0033333333333333335, "bench": 0.01, "bike": 0.0033333333333333335, "zebras": 0.0033333333333333335, "walking": 0.0033333333333333335, "filled": 0.0033333333333333335, "lots": 0.006666666666666667, "behind": 0.006666666666666667, "number": 0.0033333333333333335, "tractor": 0.01, "several": 0.0033333333333333335, "beds": 0.0033333333333333335, "driveway": 0.0033333333333333335, "camel": 0.0033333333333333335, "woman": 0.0033333333333333335, "building": 0.006666666666666667, "flying": 0.0033333333333333335, "kite": 0.0033333333333333335, "highway": 0.006666666666666667, "lawn": 0.0033333333333333335, "snow": 0.01, "woods": 0.0033333333333333335, "stop": 0.006666666666666667, "sign": 0.016666666666666666, "reads": 0.006666666666666667, "\"bicycles": 0.0033333333333333335, "allowed\"": 0.0033333333333333335, "": 0.35333333333333333, "\"goats": 0.0033333333333333335, "forest\"": 0.0033333333333333335, "hill": 0.0033333333333333335, "black": 0.0033333333333333335, "town": 0.0033333333333333335, "parking": 0.0033333333333333335, "sitting": 0.0033333333333333335, "covered": 0.0033333333333333335, "floor": 0.0033333333333333335, "fence": 0.0033333333333333335}