{"car": 0.18999999999999978, "truck": 0.03333333333333333, "airplane": 0.0033333333333333335, "person": 0.03666666666666667, "kite": 0.01, "bench": 0.030000000000000002, "horse": 0.0033333333333333335, "cow": 0.01, "frisbee": 0.0033333333333333335, "stop sign": 0.01, "zebra": 0.0033333333333333335, "train": 0.01, "boat": 0.0033333333333333335, "fire hydrant": 0.0033333333333333335, "clock": 0.0033333333333333335, "potted plant": 0.0033333333333333335, "bus": 0.0033333333333333335, "elephant": 0.0033333333333333335, "bird": 0.0033333333333333335, "sheep": 0.0033333333333333335, "motorcycle": 0.0033333333333333335, "giraffe": 0.0033333333333333335, "density": 0.37666666666666665}