{"road": 0.6966666666666667, "trip": 0.06333333333333334, "through": 0.07, "desert": 0.02, "forest": 0.02, "beautiful": 0.07333333333333333, "place": 0.06333333333333334, "city": 0.2, "small": 0.09, "town": 0.05, "countryside": 0.043333333333333335, "beach": 0.1, "farm": 0.3466666666666667, "village": 0.05, "visit": 0.06, "future": 0.0033333333333333335, "house": 0.07333333333333333, "region": 0.013333333333333334, "field": 0.03333333333333333, "grass": 0.006666666666666667, "barn": 0.0033333333333333335, "parking": 0.01, "lot": 0.01, "car": 0.03666666666666667, "park": 0.03, "located": 0.02666666666666667, "in": 0.08, "area": 0.01, "site": 0.016666666666666666, "original": 0.0033333333333333335, "view": 0.016666666666666666, "from": 0.013333333333333334, "prairies": 0.016666666666666666, "airport": 0.0033333333333333335, "where": 0.016666666666666666, "person": 0.013333333333333334, "was": 0.02, "born": 0.0033333333333333335, "wheat": 0.006666666666666667, "at": 0.0033333333333333335, "hotel": 0.0033333333333333335, "highway": 0.0033333333333333335, "wildflowers": 0.0033333333333333335, "private": 0.0033333333333333335, "property": 0.013333333333333334, "found": 0.013333333333333334, "middle": 0.023333333333333334, "front": 0.006666666666666667, "for": 0.006666666666666667, "sale": 0.006666666666666667, "blue": 0.0033333333333333335, "sky": 0.0033333333333333335, "cave": 0.0033333333333333335, "mountains": 0.043333333333333335, "lived": 0.01, "good": 0.0033333333333333335, "condition": 0.0033333333333333335, "tree": 0.01, "woods": 0.006666666666666667, "sun": 0.0033333333333333335, "sets": 0.0033333333333333335, "over": 0.0033333333333333335, "landscape": 0.006666666666666667, "bit": 0.0033333333333333335, "mess": 0.0033333333333333335, "on": 0.0033333333333333335, "banks": 0.0033333333333333335, "sign": 0.01, "short": 0.0033333333333333335, "drive": 0.0033333333333333335, "nowhere": 0.006666666666666667, "parked": 0.0033333333333333335, "his": 0.0033333333333333335, "mother": 0.0033333333333333335, "border": 0.006666666666666667, "this": 0.0033333333333333335, "same": 0.0033333333333333335, "spot": 0.0033333333333333335, "body": 0.0033333333333333335, "man": 0.006666666666666667, "struck": 0.0033333333333333335, "lined": 0.0033333333333333335, "trees": 0.0033333333333333335, "shrubs": 0.0033333333333333335, "us": 0.0033333333333333335, "state": 0.0033333333333333335, "mix": 0.0033333333333333335, "natural": 0.0033333333333333335, "manmade": 0.0033333333333333335}