{"dirt": 0.05333333333333334, "road": 0.29, "truck": 0.03666666666666667, "cows": 0.17, "person": 0.03333333333333333, "taking": 0.016666666666666666, "herd": 0.08, "cattle": 0.02666666666666667, "car": 0.35333333333333333, "driving": 0.11333333333333333, "down": 0.08, "animals": 0.4866666666666667, "on": 0.16666666666666666, "sheep": 0.05, "grazing": 0.22, "field": 0.6, "in": 0.45, "farm": 0.1, "background": 0.11, "two": 0.03333333333333333, "planes": 0.016666666666666666, "dog": 0.01, "distance": 0.016666666666666666, "past": 0.006666666666666667, "some": 0.06666666666666667, "green": 0.05333333333333334, "motorcycle": 0.07, "small": 0.006666666666666667, "village": 0.0033333333333333335, "large": 0.03, "building": 0.013333333333333334, "horse": 0.016666666666666666, "buggy": 0.0033333333333333335, "several": 0.006666666666666667, "group": 0.0033333333333333335, "lot": 0.023333333333333334, "standing": 0.013333333333333334, "lush": 0.01, "middle": 0.02, "next": 0.03, "grass": 0.03333333333333333, "passing": 0.006666666666666667, "blurry": 0.016666666666666666, "forest": 0.0033333333333333335, "trees": 0.01, "horses": 0.0033333333333333335, "parked": 0.05333333333333334, "side": 0.04, "zebras": 0.01, "town": 0.0033333333333333335, "top": 0.01, "sandy": 0.0033333333333333335, "beach": 0.0033333333333333335, "street": 0.01, "flying": 0.0033333333333333335, "sky": 0.0033333333333333335, "cars": 0.013333333333333334, "motorcycles": 0.0033333333333333335, "couple": 0.013333333333333334, "fence": 0.0033333333333333335, "pasture": 0.006666666666666667, "through": 0.006666666666666667, "white": 0.006666666666666667, "cat": 0.0033333333333333335, "tractor": 0.006666666666666667, "few": 0.01, "sign": 0.0033333333333333335, "reads": 0.0033333333333333335, "\"nokia\"": 0.0033333333333333335, "": 0.18333333333333332, "riding": 0.0033333333333333335, "trucks": 0.0033333333333333335, "plane": 0.0033333333333333335, "sitting": 0.006666666666666667, "vehicles": 0.0033333333333333335, "scene": 0.0033333333333333335, "rural": 0.0033333333333333335, "bunch": 0.0033333333333333335, "goats": 0.0033333333333333335}