{"person": 0.05666666666666667, "dog": 0.01, "horse": 0.013333333333333334, "car": 0.06333333333333334, "stop sign": 0.006666666666666667, "truck": 0.023333333333333334, "cow": 0.03666666666666667, "sheep": 0.023333333333333334, "bench": 0.006666666666666667, "mouse": 0.0033333333333333335, "boat": 0.006666666666666667, "zebra": 0.01, "train": 0.0033333333333333335, "umbrella": 0.0033333333333333335, "kite": 0.0033333333333333335, "parking meter": 0.0033333333333333335, "bird": 0.0033333333333333335, "airplane": 0.0033333333333333335, "frisbee": 0.0033333333333333335, "density": 0.2833333333333333}