{"road": 0.6566666666666666, "was": 0.03666666666666667, "cut": 0.0033333333333333335, "off": 0.0033333333333333335, "large": 0.0033333333333333335, "tree": 0.02, "temple": 0.023333333333333334, "ranch": 0.0033333333333333335, "beach": 0.22333333333333333, "mountains": 0.08666666666666667, "house": 0.14666666666666667, "city": 0.11, "small": 0.02666666666666667, "town": 0.023333333333333334, "hotel": 0.0033333333333333335, "farm": 0.08333333333333333, "trip": 0.006666666666666667, "through": 0.03333333333333333, "desert": 0.06333333333333334, "in": 0.13666666666666666, "beautiful": 0.03666666666666667, "place": 0.03333333333333333, "visit": 0.03, "lined": 0.023333333333333334, "trees": 0.016666666666666666, "border": 0.02666666666666667, "for": 0.023333333333333334, "sale": 0.006666666666666667, "property": 0.03333333333333333, "where": 0.023333333333333334, "person": 0.02, "found": 0.006666666666666667, "site": 0.013333333333333334, "proposed": 0.006666666666666667, "new": 0.006666666666666667, "school": 0.01, "middle": 0.023333333333333334, "car": 0.08333333333333333, "parked": 0.03, "field": 0.013333333333333334, "forest": 0.006666666666666667, "located": 0.06666666666666667, "from": 0.02666666666666667, "heart": 0.01, "man": 0.02666666666666667, "struck": 0.0033333333333333335, "apartment": 0.0033333333333333335, "rental": 0.0033333333333333335, "-": 0.0033333333333333335, "street": 0.023333333333333334, "home": 0.013333333333333334, "person,": 0.006666666666666667, "who": 0.006666666666666667, "dead": 0.0033333333333333335, "his": 0.006666666666666667, "ask": 0.0033333333333333335, "owner": 0.0033333333333333335, "photos": 0.0033333333333333335, "building": 0.01, "driving": 0.02, "remote": 0.0033333333333333335, "area": 0.01, "village": 0.013333333333333334, "top": 0.006666666666666667, "this": 0.016666666666666666, "view": 0.013333333333333334, "my": 0.0033333333333333335, "front": 0.006666666666666667, "yard": 0.0033333333333333335, "park": 0.01, "quiet": 0.0033333333333333335, "born": 0.006666666666666667, "neighborhood": 0.006666666666666667, "arrested": 0.006666666666666667, "after": 0.01, "he": 0.006666666666666667, "reportedly": 0.006666666666666667, "ran": 0.01, "over": 0.01, "hit": 0.0033333333333333335, "woman": 0.0033333333333333335, "head": 0.0033333333333333335, "bridge": 0.0033333333333333335, "river": 0.01, "image": 0.013333333333333334, "#": 0.01, "m": 0.006666666666666667, "center": 0.006666666666666667, "community": 0.0033333333333333335, "growing": 0.0033333333333333335, "backyard": 0.006666666666666667, "countryside": 0.016666666666666666, "i": 0.01, "grew": 0.0033333333333333335, "up": 0.0033333333333333335, "live": 0.006666666666666667, "walks": 0.006666666666666667, "down": 0.006666666666666667, "closed": 0.006666666666666667, "weekend": 0.006666666666666667, "region": 0.006666666666666667, "landscape": 0.006666666666666667, "villa": 0.0033333333333333335, "square": 0.006666666666666667, "meters,": 0.0033333333333333335, "on": 0.02, "plot": 0.0033333333333333335, "meters": 0.0033333333333333335, "cars": 0.0033333333333333335, "miles": 0.0033333333333333335, "north": 0.0033333333333333335, "ghost": 0.0033333333333333335, "east": 0.0033333333333333335, "mountain": 0.0033333333333333335, "range": 0.0033333333333333335, "streets": 0.0033333333333333335, "cottages": 0.0033333333333333335, "rides": 0.0033333333333333335, "motorcycle": 0.0033333333333333335, "couple": 0.006666666666666667, "lived": 0.01, "life": 0.0033333333333333335, "thing": 0.0033333333333333335, "parking": 0.01, "lot": 0.006666666666666667, "suburb": 0.0033333333333333335, "side": 0.006666666666666667, "original": 0.0033333333333333335, "quarry": 0.006666666666666667, "highway": 0.006666666666666667, "popular": 0.0033333333333333335, "destination": 0.0033333333333333335, "tourists": 0.0033333333333333335, "trail": 0.0033333333333333335, "ruins": 0.0033333333333333335, "ancient": 0.0033333333333333335, "short": 0.0033333333333333335, "walk": 0.0033333333333333335, "seen": 0.006666666666666667, "undated": 0.006666666666666667, "rural": 0.0033333333333333335, "grass": 0.006666666666666667, "along": 0.0033333333333333335, "cave": 0.0033333333333333335, "market": 0.0033333333333333335, "$1": 0.0033333333333333335, "intersection": 0.0033333333333333335, "file": 0.0033333333333333335, "shot": 0.006666666666666667, "back": 0.0033333333333333335, "were": 0.0033333333333333335, "spotted": 0.0033333333333333335, "walking": 0.0033333333333333335, "now": 0.0033333333333333335, "living": 0.0033333333333333335, "truck": 0.0033333333333333335, "movie": 0.0033333333333333335, "killed": 0.0033333333333333335, "into": 0.006666666666666667, "fence": 0.0033333333333333335, "ditch": 0.0033333333333333335, "internet,": 0.0033333333333333335, "air": 0.0033333333333333335, "conditioning,": 0.0033333333333333335, "greener": 0.0033333333333333335, "other": 0.0033333333333333335, "mix": 0.0033333333333333335, "green": 0.0033333333333333335, "brown": 0.0033333333333333335, "shrubs": 0.0033333333333333335}