{"car": 0.3600000000000004, "potted plant": 0.016666666666666666, "bird": 0.023333333333333334, "person": 0.10999999999999992, "motorcycle": 0.006666666666666667, "bicycle": 0.013333333333333334, "truck": 0.11333333333333324, "umbrella": 0.01, "bus": 0.023333333333333334, "train": 0.02, "zebra": 0.006666666666666667, "giraffe": 0.01, "skateboard": 0.0033333333333333335, "fire hydrant": 0.0033333333333333335, "kite": 0.013333333333333334, "bench": 0.01, "sheep": 0.0033333333333333335, "cow": 0.01, "bear": 0.0033333333333333335, "boat": 0.013333333333333334, "stop sign": 0.0033333333333333335, "traffic light": 0.006666666666666667, "suitcase": 0.0033333333333333335, "chair": 0.0033333333333333335, "density": 0.79}