{"person": 0.49333333333333457, "motorcycle": 0.10333333333333326, "truck": 0.02666666666666667, "bus": 0.0033333333333333335, "car": 0.11333333333333324, "toilet": 0.0033333333333333335, "umbrella": 0.01, "bench": 0.02666666666666667, "horse": 0.0033333333333333335, "bird": 0.016666666666666666, "cell phone": 0.0033333333333333335, "bicycle": 0.006666666666666667, "sports ball": 0.006666666666666667, "frisbee": 0.0033333333333333335, "handbag": 0.01, "cow": 0.02, "train": 0.006666666666666667, "bear": 0.01, "sheep": 0.006666666666666667, "fire hydrant": 0.0033333333333333335, "chair": 0.01, "giraffe": 0.006666666666666667, "zebra": 0.01, "elephant": 0.0033333333333333335, "snowboard": 0.0033333333333333335, "banana": 0.0033333333333333335, "density": 0.9133333333333333}