{"trees": 0.02, "in": 0.17333333333333334, "full": 0.01, "bloom": 0.0033333333333333335, "road": 0.6633333333333333, "farm": 0.10666666666666667, "forest": 0.05333333333333334, "beach": 0.13666666666666666, "tree": 0.10666666666666667, "middle": 0.09333333333333334, "house": 0.14333333333333334, "was": 0.03, "blocked": 0.0033333333333333335, "mountains": 0.013333333333333334, "temple": 0.16, "city": 0.09666666666666666, "beautiful": 0.06333333333333334, "place": 0.06, "visit": 0.04, "jungle": 0.08666666666666667, "through": 0.03333333333333333, "countryside": 0.016666666666666666, "site": 0.01, "original": 0.006666666666666667, "fire": 0.0033333333333333335, "view": 0.02, "from": 0.03, "top": 0.016666666666666666, "hill": 0.01, "home": 0.01, "person": 0.016666666666666666, "his": 0.013333333333333334, "wife": 0.0033333333333333335, "small": 0.03666666666666667, "town": 0.02, "village": 0.05333333333333334, "person,": 0.016666666666666666, "where": 0.016666666666666666, "girls": 0.0033333333333333335, "were": 0.01, "born": 0.006666666666666667, "proposed": 0.0033333333333333335, "new": 0.0033333333333333335, "school": 0.0033333333333333335, "popular": 0.0033333333333333335, "spot": 0.0033333333333333335, "for": 0.006666666666666667, "photographers": 0.0033333333333333335, "woods": 0.023333333333333334, "garden": 0.023333333333333334, "sky": 0.0033333333333333335, "mirror": 0.0033333333333333335, "our": 0.0033333333333333335, "soul": 0.0033333333333333335, "fell": 0.0033333333333333335, "on": 0.01, "located": 0.02, "property": 0.0033333333333333335, "quiet": 0.0033333333333333335, "stretch": 0.0033333333333333335, "river": 0.006666666666666667, "lived": 0.01, "mother": 0.006666666666666667, "path": 0.0033333333333333335, "background": 0.0033333333333333335, "found": 0.02, "rainbow": 0.0033333333333333335, "backyard": 0.0033333333333333335, "man": 0.013333333333333334, "walks": 0.0033333333333333335, "dog": 0.0033333333333333335, "along": 0.0033333333333333335, "closed": 0.0033333333333333335, "several": 0.0033333333333333335, "hours": 0.0033333333333333335, "after": 0.0033333333333333335, "incident": 0.0033333333333333335, "growing": 0.0033333333333333335, "area": 0.0033333333333333335, "car": 0.006666666666666667, "park": 0.01, "at": 0.0033333333333333335, "entrance": 0.0033333333333333335, "national": 0.0033333333333333335, "spend": 0.0033333333333333335, "day": 0.0033333333333333335, "i": 0.0033333333333333335, "grew": 0.0033333333333333335, "up": 0.0033333333333333335, "castle": 0.0033333333333333335, "movie": 0.0033333333333333335, "trip": 0.0033333333333333335, "trail": 0.006666666666666667, "short": 0.0033333333333333335, "walk": 0.0033333333333333335, "landscape": 0.01, "region": 0.01, "seen": 0.0033333333333333335, "walking": 0.006666666666666667, "down": 0.0033333333333333335, "street": 0.006666666666666667, "field": 0.0033333333333333335, "typical": 0.0033333333333333335, "who": 0.0033333333333333335, "shot": 0.0033333333333333335, "killed": 0.0033333333333333335, "mixture": 0.0033333333333333335, "shrubs": 0.0033333333333333335, "water": 0.0033333333333333335, "couple": 0.006666666666666667, "spotted": 0.0033333333333333335, "got": 0.0033333333333333335, "away": 0.0033333333333333335, "bit": 0.0033333333333333335, "muddy,": 0.0033333333333333335, "but": 0.0033333333333333335, "it's": 0.0033333333333333335, "still": 0.0033333333333333335, "pretty": 0.0033333333333333335}