{"truck": 0.07, "bus": 0.01, "person": 0.10999999999999999, "car": 0.45000000000000023, "cow": 0.01, "bench": 0.03, "traffic light": 0.03, "motorcycle": 0.01, "bird": 0.01, "potted plant": 0.03, "bicycle": 0.01, "umbrella": 0.02, "stop sign": 0.01, "kite": 0.01, "boat": 0.01, "density": 0.82}