{"road": 0.6966666666666667, "mountains": 0.02, "house": 0.18333333333333332, "in": 0.16, "jungle": 0.03666666666666667, "beach": 0.38666666666666666, "tree": 0.03, "middle": 0.043333333333333335, "temple": 0.09333333333333334, "through": 0.006666666666666667, "rice": 0.0033333333333333335, "fields": 0.0033333333333333335, "where": 0.03, "person": 0.03, "was": 0.03, "found": 0.016666666666666666, "property": 0.02, "located": 0.07333333333333333, "heart": 0.02, "home": 0.01, "person,": 0.006666666666666667, "who": 0.006666666666666667, "now": 0.006666666666666667, "living": 0.006666666666666667, "airport": 0.023333333333333334, "trees": 0.02666666666666667, "good": 0.006666666666666667, "condition": 0.006666666666666667, "this": 0.01, "view": 0.01, "from": 0.04, "my": 0.0033333333333333335, "front": 0.0033333333333333335, "yard": 0.0033333333333333335, "hotel": 0.013333333333333334, "lived": 0.023333333333333334, "closed": 0.02, "for": 0.023333333333333334, "weekend": 0.016666666666666666, "growing": 0.0033333333333333335, "park": 0.03333333333333333, "dolphin": 0.0033333333333333335, "ocean": 0.0033333333333333335, "full": 0.01, "man": 0.016666666666666666, "shot": 0.0033333333333333335, "killed": 0.0033333333333333335, "after": 0.006666666666666667, "fight": 0.0033333333333333335, "broke": 0.0033333333333333335, "out": 0.0033333333333333335, "at": 0.006666666666666667, "city": 0.03, "beautiful": 0.01, "couple": 0.013333333333333334, "were": 0.013333333333333334, "passerby": 0.0033333333333333335, "garden": 0.01, "on": 0.02, "cloudy": 0.006666666666666667, "day": 0.006666666666666667, "car": 0.03333333333333333, "spotted": 0.006666666666666667, "countryside": 0.01, "neighborhood": 0.02, "his": 0.02, "mother": 0.0033333333333333335, "palm": 0.013333333333333334, "driveway": 0.0033333333333333335, "forest": 0.016666666666666666, "walks": 0.006666666666666667, "past": 0.0033333333333333335, "village": 0.013333333333333334, "farm": 0.013333333333333334, "backyard": 0.0033333333333333335, "wife": 0.0033333333333333335, "children": 0.0033333333333333335, "place": 0.006666666666666667, "bridge": 0.01, "over": 0.01, "river": 0.016666666666666666, "popular": 0.006666666666666667, "spot": 0.006666666666666667, "locals": 0.0033333333333333335, "enjoy": 0.0033333333333333335, "drink": 0.0033333333333333335, "image": 0.006666666666666667, "#": 0.0033333333333333335, "large": 0.0033333333333333335, "swimming": 0.0033333333333333335, "pool": 0.0033333333333333335, "boat": 0.0033333333333333335, "visit": 0.0033333333333333335, "building": 0.01, "trail": 0.006666666666666667, "bit": 0.0033333333333333335, "narrow,": 0.0033333333333333335, "but": 0.0033333333333333335, "it's": 0.0033333333333333335, "not": 0.0033333333333333335, "too": 0.0033333333333333335, "bad": 0.0033333333333333335, "short": 0.0033333333333333335, "walk": 0.0033333333333333335, "parents": 0.006666666666666667, "seen": 0.013333333333333334, "walking": 0.006666666666666667, "down": 0.006666666666666667, "street": 0.006666666666666667, "woods": 0.0033333333333333335, "parking": 0.0033333333333333335, "lot": 0.0033333333333333335, "arrested": 0.0033333333333333335, "he": 0.006666666666666667, "reportedly": 0.0033333333333333335, "threw": 0.0033333333333333335, "bottle": 0.0033333333333333335, "police": 0.0033333333333333335, "officer": 0.0033333333333333335, "bloom": 0.0033333333333333335, "castle": 0.023333333333333334, "small": 0.0033333333333333335, "outside": 0.01, "lake": 0.0033333333333333335, "dog": 0.0033333333333333335, "leash": 0.0033333333333333335, "undated": 0.0033333333333333335, "traffic": 0.0033333333333333335, "entrance": 0.0033333333333333335, "driving": 0.0033333333333333335, "country": 0.0033333333333333335, "when": 0.0033333333333333335, "struck": 0.0033333333333333335, "site": 0.013333333333333334, "proposed": 0.01, "new": 0.01, "school": 0.0033333333333333335, "surfers": 0.0033333333333333335, "area": 0.0033333333333333335, "former": 0.0033333333333333335, "factory": 0.0033333333333333335, "path": 0.0033333333333333335}