{"car": 0.45000000000000095, "person": 0.10999999999999992, "truck": 0.09999999999999994, "bench": 0.03333333333333333, "bus": 0.02, "train": 0.016666666666666666, "cow": 0.043333333333333335, "traffic light": 0.01, "motorcycle": 0.01, "kite": 0.013333333333333334, "potted plant": 0.023333333333333334, "fire hydrant": 0.01, "bicycle": 0.0033333333333333335, "elephant": 0.006666666666666667, "boat": 0.06999999999999999, "chair": 0.0033333333333333335, "bird": 0.013333333333333334, "surfboard": 0.0033333333333333335, "skateboard": 0.0033333333333333335, "parking meter": 0.0033333333333333335, "umbrella": 0.006666666666666667, "stop sign": 0.0033333333333333335, "zebra": 0.01, "sports ball": 0.0033333333333333335, "suitcase": 0.0033333333333333335, "tv": 0.0033333333333333335, "oven": 0.0033333333333333335, "sheep": 0.0033333333333333335, "density": 0.9833333333333333}