{"fire hydrant": 0.02, "tennis racket": 0.02, "car": 0.35000000000000014, "truck": 0.05, "stop sign": 0.02, "banana": 0.01, "motorcycle": 0.10999999999999999, "bench": 0.060000000000000005, "train": 0.02, "giraffe": 0.02, "zebra": 0.01, "cup": 0.01, "person": 0.05, "traffic light": 0.01, "kite": 0.01, "potted plant": 0.17, "frisbee": 0.01, "bird": 0.02, "airplane": 0.01, "bicycle": 0.01, "density": 0.99}