{"tree": 0.03666666666666667, "in": 0.17333333333333334, "middle": 0.04, "road": 0.5733333333333334, "jungle": 0.03666666666666667, "palm": 0.0033333333333333335, "trees": 0.03333333333333333, "car": 0.04, "was": 0.04, "found": 0.013333333333333334, "street": 0.03, "house": 0.17666666666666667, "where": 0.043333333333333335, "person": 0.04666666666666667, "lived": 0.03666666666666667, "temple": 0.15333333333333332, "beach": 0.14666666666666667, "bridge": 0.02, "over": 0.02666666666666667, "river": 0.03, "mile": 0.0033333333333333335, "long": 0.0033333333333333335, "spans": 0.0033333333333333335, "miles": 0.0033333333333333335, "his": 0.01, "parents": 0.0033333333333333335, "rice": 0.013333333333333334, "fields": 0.01, "building": 0.03666666666666667, "located": 0.06333333333333334, "on": 0.01, "corner": 0.0033333333333333335, "city": 0.1, "man": 0.02666666666666667, "arrested": 0.01, "after": 0.013333333333333334, "he": 0.01, "allegedly": 0.01, "ran": 0.006666666666666667, "hit": 0.0033333333333333335, "pedestrian": 0.0033333333333333335, "mother": 0.006666666666666667, "woods": 0.0033333333333333335, "plants": 0.0033333333333333335, "very": 0.0033333333333333335, "fragrant": 0.0033333333333333335, "can": 0.0033333333333333335, "be": 0.0033333333333333335, "planted": 0.0033333333333333335, "variety": 0.0033333333333333335, "ways": 0.0033333333333333335, "mountains": 0.043333333333333335, "heart": 0.02, "forest": 0.023333333333333334, "from": 0.03666666666666667, "movie": 0.0033333333333333335, "farm": 0.016666666666666666, "castle": 0.013333333333333334, "light": 0.0033333333333333335, "sun": 0.006666666666666667, "now": 0.016666666666666666, "closed": 0.023333333333333334, "for": 0.03333333333333333, "season": 0.01, "field": 0.02, "countryside": 0.023333333333333334, "view": 0.03, "lake": 0.006666666666666667, "top": 0.016666666666666666, "mountain": 0.006666666666666667, "park": 0.02666666666666667, "day": 0.013333333333333334, "small": 0.02, "village": 0.01, "fence": 0.0033333333333333335, "around": 0.0033333333333333335, "property": 0.016666666666666666, "lined": 0.02, "apartment": 0.0033333333333333335, "rental": 0.0033333333333333335, "-": 0.0033333333333333335, "center": 0.01, "neighborhood": 0.01, "beautiful": 0.023333333333333334, "place": 0.02, "picnic": 0.0033333333333333335, "table": 0.0033333333333333335, "wall": 0.0033333333333333335, "work": 0.0033333333333333335, "art": 0.0033333333333333335, "through": 0.01, "couple's": 0.006666666666666667, "home": 0.016666666666666666, "market": 0.006666666666666667, "$1": 0.006666666666666667, "garden": 0.01, "surrounded": 0.0033333333333333335, "shrubs": 0.006666666666666667, "path": 0.01, "future": 0.0033333333333333335, "hotel": 0.013333333333333334, "good": 0.006666666666666667, "condition": 0.0033333333333333335, "back": 0.006666666666666667, "weekend": 0.0033333333333333335, "shines": 0.0033333333333333335, "grass": 0.006666666666666667, "growing": 0.0033333333333333335, "born": 0.006666666666666667, "couple": 0.006666666666666667, "were": 0.006666666666666667, "forced": 0.0033333333333333335, "move": 0.0033333333333333335, "out": 0.0033333333333333335, "their": 0.0033333333333333335, "attack": 0.0033333333333333335, "person,": 0.006666666666666667, "who": 0.006666666666666667, "living": 0.006666666666666667, "national": 0.0033333333333333335, "airport": 0.01, "area": 0.0033333333333333335, "wheat": 0.0033333333333333335, "plant": 0.0033333333333333335, "state": 0.006666666666666667, "complete": 0.0033333333333333335, "darkness": 0.0033333333333333335, "image": 0.01, "#": 0.01, "m": 0.0033333333333333335, "internet,": 0.0033333333333333335, "air": 0.0033333333333333335, "conditioning,": 0.0033333333333333335, "parking": 0.0033333333333333335, "visit": 0.006666666666666667, "disrepair": 0.0033333333333333335, "walks": 0.006666666666666667, "down": 0.013333333333333334, "spotted": 0.0033333333333333335, "walking": 0.01, "this": 0.006666666666666667, "i": 0.006666666666666667, "grew": 0.0033333333333333335, "up": 0.0033333333333333335, "town": 0.013333333333333334, "hill": 0.0033333333333333335, "large": 0.006666666666666667, "swimming": 0.006666666666666667, "pool": 0.006666666666666667, "entrance": 0.006666666666666667, "live": 0.0033333333333333335, "seen": 0.013333333333333334, "threw": 0.0033333333333333335, "bottle": 0.0033333333333333335, "at": 0.006666666666666667, "shot": 0.0033333333333333335, "head": 0.0033333333333333335, "neck": 0.0033333333333333335, "trail": 0.0033333333333333335, "bit": 0.0033333333333333335, "muddy,": 0.0033333333333333335, "but": 0.0033333333333333335, "i'm": 0.0033333333333333335, "pretty": 0.0033333333333333335, "sure": 0.0033333333333333335, "it's": 0.0033333333333333335, "start": 0.0033333333333333335, "short": 0.0033333333333333335, "walk": 0.0033333333333333335, "walls": 0.0033333333333333335, "old": 0.0033333333333333335, "thick,": 0.0033333333333333335, "dark,": 0.0033333333333333335, "mysterious": 0.0033333333333333335, "shops": 0.0033333333333333335, "restaurants": 0.0033333333333333335, "pilgrimage": 0.0033333333333333335, "followers": 0.0033333333333333335, "tunnel": 0.0033333333333333335, "past": 0.0033333333333333335, "drives": 0.0033333333333333335, "busy": 0.0033333333333333335, "end": 0.0033333333333333335, "parked": 0.0033333333333333335, "driveway": 0.0033333333333333335, "site": 0.0033333333333333335, "proposed": 0.0033333333333333335, "new": 0.0033333333333333335, "school": 0.0033333333333333335, "along": 0.0033333333333333335, "runs": 0.0033333333333333335}