{"car": 0.43666666666666754, "potted plant": 0.18666666666666645, "bench": 0.05, "truck": 0.05666666666666667, "cup": 0.0033333333333333335, "giraffe": 0.01, "person": 0.0833333333333333, "motorcycle": 0.10333333333333326, "boat": 0.016666666666666666, "sheep": 0.01, "toilet": 0.0033333333333333335, "tie": 0.0033333333333333335, "stop sign": 0.02, "fire hydrant": 0.02, "clock": 0.0033333333333333335, "zebra": 0.006666666666666667, "traffic light": 0.03666666666666667, "surfboard": 0.0033333333333333335, "backpack": 0.01, "bicycle": 0.01, "banana": 0.0033333333333333335, "train": 0.02666666666666667, "tennis racket": 0.006666666666666667, "frisbee": 0.006666666666666667, "bird": 0.013333333333333334, "kite": 0.01, "bus": 0.006666666666666667, "airplane": 0.0033333333333333335, "dining table": 0.0033333333333333335, "cow": 0.006666666666666667, "bear": 0.006666666666666667, "bottle": 0.01, "sports ball": 0.0033333333333333335, "parking meter": 0.0033333333333333335, "density": 1.1833333333333333}