{"car": 0.17, "driving": 0.14666666666666667, "down": 0.15333333333333332, "dirt": 0.15666666666666668, "road": 0.4866666666666667, "motorcycle": 0.39, "parked": 0.39, "on": 0.47, "side": 0.25666666666666665, "truck": 0.06666666666666667, "green": 0.15333333333333332, "next": 0.10333333333333333, "wooden": 0.0033333333333333335, "fence": 0.05333333333333334, "picnic": 0.0033333333333333335, "table": 0.0033333333333333335, "large": 0.09333333333333334, "metal": 0.016666666666666666, "bench": 0.03333333333333333, "pasture": 0.023333333333333334, "in": 0.22666666666666666, "field": 0.12666666666666668, "forest": 0.07666666666666666, "street": 0.2, "narrow": 0.013333333333333334, "bunch": 0.03333333333333333, "trees": 0.05, "bushes": 0.01, "person": 0.03666666666666667, "taking": 0.016666666666666666, "herd": 0.08333333333333333, "animals": 0.10666666666666667, "cars": 0.04, "background": 0.04, "dog": 0.016666666666666666, "building": 0.08, "front": 0.056666666666666664, "van": 0.013333333333333334, "near": 0.04666666666666667, "long": 0.01, "sandy": 0.0033333333333333335, "beach": 0.006666666666666667, "train": 0.03, "track": 0.0033333333333333335, "running": 0.0033333333333333335, "through": 0.0033333333333333335, "blue": 0.01, "station": 0.006666666666666667, "tracks": 0.006666666666666667, "blurry": 0.056666666666666664, "tall": 0.0033333333333333335, "both": 0.006666666666666667, "sides": 0.006666666666666667, "couple": 0.03, "standing": 0.04666666666666667, "past": 0.016666666666666666, "row": 0.0033333333333333335, "sheep": 0.043333333333333335, "traveling": 0.0033333333333333335, "over": 0.01, "bridge": 0.013333333333333334, "river": 0.0033333333333333335, "view": 0.01, "motorcycles": 0.02, "potted": 0.0033333333333333335, "plants": 0.0033333333333333335, "bush": 0.0033333333333333335, "tree": 0.013333333333333334, "bike": 0.013333333333333334, "an": 0.0033333333333333335, "umbrella": 0.0033333333333333335, "hill": 0.006666666666666667, "rock": 0.0033333333333333335, "fire": 0.01, "hydrant": 0.01, "sitting": 0.03666666666666667, "woods": 0.0033333333333333335, "gas": 0.0033333333333333335, "elephants": 0.01, "lot": 0.013333333333333334, "scene": 0.006666666666666667, "path": 0.013333333333333334, "cow": 0.006666666666666667, "stop": 0.016666666666666666, "sign": 0.04666666666666667, "middle": 0.016666666666666666, "body": 0.01, "water": 0.01, "city": 0.01, "foggy": 0.006666666666666667, "traffic": 0.0033333333333333335, "light": 0.006666666666666667, "horse": 0.013333333333333334, "stone": 0.006666666666666667, "leading": 0.006666666666666667, "park": 0.016666666666666666, "gravel": 0.0033333333333333335, "driveway": 0.0033333333333333335, "drawn": 0.0033333333333333335, "carriage": 0.0033333333333333335, "highway": 0.02, "some": 0.013333333333333334, "man": 0.016666666666666666, "walking": 0.016666666666666666, "filled": 0.0033333333333333335, "grazing": 0.02666666666666667, "benches": 0.006666666666666667, "ground": 0.006666666666666667, "trailer": 0.0033333333333333335, "farm": 0.013333333333333334, "silver": 0.0033333333333333335, "lush": 0.01, "riding": 0.006666666666666667, "banana": 0.0033333333333333335, "along": 0.0033333333333333335, "boat": 0.0033333333333333335, "distance": 0.013333333333333334, "mountain": 0.01, "taken": 0.0033333333333333335, "from": 0.006666666666666667, "grass": 0.016666666666666666, "bird": 0.0033333333333333335, "flying": 0.0033333333333333335, "cows": 0.02, "small": 0.01, "object": 0.0033333333333333335, "group": 0.0033333333333333335, "top": 0.01, "cattle": 0.0033333333333333335, "close": 0.0033333333333333335, "up": 0.0033333333333333335, "leaves": 0.0033333333333333335, "reads": 0.013333333333333334, "\"the": 0.0033333333333333335, "lake\"": 0.0033333333333333335, "": 0.5233333333333333, "cat": 0.0033333333333333335, "outside": 0.0033333333333333335, "buildings": 0.006666666666666667, "\"pandaroad\"": 0.0033333333333333335, "town": 0.0033333333333333335, "yellow": 0.0033333333333333335, "tractor": 0.0033333333333333335, "number": 0.0033333333333333335, "windows": 0.0033333333333333335, "grassy": 0.006666666666666667, "area": 0.006666666666666667, "two": 0.0033333333333333335, "lake": 0.0033333333333333335, "brick": 0.0033333333333333335, "motor": 0.0033333333333333335, "tunnel": 0.0033333333333333335, "camera": 0.0033333333333333335, "plane": 0.0033333333333333335, "image": 0.0033333333333333335, "\"horseback": 0.0033333333333333335, "surgery\"": 0.0033333333333333335, "pair": 0.0033333333333333335, "scissors": 0.0033333333333333335, "pole": 0.0033333333333333335, "line": 0.006666666666666667, "cluster": 0.0033333333333333335, "rural": 0.0033333333333333335, "surrounded": 0.0033333333333333335, "shrubs": 0.0033333333333333335, "chain": 0.0033333333333333335, "link": 0.0033333333333333335, "each": 0.0033333333333333335, "other": 0.0033333333333333335, "blur": 0.0033333333333333335, "around": 0.0033333333333333335, "\"chinatown\"": 0.0033333333333333335}