{"car": 1.0900000000000007, "motorcycle": 0.11999999999999998, "person": 0.25000000000000006, "kite": 0.07, "train": 0.04, "boat": 0.11999999999999998, "sheep": 0.01, "fire hydrant": 0.04, "truck": 0.12999999999999998, "skateboard": 0.01, "airplane": 0.02, "traffic light": 0.02, "bus": 0.01, "backpack": 0.01, "potted plant": 0.05, "skis": 0.01, "bench": 0.02, "parking meter": 0.01, "suitcase": 0.01, "bird": 0.12999999999999998, "density": 2.17}