{"road": 0.4633333333333333, "hotel": 0.05, "castle": 0.07666666666666666, "building": 0.09, "located": 0.07333333333333333, "in": 0.14333333333333334, "neighborhood": 0.02666666666666667, "apartment": 0.03, "rental": 0.01, "-": 0.01, "tunnel": 0.013333333333333334, "beach": 0.21333333333333335, "city": 0.18333333333333332, "property": 0.02, "image": 0.016666666666666666, "#": 0.016666666666666666, "right": 0.0033333333333333335, "on": 0.04, "beach,": 0.0033333333333333335, "boulevard": 0.0033333333333333335, "house": 0.2, "where": 0.13, "person": 0.11, "was": 0.04666666666666667, "born": 0.006666666666666667, "car": 0.02666666666666667, "park": 0.013333333333333334, "attack": 0.0033333333333333335, "took": 0.0033333333333333335, "place": 0.0033333333333333335, "heart": 0.016666666666666666, "town": 0.04666666666666667, "sign": 0.0033333333333333335, "window": 0.0033333333333333335, "view": 0.04666666666666667, "from": 0.05333333333333334, "lived": 0.08333333333333333, "center": 0.013333333333333334, "entrance": 0.0033333333333333335, "parked": 0.013333333333333334, "front": 0.013333333333333334, "sea": 0.04666666666666667, "found": 0.02666666666666667, "small": 0.01, "night": 0.0033333333333333335, "sky": 0.0033333333333333335, "over": 0.013333333333333334, "complex": 0.0033333333333333335, "wall": 0.01, "old": 0.02, "mountains": 0.023333333333333334, "tree": 0.03, "middle": 0.03333333333333333, "garden": 0.006666666666666667, "sun": 0.0033333333333333335, "shining": 0.0033333333333333335, "through": 0.0033333333333333335, "clouds": 0.0033333333333333335, "bridge": 0.01, "coast": 0.016666666666666666, "mine": 0.0033333333333333335, "beautiful": 0.01, "street": 0.06, "cave": 0.0033333333333333335, "lot": 0.006666666666666667, "plants": 0.0033333333333333335, "leading": 0.013333333333333334, "top": 0.013333333333333334, "popular": 0.006666666666666667, "tourist": 0.0033333333333333335, "destination": 0.0033333333333333335, "deck": 0.0033333333333333335, "red": 0.0033333333333333335, "flowers": 0.0033333333333333335, "shrubs": 0.0033333333333333335, "her": 0.006666666666666667, "parents": 0.01, "market": 0.01, "for": 0.013333333333333334, "\u00a3": 0.006666666666666667, "1": 0.006666666666666667, "area": 0.01, "i": 0.006666666666666667, "light": 0.0033333333333333335, "at": 0.006666666666666667, "end": 0.0033333333333333335, "killer": 0.006666666666666667, "shot": 0.006666666666666667, "home": 0.006666666666666667, "person,": 0.006666666666666667, "who": 0.0033333333333333335, "now": 0.006666666666666667, "living": 0.0033333333333333335, "his": 0.016666666666666666, "mother": 0.013333333333333334, "centre": 0.0033333333333333335, "man": 0.01, "walks": 0.0033333333333333335, "down": 0.016666666666666666, "spot": 0.0033333333333333335, "families": 0.0033333333333333335, "spend": 0.0033333333333333335, "weekend": 0.0033333333333333335, "coastal": 0.0033333333333333335, "arrested": 0.006666666666666667, "after": 0.006666666666666667, "he": 0.006666666666666667, "allegedly": 0.0033333333333333335, "stole": 0.0033333333333333335, "woman": 0.0033333333333333335, "airport": 0.0033333333333333335, "couple": 0.013333333333333334, "were": 0.013333333333333334, "seen": 0.006666666666666667, "walking": 0.013333333333333334, "short": 0.01, "walk": 0.01, "closed": 0.0033333333333333335, "season": 0.0033333333333333335, "square": 0.006666666666666667, "meters,": 0.0033333333333333335, "plot": 0.0033333333333333335, "meters": 0.0033333333333333335, "future": 0.006666666666666667, "biological": 0.0033333333333333335, "species": 0.0033333333333333335, "native": 0.0033333333333333335, "plant": 0.0033333333333333335, "rock": 0.0033333333333333335, "pictured": 0.0033333333333333335, "this": 0.0033333333333333335, "undated": 0.0033333333333333335, "file": 0.0033333333333333335, "countryside": 0.006666666666666667, "large": 0.006666666666666667, "swimming": 0.006666666666666667, "pool": 0.006666666666666667, "live": 0.0033333333333333335, "spotted": 0.006666666666666667, "our": 0.0033333333333333335, "campsite": 0.0033333333333333335, "ruins": 0.0033333333333333335, "ancient": 0.0033333333333333335, "$1": 0.0033333333333333335, "many": 0.0033333333333333335, "interesting": 0.0033333333333333335, "buildings": 0.0033333333333333335, "reportedly": 0.0033333333333333335, "jumped": 0.0033333333333333335, "owner": 0.0033333333333333335, "door": 0.0033333333333333335, "balcony": 0.0033333333333333335, "path": 0.0033333333333333335, "moon": 0.0033333333333333335, "population": 0.0033333333333333335, "around": 0.0033333333333333335, "3,000": 0.0033333333333333335, "streets": 0.0033333333333333335, "houses": 0.0033333333333333335, "a-story": 0.0033333333333333335}