{"car": 1.5800000000000094, "potted plant": 0.09666666666666661, "bird": 0.043333333333333335, "bench": 0.030000000000000002, "truck": 0.16999999999999982, "person": 0.26666666666666644, "motorcycle": 0.18333333333333313, "kite": 0.08999999999999996, "frisbee": 0.006666666666666667, "bicycle": 0.0033333333333333335, "bus": 0.02666666666666667, "boat": 0.06999999999999999, "parking meter": 0.006666666666666667, "suitcase": 0.0033333333333333335, "airplane": 0.013333333333333334, "train": 0.02666666666666667, "fire hydrant": 0.013333333333333334, "sheep": 0.006666666666666667, "traffic light": 0.023333333333333334, "skis": 0.0033333333333333335, "stop sign": 0.01, "backpack": 0.0033333333333333335, "giraffe": 0.0033333333333333335, "dog": 0.0033333333333333335, "toilet": 0.0033333333333333335, "clock": 0.0033333333333333335, "skateboard": 0.0033333333333333335, "refrigerator": 0.0033333333333333335, "umbrella": 0.0033333333333333335, "density": 2.7}