{"narrow": 0.02, "street": 0.39666666666666667, "cars": 0.14666666666666667, "parked": 0.32, "on": 0.43333333333333335, "side": 0.2633333333333333, "road": 0.4533333333333333, "green": 0.2633333333333333, "sign": 0.11333333333333333, "sitting": 0.09666666666666666, "motorcycle": 0.23333333333333334, "building": 0.21666666666666667, "car": 0.25333333333333335, "dirt": 0.01, "long": 0.0033333333333333335, "horse": 0.013333333333333334, "drawn": 0.006666666666666667, "carriage": 0.006666666666666667, "large": 0.12333333333333334, "number": 0.01, "windows": 0.0033333333333333335, "scene": 0.03, "stone": 0.03333333333333333, "wall": 0.04, "amount": 0.0033333333333333335, "vegetation": 0.0033333333333333335, "around": 0.0033333333333333335, "metal": 0.016666666666666666, "pole": 0.006666666666666667, "near": 0.02666666666666667, "forest": 0.02666666666666667, "fence": 0.05333333333333334, "blurry": 0.043333333333333335, "van": 0.03666666666666667, "body": 0.013333333333333334, "water": 0.03, "driving": 0.12666666666666668, "down": 0.14666666666666667, "herd": 0.02, "animals": 0.023333333333333334, "motorcycles": 0.05333333333333334, "group": 0.03666666666666667, "gate": 0.013333333333333334, "next": 0.12, "bunch": 0.07333333333333333, "couple": 0.03, "each": 0.006666666666666667, "other": 0.006666666666666667, "front": 0.06333333333333334, "bench": 0.03, "view": 0.013333333333333334, "beach": 0.03, "boats": 0.013333333333333334, "in": 0.13333333333333333, "filled": 0.01, "lots": 0.01, "traffic": 0.043333333333333335, "tall": 0.016666666666666666, "buildings": 0.02666666666666667, "orange": 0.0033333333333333335, "cones": 0.0033333333333333335, "small": 0.006666666666666667, "parking": 0.02666666666666667, "lot": 0.05, "several": 0.0033333333333333335, "benches": 0.006666666666666667, "white": 0.04666666666666667, "past": 0.016666666666666666, "pile": 0.01, "garbage": 0.0033333333333333335, "top": 0.04, "lush": 0.02, "hillside": 0.016666666666666666, "reads": 0.03, "\"the": 0.023333333333333334, "mountain\"": 0.006666666666666667, "": 1.6133333333333333, "yellow": 0.013333333333333334, "statue": 0.0033333333333333335, "light": 0.04, "dog": 0.01, "two": 0.006666666666666667, "background": 0.02666666666666667, "pasture": 0.02, "trees": 0.03666666666666667, "above": 0.0033333333333333335, "truck": 0.013333333333333334, "man": 0.013333333333333334, "riding": 0.016666666666666666, "ocean": 0.0033333333333333335, "field": 0.023333333333333334, "tree": 0.016666666666666666, "arrow": 0.01, "mountain": 0.01, "middle": 0.0033333333333333335, "highway": 0.0033333333333333335, "blur": 0.0033333333333333335, "motor": 0.006666666666666667, "scooters": 0.0033333333333333335, "stop": 0.016666666666666666, "blue": 0.006666666666666667, "fire": 0.006666666666666667, "hydrant": 0.006666666666666667, "meter": 0.006666666666666667, "planes": 0.0033333333333333335, "flying": 0.0033333333333333335, "sky": 0.0033333333333333335, "boat": 0.02, "distance": 0.006666666666666667, "standing": 0.01, "grass": 0.006666666666666667, "passing": 0.006666666666666667, "elephants": 0.0033333333333333335, "people": 0.0033333333333333335, "walking": 0.013333333333333334, "path": 0.006666666666666667, "bushes": 0.013333333333333334, "person": 0.013333333333333334, "shown": 0.006666666666666667, "bike": 0.006666666666666667, "cats": 0.006666666666666667, "many": 0.0033333333333333335, "different": 0.0033333333333333335, "types": 0.0033333333333333335, "rocks": 0.006666666666666667, "surfboard": 0.0033333333333333335, "pair": 0.0033333333333333335, "empty\"": 0.006666666666666667, "dock": 0.0033333333333333335, "range": 0.0033333333333333335, "behind": 0.01, "airplanes": 0.0033333333333333335, "closed\"": 0.0033333333333333335, "wooden": 0.0033333333333333335, "river": 0.0033333333333333335, "runway": 0.0033333333333333335, "rock": 0.0033333333333333335, "formation": 0.0033333333333333335, "painting": 0.0033333333333333335, "bikes": 0.0033333333333333335, "lined": 0.0033333333333333335, "hill": 0.006666666666666667, "city": 0.0033333333333333335, "\"cars": 0.0033333333333333335, "hill\"": 0.0033333333333333335, "window": 0.0033333333333333335, "sea\"": 0.0033333333333333335, "bridge": 0.0033333333333333335, "door": 0.0033333333333333335, "black": 0.006666666666666667, "concrete": 0.0033333333333333335, "tunnel": 0.0033333333333333335, "sidewalk": 0.0033333333333333335, "\"trucks": 0.0033333333333333335, "road\"": 0.0033333333333333335, "meters": 0.0033333333333333335, "blocked\"": 0.0033333333333333335, "sheep": 0.0033333333333333335, "floating": 0.0033333333333333335}