{"road": 0.7333333333333333, "forest": 0.35333333333333333, "beach": 0.013333333333333334, "beautiful": 0.08333333333333333, "place": 0.06666666666666667, "farm": 0.08, "cabin": 0.02666666666666667, "house": 0.21, "bridge": 0.0033333333333333335, "over": 0.0033333333333333335, "river": 0.0033333333333333335, "city": 0.11666666666666667, "visit": 0.043333333333333335, "full": 0.03666666666666667, "pine": 0.03, "trees": 0.05333333333333334, "mountains": 0.11, "trip,": 0.016666666666666666, "car": 0.06666666666666667, "on": 0.023333333333333334, "roads": 0.016666666666666666, "located": 0.01, "in": 0.11, "middle": 0.013333333333333334, "sky": 0.0033333333333333335, "blue": 0.0033333333333333335, "grass": 0.006666666666666667, "green": 0.0033333333333333335, "spring": 0.0033333333333333335, "small,": 0.0033333333333333335, "rural,": 0.0033333333333333335, "country": 0.016666666666666666, "woods": 0.013333333333333334, "property": 0.02, "set": 0.0033333333333333335, "acres": 0.0033333333333333335, "woodland": 0.0033333333333333335, "tree": 0.006666666666666667, "parked": 0.023333333333333334, "lake": 0.0033333333333333335, "sign": 0.0033333333333333335, "bloom": 0.0033333333333333335, "region": 0.0033333333333333335, "person": 0.013333333333333334, "castle": 0.013333333333333334, "mixture": 0.0033333333333333335, "fir": 0.0033333333333333335, "driving": 0.0033333333333333335, "countryside": 0.01, "small": 0.006666666666666667, "village": 0.0033333333333333335, "junction": 0.0033333333333333335, "couple": 0.0033333333333333335, "were": 0.0033333333333333335, "seen": 0.006666666666666667, "walking": 0.0033333333333333335, "through": 0.016666666666666666, "image": 0.013333333333333334, "#": 0.013333333333333334, "m": 0.006666666666666667, "from": 0.023333333333333334, "center": 0.006666666666666667, "internet,": 0.0033333333333333335, "pool,": 0.0033333333333333335, "terrace": 0.0033333333333333335, "movie": 0.013333333333333334, "for": 0.0033333333333333335, "sale": 0.0033333333333333335, "parking": 0.013333333333333334, "lot": 0.013333333333333334, "cottage": 0.0033333333333333335, "heated": 0.0033333333333333335, "pool": 0.006666666666666667, "may": 0.0033333333333333335, "october": 0.0033333333333333335, "this": 0.01, "i": 0.01, "grew": 0.01, "up": 0.01, "summer": 0.01, "park": 0.01, "view": 0.0033333333333333335, "hotel": 0.0033333333333333335, "was": 0.01, "spotted": 0.0033333333333333335, "large": 0.0033333333333333335, "swimming": 0.0033333333333333335, "trip": 0.006666666666666667, "town": 0.0033333333333333335, "found": 0.006666666666666667, "where": 0.0033333333333333335, "drive": 0.0033333333333333335, "nowhere": 0.0033333333333333335, "field": 0.006666666666666667, "drives": 0.0033333333333333335, "sun": 0.0033333333333333335, "shines": 0.0033333333333333335}