{"car": 0.10000000000000005, "cow": 0.005, "fire hydrant": 0.0025, "giraffe": 0.0025, "stop sign": 0.0025, "kite": 0.0075, "truck": 0.01, "bus": 0.005, "person": 0.029999999999999995, "horse": 0.0025, "bench": 0.024999999999999998, "frisbee": 0.005, "train": 0.0075, "zebra": 0.0025, "bird": 0.0025, "boat": 0.0025, "surfboard": 0.0025, "sheep": 0.02, "parking meter": 0.0025, "density": 0.2375}