{"car": 0.09333333333333328, "person": 0.03666666666666667, "frisbee": 0.006666666666666667, "skateboard": 0.0033333333333333335, "kite": 0.013333333333333334, "truck": 0.01, "bus": 0.006666666666666667, "stop sign": 0.0033333333333333335, "giraffe": 0.0033333333333333335, "bench": 0.02, "boat": 0.0033333333333333335, "airplane": 0.0033333333333333335, "cow": 0.006666666666666667, "train": 0.0033333333333333335, "horse": 0.0033333333333333335, "sheep": 0.02666666666666667, "bird": 0.006666666666666667, "density": 1.5}