{"car": 0.10999999999999992, "cow": 0.006666666666666667, "person": 0.023333333333333334, "train": 0.01, "bench": 0.02666666666666667, "boat": 0.0033333333333333335, "bird": 0.0033333333333333335, "kite": 0.006666666666666667, "truck": 0.006666666666666667, "bus": 0.006666666666666667, "horse": 0.0033333333333333335, "giraffe": 0.0033333333333333335, "frisbee": 0.0033333333333333335, "stop sign": 0.0033333333333333335, "fire hydrant": 0.0033333333333333335, "parking meter": 0.0033333333333333335, "density": 0.22333333333333333}