{"road": 0.67, "car": 0.44666666666666666, "motorcycle": 0.2633333333333333, "on": 0.3466666666666667, "green": 0.28, "field": 0.3566666666666667, "black": 0.006666666666666667, "cat": 0.0033333333333333335, "walking": 0.0033333333333333335, "down": 0.1, "herd": 0.13, "sheep": 0.09, "grazing": 0.06333333333333334, "driving": 0.12666666666666668, "next": 0.03666666666666667, "forest": 0.09, "dirt": 0.07666666666666666, "blurry": 0.09, "street": 0.02666666666666667, "trees": 0.20333333333333334, "parked": 0.17, "side": 0.09333333333333334, "pasture": 0.043333333333333335, "large": 0.08666666666666667, "truck": 0.12333333333333334, "cattle": 0.07333333333333333, "some": 0.05, "animals": 0.07, "two": 0.013333333333333334, "houses": 0.0033333333333333335, "cows": 0.03333333333333333, "in": 0.19333333333333333, "motorcycles": 0.006666666666666667, "grassy": 0.0033333333333333335, "area": 0.01, "couple": 0.02, "standing": 0.01, "top": 0.01, "tractor": 0.013333333333333334, "sign": 0.006666666666666667, "person": 0.02, "taking": 0.013333333333333334, "middle": 0.02666666666666667, "dog": 0.04, "planes": 0.0033333333333333335, "farm": 0.006666666666666667, "background": 0.043333333333333335, "lot": 0.013333333333333334, "cars": 0.023333333333333334, "past": 0.016666666666666666, "yellow": 0.0033333333333333335, "front": 0.0033333333333333335, "near": 0.016666666666666666, "blue": 0.0033333333333333335, "number": 0.006666666666666667, "motor": 0.0033333333333333335, "bikes": 0.0033333333333333335, "scene": 0.006666666666666667, "white": 0.016666666666666666, "grass": 0.016666666666666666, "distance": 0.01, "wooded": 0.006666666666666667, "bench": 0.0033333333333333335, "plane": 0.01, "gravel": 0.0033333333333333335, "horse": 0.023333333333333334, "silver": 0.0033333333333333335, "mountain": 0.0033333333333333335, "snow": 0.006666666666666667, "covered": 0.0033333333333333335, "highway": 0.006666666666666667, "blur": 0.0033333333333333335, "van": 0.0033333333333333335, "tree": 0.0033333333333333335, "park": 0.0033333333333333335, "frisbee": 0.0033333333333333335, "line": 0.0033333333333333335, "big": 0.0033333333333333335, "parking": 0.0033333333333333335, "few": 0.0033333333333333335, "goats": 0.0033333333333333335, "arrow": 0.0033333333333333335, "signs": 0.0033333333333333335, "brush": 0.0033333333333333335, "train": 0.0033333333333333335, "fence": 0.0033333333333333335, "small": 0.0033333333333333335, "trailer": 0.006666666666666667, "lush": 0.006666666666666667}