{"surfboard": 0.002, "car": 0.08800000000000006, "parking meter": 0.002, "person": 0.03600000000000002, "zebra": 0.002, "bench": 0.020000000000000004, "horse": 0.004, "truck": 0.008, "bus": 0.004, "bird": 0.004, "kite": 0.008, "frisbee": 0.006, "giraffe": 0.002, "stop sign": 0.004, "train": 0.008, "sheep": 0.016, "cow": 0.006, "boat": 0.002, "airplane": 0.002, "skateboard": 0.002, "fire hydrant": 0.002, "density": 0.228}