{"road": 0.7533333333333333, "forest": 0.10666666666666667, "house": 0.15666666666666668, "farm": 0.44333333333333336, "city": 0.08, "beautiful": 0.056666666666666664, "place": 0.04666666666666667, "visit": 0.03333333333333333, "in": 0.13, "countryside": 0.05333333333333334, "small": 0.016666666666666666, "village": 0.023333333333333334, "near": 0.01, "beach": 0.03666666666666667, "middle": 0.016666666666666666, "wheat": 0.006666666666666667, "field": 0.02666666666666667, "mountains": 0.03, "property": 0.04666666666666667, "located": 0.023333333333333334, "area": 0.01, "country": 0.013333333333333334, "set": 0.0033333333333333335, "acres": 0.0033333333333333335, "woodland": 0.0033333333333333335, "where": 0.01, "person": 0.016666666666666666, "lived": 0.006666666666666667, "summer": 0.006666666666666667, "full": 0.01, "trees": 0.023333333333333334, "biological": 0.0033333333333333335, "species": 0.0033333333333333335, "car": 0.023333333333333334, "seen": 0.006666666666666667, "castle": 0.016666666666666666, "cabin": 0.006666666666666667, "trip,": 0.006666666666666667, "on": 0.01, "roads": 0.006666666666666667, "image": 0.02, "#": 0.02, "m": 0.01, "from": 0.02, "center": 0.01, "good": 0.01, "condition": 0.01, "tree": 0.01, "park": 0.006666666666666667, "movie": 0.0033333333333333335, "large": 0.01, "swimming": 0.01, "pool": 0.01, "view": 0.016666666666666666, "land": 0.0033333333333333335, "region": 0.0033333333333333335, "trip": 0.0033333333333333335, "through": 0.006666666666666667, "popular": 0.0033333333333333335, "spot": 0.0033333333333333335, "for": 0.01, "cars": 0.0033333333333333335, "pedestrians": 0.0033333333333333335, "nowhere": 0.0033333333333333335, "woods": 0.006666666666666667, "was": 0.0033333333333333335, "found": 0.0033333333333333335, "border": 0.0033333333333333335, "parking": 0.0033333333333333335, "lot": 0.0033333333333333335, "apartment": 0.0033333333333333335, "building": 0.0033333333333333335, "attack": 0.0033333333333333335, "took": 0.0033333333333333335, "home": 0.01, "person,": 0.006666666666666667, "who": 0.0033333333333333335, "now": 0.0033333333333333335, "living": 0.0033333333333333335, "her": 0.0033333333333333335, "husband": 0.0033333333333333335, "their": 0.006666666666666667, "children": 0.0033333333333333335, "couple": 0.01, "were": 0.01, "walking": 0.0033333333333333335, "down": 0.0033333333333333335, "pine": 0.006666666666666667, "sun": 0.0033333333333333335, "sets": 0.0033333333333333335, "over": 0.0033333333333333335, "internet,": 0.0033333333333333335, "pool,": 0.0033333333333333335, "terrace": 0.0033333333333333335, "site": 0.0033333333333333335, "proposed": 0.0033333333333333335, "new": 0.0033333333333333335, "school": 0.0033333333333333335, "sign": 0.0033333333333333335, "path": 0.0033333333333333335, "his": 0.0033333333333333335, "parents": 0.0033333333333333335, "sale": 0.0033333333333333335, "beach,": 0.0033333333333333335, "free": 0.0033333333333333335, "heart": 0.006666666666666667, "couple's": 0.0033333333333333335, "market": 0.0033333333333333335, "$1": 0.0033333333333333335, "forced": 0.0033333333333333335, "move": 0.0033333333333333335, "out": 0.0033333333333333335, "after": 0.0033333333333333335, "told": 0.0033333333333333335, "they": 0.0033333333333333335, "would": 0.0033333333333333335, "be": 0.0033333333333333335, "evicted": 0.0033333333333333335, "morning": 0.0033333333333333335, "town": 0.0033333333333333335}