{"car": 0.16333333333333316, "dog": 0.0033333333333333335, "bench": 0.006666666666666667, "boat": 0.0033333333333333335, "cow": 0.02, "person": 0.02666666666666667, "truck": 0.02666666666666667, "train": 0.0033333333333333335, "umbrella": 0.0033333333333333335, "stop sign": 0.006666666666666667, "surfboard": 0.006666666666666667, "giraffe": 0.0033333333333333335, "sheep": 0.013333333333333334, "density": 0.2866666666666667}