{"green": 0.28, "field": 0.5266666666666666, "horse": 0.05333333333333334, "two": 0.006666666666666667, "cows": 0.12, "herd": 0.18333333333333332, "cattle": 0.13666666666666666, "grazing": 0.31, "on": 0.37666666666666665, "lush": 0.043333333333333335, "car": 0.28, "in": 0.32666666666666666, "background": 0.07333333333333333, "road": 0.4266666666666667, "driving": 0.11666666666666667, "down": 0.1, "side": 0.08333333333333333, "sheep": 0.1, "large": 0.1, "highway": 0.006666666666666667, "person": 0.04666666666666667, "taking": 0.01, "motorcycle": 0.15, "parked": 0.17333333333333334, "pasture": 0.07333333333333333, "black": 0.0033333333333333335, "dog": 0.01, "middle": 0.013333333333333334, "farm": 0.06333333333333334, "animals": 0.17666666666666667, "forest": 0.023333333333333334, "lot": 0.01, "trees": 0.09, "truck": 0.07666666666666666, "dirt": 0.10333333333333333, "next": 0.05, "blurry": 0.02, "passing": 0.0033333333333333335, "tractor": 0.03666666666666667, "couple": 0.016666666666666666, "grass": 0.04, "building": 0.01, "tree": 0.006666666666666667, "standing": 0.03333333333333333, "riding": 0.0033333333333333335, "past": 0.013333333333333334, "fence": 0.02, "street": 0.013333333333333334, "cars": 0.02, "top": 0.01, "near": 0.0033333333333333335, "few": 0.02, "small": 0.0033333333333333335, "front": 0.006666666666666667, "wooden": 0.0033333333333333335, "sign": 0.006666666666666667, "reads": 0.0033333333333333335, "\"goats": 0.0033333333333333335, "distance\"": 0.0033333333333333335, "": 0.17666666666666667, "motorcycles": 0.006666666666666667, "metal": 0.006666666666666667, "seen": 0.0033333333333333335, "bunch": 0.0033333333333333335, "cats": 0.0033333333333333335, "walking": 0.0033333333333333335, "number": 0.0033333333333333335, "windows": 0.0033333333333333335, "chain": 0.0033333333333333335, "link": 0.0033333333333333335, "some": 0.02, "house": 0.006666666666666667, "trailer": 0.006666666666666667, "group": 0.0033333333333333335, "body": 0.0033333333333333335, "water": 0.0033333333333333335, "sitting": 0.0033333333333333335, "bench": 0.0033333333333333335, "filled": 0.0033333333333333335, "lots": 0.0033333333333333335, "distance": 0.0033333333333333335, "amount": 0.0033333333333333335, "traffic": 0.0033333333333333335}