{"person": 0.12333333333333323, "train": 0.016666666666666666, "bench": 0.05, "car": 0.28666666666666657, "horse": 0.006666666666666667, "truck": 0.06999999999999999, "traffic light": 0.016666666666666666, "bus": 0.016666666666666666, "sheep": 0.0033333333333333335, "motorcycle": 0.01, "kite": 0.0033333333333333335, "surfboard": 0.0033333333333333335, "umbrella": 0.006666666666666667, "stop sign": 0.006666666666666667, "potted plant": 0.05666666666666667, "clock": 0.006666666666666667, "airplane": 0.0033333333333333335, "dog": 0.006666666666666667, "bird": 0.0033333333333333335, "cow": 0.030000000000000002, "bicycle": 0.016666666666666666, "fire hydrant": 0.013333333333333334, "bear": 0.0033333333333333335, "handbag": 0.006666666666666667, "boat": 0.0033333333333333335, "density": 2.2211538461538463}