{"person": 0.10999999999999999, "truck": 0.10999999999999999, "bicycle": 0.02, "traffic light": 0.04, "potted plant": 0.17, "dog": 0.01, "clock": 0.01, "fire hydrant": 0.02, "handbag": 0.02, "car": 0.24000000000000007, "bench": 0.03, "cow": 0.04, "bird": 0.01, "bear": 0.01, "motorcycle": 0.03, "train": 0.01, "giraffe": 0.02, "suitcase": 0.01, "density": 0.91}