{"car": 0.34750000000000025, "truck": 0.08250000000000003, "person": 0.12500000000000006, "cow": 0.02, "potted plant": 0.04750000000000001, "bus": 0.015000000000000001, "bench": 0.045000000000000005, "motorcycle": 0.0125, "bird": 0.005, "bear": 0.0025, "bicycle": 0.0175, "stop sign": 0.0075, "umbrella": 0.0075, "traffic light": 0.0125, "train": 0.015000000000000001, "sheep": 0.0025, "fire hydrant": 0.01, "kite": 0.005, "giraffe": 0.0025, "horse": 0.005, "boat": 0.005, "surfboard": 0.005, "dog": 0.005, "suitcase": 0.0025, "clock": 0.0025, "handbag": 0.005, "skateboard": 0.0025, "density": 0.815}