{"giraffe": 0.004, "car": 0.33800000000000024, "boat": 0.004, "bus": 0.014, "train": 0.016, "person": 0.11000000000000008, "potted plant": 0.03800000000000002, "traffic light": 0.014, "truck": 0.07400000000000005, "bicycle": 0.014, "cow": 0.022000000000000006, "stop sign": 0.01, "bird": 0.008, "bench": 0.04200000000000002, "kite": 0.006, "horse": 0.006, "fire hydrant": 0.01, "motorcycle": 0.01, "umbrella": 0.006, "sheep": 0.002, "clock": 0.004, "dog": 0.004, "handbag": 0.004, "suitcase": 0.002, "bear": 0.002, "skateboard": 0.002, "surfboard": 0.002, "airplane": 0.002, "density": 0.77}