{"road": 0.75, "house": 0.18333333333333332, "property": 0.04, "located": 0.06333333333333334, "in": 0.12333333333333334, "village": 0.04, "mountains": 0.3433333333333333, "city": 0.1, "where": 0.02666666666666667, "person": 0.02666666666666667, "was": 0.016666666666666666, "found": 0.0033333333333333335, "beach": 0.09666666666666666, "farm": 0.04, "airport": 0.03, "lived": 0.02, "streets": 0.0033333333333333335, "lined": 0.01, "shops": 0.0033333333333333335, "restaurants": 0.0033333333333333335, "future": 0.0033333333333333335, "field": 0.0033333333333333335, "wheat": 0.0033333333333333335, "countryside": 0.006666666666666667, "man": 0.01, "shot": 0.0033333333333333335, "killed": 0.0033333333333333335, "after": 0.0033333333333333335, "he": 0.0033333333333333335, "opened": 0.0033333333333333335, "fire": 0.0033333333333333335, "on": 0.02, "vehicle": 0.0033333333333333335, "beautiful": 0.013333333333333334, "place": 0.01, "visit": 0.01, "sunny": 0.0033333333333333335, "day": 0.0033333333333333335, "from": 0.04, "movie": 0.006666666666666667, "tree": 0.006666666666666667, "middle": 0.023333333333333334, "hills": 0.0033333333333333335, "view": 0.016666666666666666, "our": 0.0033333333333333335, "car": 0.02, "river": 0.016666666666666666, "valley": 0.0033333333333333335, "junction": 0.0033333333333333335, "parked": 0.0033333333333333335, "image": 0.023333333333333334, "#": 0.023333333333333334, "m": 0.01, "center": 0.016666666666666666, "internet,": 0.01, "air": 0.013333333333333334, "conditioning,": 0.013333333333333334, "parking": 0.013333333333333334, "his": 0.006666666666666667, "mother": 0.006666666666666667, "neighborhood": 0.006666666666666667, "castle": 0.07666666666666666, "hotel": 0.006666666666666667, "walks": 0.006666666666666667, "down": 0.006666666666666667, "site": 0.006666666666666667, "original": 0.0033333333333333335, "quarry": 0.0033333333333333335, "train": 0.0033333333333333335, "station": 0.0033333333333333335, "lot": 0.0033333333333333335, "green": 0.0033333333333333335, "lines": 0.0033333333333333335, "map": 0.0033333333333333335, "park": 0.01, "heart": 0.006666666666666667, "spotted": 0.006666666666666667, "trees": 0.013333333333333334, "shrubs": 0.006666666666666667, "street": 0.0033333333333333335, "so": 0.006666666666666667, "spring": 0.0033333333333333335, "sea": 0.013333333333333334, "animals": 0.0033333333333333335, "garden": 0.01, "small": 0.023333333333333334, "town": 0.013333333333333334, "apartment": 0.006666666666666667, "washing": 0.0033333333333333335, "machine": 0.0033333333333333335, "top": 0.006666666666666667, "bridge": 0.006666666666666667, "over": 0.006666666666666667, "growing": 0.0033333333333333335, "typical": 0.0033333333333333335, "stone": 0.0033333333333333335, "country": 0.006666666666666667, "house,": 0.0033333333333333335, "standing": 0.0033333333333333335, "alone,": 0.0033333333333333335, "near": 0.0033333333333333335, "beach,": 0.0033333333333333335, "nature": 0.0033333333333333335, "reserve": 0.0033333333333333335, "entrance": 0.0033333333333333335, "forest": 0.0033333333333333335, "now": 0.0033333333333333335, "closed": 0.0033333333333333335, "for": 0.0033333333333333335, "season": 0.0033333333333333335, "proposed": 0.0033333333333333335, "new": 0.0033333333333333335, "school": 0.0033333333333333335, "walk": 0.006666666666666667, "wide": 0.0033333333333333335, "almost": 0.0033333333333333335, "invisible": 0.0033333333333333335, "eye": 0.0033333333333333335, "tunnel": 0.0033333333333333335, "through": 0.0033333333333333335, "born": 0.0033333333333333335, "driving": 0.0033333333333333335, "temple": 0.0033333333333333335, "short": 0.0033333333333333335, "large": 0.0033333333333333335, "swimming": 0.0033333333333333335, "pool": 0.0033333333333333335, "this": 0.0033333333333333335, "i": 0.0033333333333333335, "grew": 0.0033333333333333335, "up": 0.0033333333333333335, "artist": 0.0033333333333333335}