{"car": 0.39500000000000024, "truck": 0.10500000000000002, "person": 0.14000000000000004, "traffic light": 0.02, "bird": 0.015, "potted plant": 0.005, "train": 0.025, "sheep": 0.005, "dog": 0.005, "cow": 0.045, "motorcycle": 0.015, "fire hydrant": 0.01, "stop sign": 0.01, "horse": 0.01, "bus": 0.005, "bench": 0.04, "kite": 0.005, "bicycle": 0.025, "surfboard": 0.005, "density": 0.885}