{"person": 0.11333333333333324, "car": 0.37666666666666715, "truck": 0.08666666666666663, "bench": 0.04666666666666667, "train": 0.013333333333333334, "traffic light": 0.013333333333333334, "motorcycle": 0.013333333333333334, "giraffe": 0.0033333333333333335, "horse": 0.0033333333333333335, "umbrella": 0.01, "potted plant": 0.0033333333333333335, "cow": 0.013333333333333334, "stop sign": 0.01, "fire hydrant": 0.013333333333333334, "kite": 0.006666666666666667, "suitcase": 0.0033333333333333335, "bicycle": 0.023333333333333334, "bird": 0.0033333333333333335, "bus": 0.006666666666666667, "boat": 0.0033333333333333335, "bear": 0.0033333333333333335, "clock": 0.0033333333333333335, "density": 0.7733333333333333}