{"property": 0.07666666666666666, "image": 0.06333333333333334, "#": 0.06333333333333334, "apartment": 0.06666666666666667, "in": 0.21, "center": 0.04666666666666667, "city": 0.14666666666666667, "view": 0.03, "road": 0.5066666666666667, "from": 0.06, "bridge": 0.006666666666666667, "house": 0.25, "hotel": 0.06666666666666667, "beach": 0.17666666666666667, "narrow": 0.0033333333333333335, "streets": 0.006666666666666667, "old": 0.01, "town": 0.02666666666666667, "airport": 0.013333333333333334, "mountains": 0.043333333333333335, "population": 0.01, "around": 0.01, "3": 0.01, "street": 0.07, "where": 0.06333333333333334, "car": 0.06666666666666667, "was": 0.03333333333333333, "parked": 0.016666666666666666, "building": 0.06333333333333334, "located": 0.09, "person": 0.06333333333333334, "lived": 0.04666666666666667, "his": 0.03333333333333333, "parents": 0.01, "mother": 0.02, "rental": 0.02, "-": 0.02, "tunnel": 0.02666666666666667, "maze": 0.0033333333333333335, "tunnels": 0.0033333333333333335, "this": 0.0033333333333333335, "tree": 0.02, "i": 0.0033333333333333335, "grew": 0.0033333333333333335, "up": 0.0033333333333333335, "on": 0.016666666666666666, "home": 0.01, "blues": 0.0033333333333333335, "artist": 0.0033333333333333335, "found": 0.016666666666666666, "neighborhood": 0.01, "closed": 0.0033333333333333335, "for": 0.016666666666666666, "time": 0.0033333333333333335, "being": 0.0033333333333333335, "heart": 0.023333333333333334, "stone": 0.006666666666666667, "wall": 0.016666666666666666, "villa": 0.01, "man": 0.006666666666666667, "park": 0.04, "air": 0.006666666666666667, "conditioning,": 0.006666666666666667, "washing": 0.006666666666666667, "machine": 0.006666666666666667, "sea": 0.01, "garden": 0.006666666666666667, "sale": 0.0033333333333333335, "village": 0.023333333333333334, "woods": 0.0033333333333333335, "at": 0.01, "end": 0.006666666666666667, "couple's": 0.0033333333333333335, "market": 0.006666666666666667, "$1": 0.0033333333333333335, "castle": 0.05333333333333334, "interior": 0.0033333333333333335, "beautiful": 0.013333333333333334, "cave": 0.013333333333333334, "centre": 0.006666666666666667, "lined": 0.01, "trees": 0.01, "advert": 0.0033333333333333335, "top": 0.0033333333333333335, "small": 0.013333333333333334, "countryside": 0.016666666666666666, "large": 0.016666666666666666, "swimming": 0.016666666666666666, "pool": 0.016666666666666666, "person,": 0.0033333333333333335, "who": 0.0033333333333333335, "shot": 0.0033333333333333335, "\u00a3": 0.0033333333333333335, "1": 0.0033333333333333335, "parking": 0.013333333333333334, "lot": 0.01, "middle": 0.023333333333333334, "art": 0.0033333333333333335, "entrance": 0.006666666666666667, "future": 0.01, "ask": 0.0033333333333333335, "owner": 0.0033333333333333335, "photos": 0.0033333333333333335, "driving": 0.0033333333333333335, "rock": 0.0033333333333333335, "so": 0.0033333333333333335, "big": 0.0033333333333333335, "almost": 0.0033333333333333335, "touching": 0.0033333333333333335, "ground": 0.0033333333333333335, "region": 0.0033333333333333335, "full": 0.0033333333333333335, "bloom": 0.0033333333333333335, "area": 0.006666666666666667, "place": 0.006666666666666667, "visit": 0.0033333333333333335, "forest": 0.0033333333333333335, "body": 0.0033333333333333335, "police": 0.0033333333333333335, "seen": 0.0033333333333333335, "outside": 0.0033333333333333335, "yard": 0.0033333333333333335, "front": 0.0033333333333333335, "stolen": 0.0033333333333333335, "long": 0.006666666666666667, "way": 0.006666666666666667, "couple": 0.0033333333333333335, "were": 0.0033333333333333335, "spotted": 0.0033333333333333335, "walking": 0.0033333333333333335, "down": 0.0033333333333333335, "direct": 0.0033333333333333335, "access": 0.0033333333333333335, "beach,": 0.0033333333333333335, "sleeps": 0.0033333333333333335, "4": 0.0033333333333333335, "/": 0.006666666666666667, "6": 0.0033333333333333335, "8": 0.0033333333333333335, "walks": 0.0033333333333333335, "past": 0.0033333333333333335, "actor": 0.0033333333333333335, "wife": 0.0033333333333333335, "film": 0.0033333333333333335, "filmed": 0.0033333333333333335, "yellow": 0.0033333333333333335, "train": 0.0033333333333333335, "station": 0.0033333333333333335, "shrubs": 0.0033333333333333335, "just": 0.0033333333333333335, "short": 0.0033333333333333335, "walk": 0.0033333333333333335, "m": 0.01, "light": 0.0033333333333333335}