{"bird": 0.01, "car": 1.2500000000000018, "truck": 0.18333333333333313, "train": 0.04, "bus": 0.023333333333333334, "person": 0.2766666666666665, "motorcycle": 0.06666666666666667, "stop sign": 0.043333333333333335, "potted plant": 0.023333333333333334, "clock": 0.01, "parking meter": 0.006666666666666667, "fire hydrant": 0.03666666666666667, "giraffe": 0.006666666666666667, "umbrella": 0.0033333333333333335, "kite": 0.02, "traffic light": 0.02666666666666667, "bench": 0.02, "frisbee": 0.006666666666666667, "airplane": 0.0033333333333333335, "bear": 0.0033333333333333335, "surfboard": 0.0033333333333333335, "toilet": 0.006666666666666667, "handbag": 0.0033333333333333335, "bicycle": 0.0033333333333333335, "boat": 0.0033333333333333335, "sheep": 0.01, "density": 2.09}