{"motorcycle": 0.05, "person": 0.2700000000000001, "car": 0.9800000000000006, "bus": 0.03, "train": 0.060000000000000005, "fire hydrant": 0.02, "kite": 0.02, "bear": 0.01, "truck": 0.15, "traffic light": 0.01, "stop sign": 0.05, "bird": 0.02, "surfboard": 0.01, "bench": 0.01, "toilet": 0.02, "potted plant": 0.01, "giraffe": 0.01, "density": 1.73}