{"road": 0.6433333333333333, "mountains": 0.04, "house": 0.31666666666666665, "located": 0.06, "in": 0.20666666666666667, "village": 0.08, "view": 0.02, "farm": 0.22333333333333333, "tree": 0.02666666666666667, "fell": 0.0033333333333333335, "on": 0.03, "my": 0.0033333333333333335, "car": 0.043333333333333335, "castle": 0.06, "where": 0.03666666666666667, "person": 0.03666666666666667, "lived": 0.02666666666666667, "beach": 0.05333333333333334, "man": 0.01, "walks": 0.0033333333333333335, "through": 0.0033333333333333335, "field": 0.02, "home": 0.03, "person,": 0.02, "who": 0.016666666666666666, "was": 0.05, "shot": 0.013333333333333334, "killed": 0.0033333333333333335, "dog": 0.0033333333333333335, "neighborhood": 0.013333333333333334, "property": 0.06666666666666667, "woods": 0.013333333333333334, "heart": 0.01, "accommodation": 0.0033333333333333335, "type": 0.0033333333333333335, "for": 0.02666666666666667, "rent": 0.0033333333333333335, "from": 0.03, "movie": 0.013333333333333334, "city": 0.056666666666666664, "countryside": 0.06333333333333334, "spotted": 0.01, "walking": 0.01, "down": 0.01, "image": 0.03333333333333333, "#": 0.03, "m": 0.01, "center": 0.01, "sale": 0.01, "large": 0.016666666666666666, "swimming": 0.016666666666666666, "pool": 0.016666666666666666, "his": 0.016666666666666666, "mother": 0.006666666666666667, "airport": 0.0033333333333333335, "forest": 0.01, "trees": 0.016666666666666666, "full": 0.0033333333333333335, "sunflowers": 0.0033333333333333335, "parked": 0.01, "middle": 0.023333333333333334, "lined": 0.013333333333333334, "houses": 0.0033333333333333335, "found": 0.02, "garden": 0.01, "small": 0.013333333333333334, "this": 0.0033333333333333335, "back": 0.0033333333333333335, "yard": 0.0033333333333333335, "our": 0.0033333333333333335, "town": 0.01, "now": 0.0033333333333333335, "living": 0.0033333333333333335, "wife": 0.0033333333333333335, "children": 0.0033333333333333335, "beautiful": 0.02, "place": 0.01, "visit": 0.01, "square": 0.006666666666666667, "meters,": 0.0033333333333333335, "plot": 0.0033333333333333335, "meters": 0.0033333333333333335, "closed": 0.006666666666666667, "time": 0.0033333333333333335, "being": 0.0033333333333333335, "head": 0.0033333333333333335, "corn": 0.0033333333333333335, "desert": 0.0033333333333333335, "parents": 0.01, "couple's": 0.006666666666666667, "market": 0.006666666666666667, "\u00a3": 0.0033333333333333335, "1": 0.0033333333333333335, "trip,": 0.0033333333333333335, "roads": 0.0033333333333333335, "country": 0.006666666666666667, "lane": 0.0033333333333333335, "couple": 0.01, "were": 0.01, "seen": 0.006666666666666667, "park": 0.01, "landscape": 0.0033333333333333335, "near": 0.006666666666666667, "bridge": 0.006666666666666667, "over": 0.006666666666666667, "river": 0.01, "cabin": 0.0033333333333333335, "shrubs": 0.0033333333333333335, "her": 0.0033333333333333335, "internet,": 0.006666666666666667, "air": 0.006666666666666667, "conditioning,": 0.006666666666666667, "parking": 0.01, "lot": 0.0033333333333333335, "pictured": 0.0033333333333333335, "fence": 0.0033333333333333335, "around": 0.0033333333333333335, "killer": 0.0033333333333333335, "staying": 0.0033333333333333335, "forced": 0.0033333333333333335, "flee": 0.0033333333333333335, "their": 0.0033333333333333335, "after": 0.0033333333333333335, "attack": 0.0033333333333333335, "born": 0.0033333333333333335, "area": 0.0033333333333333335, "apartment": 0.0033333333333333335, "complex": 0.0033333333333333335, "km": 0.0033333333333333335, "street": 0.006666666666666667, "region": 0.0033333333333333335, "nowhere": 0.0033333333333333335, "biological": 0.0033333333333333335, "species": 0.0033333333333333335, "$1": 0.0033333333333333335, "little": 0.0033333333333333335, "border": 0.0033333333333333335, "coast": 0.0033333333333333335, "wheat": 0.0033333333333333335, "weekend": 0.0033333333333333335}