{"car": 0.3266666666666668, "stop sign": 0.013333333333333334, "truck": 0.07999999999999997, "person": 0.06999999999999999, "boat": 0.006666666666666667, "umbrella": 0.01, "train": 0.013333333333333334, "bench": 0.030000000000000002, "bicycle": 0.006666666666666667, "bird": 0.023333333333333334, "kite": 0.02, "bus": 0.006666666666666667, "giraffe": 0.006666666666666667, "surfboard": 0.0033333333333333335, "skateboard": 0.006666666666666667, "cow": 0.02, "fire hydrant": 0.0033333333333333335, "bottle": 0.0033333333333333335, "dog": 0.006666666666666667, "airplane": 0.0033333333333333335, "density": 0.66}