{"house": 0.4866666666666667, "where": 0.19, "person": 0.2, "lived": 0.09333333333333334, "his": 0.05, "parents": 0.03, "road": 0.44333333333333336, "pub": 0.016666666666666666, "field": 0.04666666666666667, "grass": 0.01, "car": 0.07333333333333333, "mother": 0.03, "was": 0.14333333333333334, "found": 0.06, "tree": 0.056666666666666664, "red": 0.0033333333333333335, "roof": 0.0033333333333333335, "in": 0.22666666666666666, "middle": 0.06, "ripening": 0.0033333333333333335, "onions": 0.0033333333333333335, "view": 0.04, "from": 0.08, "south": 0.0033333333333333335, "bank": 0.0033333333333333335, "attacked": 0.056666666666666664, "garden": 0.03, "building": 0.006666666666666667, "located": 0.07666666666666666, "heart": 0.016666666666666666, "property": 0.04, "area": 0.013333333333333334, "castle": 0.043333333333333335, "beach": 0.05333333333333334, "city": 0.04, "farm": 0.07666666666666666, "parked": 0.01, "on": 0.016666666666666666, "countryside": 0.05333333333333334, "couple": 0.013333333333333334, "were": 0.013333333333333334, "passerby": 0.0033333333333333335, "street": 0.016666666666666666, "beautiful": 0.03, "place": 0.016666666666666666, "visit": 0.013333333333333334, "short": 0.0033333333333333335, "walk": 0.0033333333333333335, "her": 0.013333333333333334, "park": 0.04666666666666667, "village": 0.023333333333333334, "trees": 0.02666666666666667, "growing": 0.0033333333333333335, "leading": 0.01, "popular": 0.0033333333333333335, "for": 0.02, "children": 0.006666666666666667, "play": 0.0033333333333333335, "farmer's": 0.0033333333333333335, "region": 0.01, "at": 0.01, "estate": 0.0033333333333333335, "summer": 0.006666666666666667, "man": 0.01, "spotted": 0.0033333333333333335, "walking": 0.01, "down": 0.006666666666666667, "country": 0.006666666666666667, "so": 0.006666666666666667, "they": 0.0033333333333333335, "almost": 0.0033333333333333335, "like": 0.0033333333333333335, "mirror": 0.0033333333333333335, "driveway": 0.01, "movie": 0.013333333333333334, "woods": 0.006666666666666667, "biological": 0.0033333333333333335, "species": 0.0033333333333333335, "farmhouse": 0.006666666666666667, "wheat": 0.0033333333333333335, "sale": 0.0033333333333333335, "entrance": 0.0033333333333333335, "cave": 0.0033333333333333335, "market": 0.01, "\u00a3": 0.016666666666666666, "1": 0.013333333333333334, "seen": 0.006666666666666667, "image": 0.01, "#": 0.01, "large": 0.006666666666666667, "swimming": 0.006666666666666667, "pool": 0.006666666666666667, "site": 0.0033333333333333335, "proposed": 0.0033333333333333335, "new": 0.0033333333333333335, "school": 0.0033333333333333335, "through": 0.02, "long": 0.006666666666666667, "one": 0.006666666666666667, "set": 0.0033333333333333335, "acres": 0.0033333333333333335, "land": 0.0033333333333333335, "hotel": 0.006666666666666667, "walks": 0.0033333333333333335, "forest": 0.01, "m": 0.0033333333333333335, "center": 0.0033333333333333335, "internet,": 0.0033333333333333335, "air": 0.0033333333333333335, "conditioning,": 0.0033333333333333335, "parking": 0.0033333333333333335, "front": 0.0033333333333333335, "person,": 0.0033333333333333335, "former": 0.0033333333333333335, "home": 0.006666666666666667, "distance": 0.0033333333333333335, "top": 0.0033333333333333335, "fell": 0.0033333333333333335, "born": 0.016666666666666666, "stubble": 0.0033333333333333335, "single": 0.0033333333333333335, "outside": 0.0033333333333333335, "near": 0.0033333333333333335, "sea": 0.0033333333333333335, "forced": 0.006666666666666667, "move": 0.006666666666666667, "out": 0.006666666666666667, "their": 0.01, "neighborhood": 0.0033333333333333335, "pictured": 0.0033333333333333335, "this": 0.0033333333333333335, "i": 0.0033333333333333335, "grew": 0.0033333333333333335, "up": 0.0033333333333333335, "sun": 0.0033333333333333335, "shines": 0.0033333333333333335, "full": 0.0033333333333333335, "bloom": 0.0033333333333333335, "lined": 0.0033333333333333335, "shrubs": 0.0033333333333333335, "quiet": 0.0033333333333333335, "now": 0.0033333333333333335, "closed": 0.0033333333333333335, "season": 0.0033333333333333335, "1million": 0.0033333333333333335, "wall": 0.0033333333333333335, "path": 0.0033333333333333335, "sunflowers": 0.0033333333333333335, "sign": 0.0033333333333333335, "wife": 0.0033333333333333335}