{"car": 0.3600000000000004, "horse": 0.006666666666666667, "cow": 0.05666666666666667, "person": 0.04, "giraffe": 0.01, "sheep": 0.02666666666666667, "truck": 0.05333333333333334, "kite": 0.02, "bench": 0.023333333333333334, "train": 0.023333333333333334, "potted plant": 0.023333333333333334, "boat": 0.01, "airplane": 0.006666666666666667, "frisbee": 0.0033333333333333335, "baseball bat": 0.0033333333333333335, "parking meter": 0.0033333333333333335, "motorcycle": 0.01, "stop sign": 0.0033333333333333335, "bus": 0.0033333333333333335, "chair": 0.006666666666666667, "bird": 0.0033333333333333335, "umbrella": 0.006666666666666667, "traffic light": 0.0033333333333333335, "density": 0.7066666666666667}