{"herd": 0.07666666666666666, "cattle": 0.016666666666666666, "grazing": 0.05333333333333334, "on": 0.4, "lush": 0.02666666666666667, "green": 0.27666666666666667, "field": 0.22, "road": 0.48, "car": 0.23666666666666666, "motorcycle": 0.37333333333333335, "scene": 0.02, "dog": 0.01, "large": 0.11, "sheep": 0.06666666666666667, "parked": 0.30333333333333334, "in": 0.2, "lot": 0.023333333333333334, "next": 0.10333333333333333, "forest": 0.06333333333333334, "blurry": 0.07666666666666666, "trees": 0.056666666666666664, "side": 0.18666666666666668, "farm": 0.01, "driving": 0.16, "dirt": 0.08, "small": 0.023333333333333334, "town": 0.0033333333333333335, "street": 0.14, "cows": 0.06333333333333334, "truck": 0.04, "parking": 0.016666666666666666, "few": 0.01, "building": 0.07333333333333333, "number": 0.02, "front": 0.043333333333333335, "down": 0.16, "animals": 0.1, "pasture": 0.04, "highway": 0.02, "windows": 0.0033333333333333335, "cat": 0.0033333333333333335, "park": 0.013333333333333334, "bench": 0.04, "sitting": 0.04666666666666667, "middle": 0.023333333333333334, "seen": 0.0033333333333333335, "some": 0.03666666666666667, "near": 0.023333333333333334, "cars": 0.06666666666666667, "motorcycles": 0.03333333333333333, "pair": 0.006666666666666667, "grass": 0.006666666666666667, "man": 0.01, "approaching": 0.0033333333333333335, "stop": 0.016666666666666666, "sign": 0.023333333333333334, "fence": 0.02, "group": 0.013333333333333334, "crossing": 0.0033333333333333335, "train": 0.013333333333333334, "going": 0.0033333333333333335, "track": 0.0033333333333333335, "couple": 0.04, "bunch": 0.02, "past": 0.016666666666666666, "top": 0.04, "long": 0.006666666666666667, "metal": 0.016666666666666666, "": 0.0033333333333333335, "walking": 0.013333333333333334, "white": 0.016666666666666666, "person": 0.03, "image": 0.0033333333333333335, "construction": 0.0033333333333333335, "site": 0.0033333333333333335, "crane": 0.0033333333333333335, "background": 0.02666666666666667, "meter": 0.0033333333333333335, "tall": 0.006666666666666667, "river": 0.006666666666666667, "horse": 0.006666666666666667, "planes": 0.006666666666666667, "pile": 0.006666666666666667, "rocks": 0.006666666666666667, "swimming": 0.006666666666666667, "pool": 0.006666666666666667, "blue": 0.006666666666666667, "hillside": 0.01, "each": 0.0033333333333333335, "other": 0.0033333333333333335, "beach": 0.006666666666666667, "boats": 0.006666666666666667, "water": 0.013333333333333334, "standing": 0.016666666666666666, "boat": 0.01, "benches": 0.006666666666666667, "stone": 0.0033333333333333335, "wall": 0.0033333333333333335, "zebras": 0.0033333333333333335, "hill": 0.0033333333333333335, "riding": 0.006666666666666667, "lake": 0.006666666666666667, "airplanes": 0.0033333333333333335, "vans": 0.0033333333333333335, "wooden": 0.0033333333333333335, "hut": 0.0033333333333333335, "tree": 0.013333333333333334, "mountain": 0.006666666666666667, "mural": 0.0033333333333333335, "woman": 0.0033333333333333335, "it's": 0.0033333333333333335, "structure": 0.006666666666666667, "object": 0.0033333333333333335, "lots": 0.0033333333333333335, "bushes": 0.006666666666666667, "van": 0.013333333333333334, "people": 0.013333333333333334, "buildings": 0.0033333333333333335, "back": 0.0033333333333333335, "line": 0.01, "surfboards": 0.0033333333333333335, "tractor": 0.0033333333333333335, "trailer": 0.0033333333333333335, "bike": 0.0033333333333333335, "passing": 0.0033333333333333335, "filled": 0.006666666666666667, "taking": 0.0033333333333333335, "station": 0.0033333333333333335, "trucks": 0.0033333333333333335, "black": 0.006666666666666667, "bin": 0.0033333333333333335, "busy": 0.0033333333333333335, "intersection": 0.0033333333333333335, "sidewalk": 0.0033333333333333335, "red": 0.0033333333333333335, "bus": 0.0033333333333333335, "body": 0.0033333333333333335, "vehicle": 0.0033333333333333335, "view": 0.0033333333333333335, "light": 0.0033333333333333335}