{"car": 0.41333333333333405, "potted plant": 0.05333333333333334, "bench": 0.06666666666666667, "cow": 0.0033333333333333335, "truck": 0.08999999999999996, "traffic light": 0.023333333333333334, "person": 0.1199999999999999, "bird": 0.006666666666666667, "skateboard": 0.006666666666666667, "kite": 0.0033333333333333335, "train": 0.03666666666666667, "bus": 0.006666666666666667, "bear": 0.0033333333333333335, "elephant": 0.0033333333333333335, "fire hydrant": 0.02666666666666667, "bicycle": 0.013333333333333334, "motorcycle": 0.0033333333333333335, "tennis racket": 0.0033333333333333335, "stop sign": 0.0033333333333333335, "giraffe": 0.0033333333333333335, "density": 0.89}