{"shrine": 0.006666666666666667, "person": 0.043333333333333335, "in": 0.13666666666666666, "district": 0.013333333333333334, "car": 0.04666666666666667, "was": 0.06, "found": 0.023333333333333334, "woods": 0.013333333333333334, "road": 0.61, "beach": 0.10333333333333333, "temple": 0.02666666666666667, "hotel": 0.01, "house": 0.2633333333333333, "site": 0.01, "former": 0.0033333333333333335, "quarry": 0.0033333333333333335, "castle": 0.05333333333333334, "lined": 0.03666666666666667, "trees": 0.043333333333333335, "short": 0.006666666666666667, "walk": 0.006666666666666667, "from": 0.03333333333333333, "city": 0.09666666666666666, "beautiful": 0.03666666666666667, "roots": 0.0033333333333333335, "tree": 0.02666666666666667, "where": 0.043333333333333335, "attacked": 0.0033333333333333335, "lived": 0.02666666666666667, "place": 0.023333333333333334, "visit": 0.016666666666666666, "forest": 0.056666666666666664, "full": 0.006666666666666667, "entrance": 0.01, "tunnel": 0.006666666666666667, "pond": 0.0033333333333333335, "airport": 0.016666666666666666, "middle": 0.03, "path": 0.006666666666666667, "sea": 0.006666666666666667, "park": 0.03333333333333333, "located": 0.05, "village": 0.016666666666666666, "small": 0.013333333333333334, "town": 0.013333333333333334, "popular": 0.013333333333333334, "for": 0.03666666666666667, "tourists": 0.006666666666666667, "explore": 0.0033333333333333335, "rice": 0.006666666666666667, "fields": 0.006666666666666667, "houses": 0.0033333333333333335, "man": 0.02666666666666667, "farm": 0.043333333333333335, "closed": 0.023333333333333334, "weekend": 0.016666666666666666, "spot": 0.006666666666666667, "walking": 0.006666666666666667, "biking": 0.0033333333333333335, "region": 0.006666666666666667, "bridge": 0.01, "over": 0.013333333333333334, "arrested": 0.006666666666666667, "after": 0.01, "he": 0.006666666666666667, "reportedly": 0.006666666666666667, "threw": 0.0033333333333333335, "stone": 0.0033333333333333335, "at": 0.01, "view": 0.02, "trail": 0.01, "building": 0.02666666666666667, "under": 0.0033333333333333335, "construction": 0.0033333333333333335, "heart": 0.01, "jungle": 0.0033333333333333335, "movie": 0.01, "parking": 0.0033333333333333335, "lot": 0.0033333333333333335, "struck": 0.01, "deity": 0.0033333333333333335, "street": 0.02, "spotted": 0.01, "on": 0.016666666666666666, "mountains": 0.056666666666666664, "neighborhood": 0.016666666666666666, "top": 0.01, "front": 0.0033333333333333335, "girls": 0.0033333333333333335, "were": 0.01, "sky": 0.0033333333333333335, "limit": 0.0033333333333333335, "couple's": 0.006666666666666667, "home": 0.013333333333333334, "edge": 0.0033333333333333335, "cliff": 0.0033333333333333335, "waterfall": 0.0033333333333333335, "private": 0.0033333333333333335, "market": 0.0033333333333333335, "$1": 0.0033333333333333335, "good": 0.0033333333333333335, "condition": 0.0033333333333333335, "couple": 0.006666666666666667, "seen": 0.0033333333333333335, "down": 0.006666666666666667, "several": 0.0033333333333333335, "hours": 0.0033333333333333335, "his": 0.0033333333333333335, "mother": 0.0033333333333333335, "ran": 0.0033333333333333335, "hit": 0.0033333333333333335, "pedestrian": 0.0033333333333333335, "garden": 0.0033333333333333335, "countryside": 0.0033333333333333335, "proposed": 0.0033333333333333335, "new": 0.006666666666666667, "school": 0.0033333333333333335, "landscape": 0.0033333333333333335, "river": 0.02, "national": 0.0033333333333333335, "rocks": 0.0033333333333333335, "fell": 0.0033333333333333335, "walks": 0.0033333333333333335, "sight": 0.0033333333333333335, "i'm": 0.0033333333333333335, "not": 0.0033333333333333335, "sure": 0.0033333333333333335, "what": 0.0033333333333333335, "this": 0.006666666666666667, "called,": 0.0033333333333333335, "but": 0.006666666666666667, "it's": 0.006666666666666667, "nice": 0.0033333333333333335, "little": 0.0033333333333333335, "field": 0.0033333333333333335, "biological": 0.0033333333333333335, "species": 0.0033333333333333335, "shrubs": 0.0033333333333333335, "so": 0.006666666666666667, "deep": 0.0033333333333333335, "almost": 0.006666666666666667, "invisible": 0.0033333333333333335, "eye": 0.0033333333333333335, "swimming": 0.0033333333333333335, "pool": 0.0033333333333333335, "apartment": 0.0033333333333333335, "body": 0.0033333333333333335, "rock": 0.0033333333333333335, "big": 0.0033333333333333335, "like": 0.0033333333333333335, "born": 0.0033333333333333335, "aquarium": 0.01, "large": 0.006666666666666667, "original": 0.0033333333333333335, "mine": 0.0033333333333333335, "sign": 0.0033333333333333335, "i": 0.0033333333333333335, "grew": 0.0033333333333333335, "up": 0.0033333333333333335, "shot": 0.0033333333333333335, "back": 0.0033333333333333335, "boat": 0.0033333333333333335, "off": 0.0033333333333333335, "coast": 0.0033333333333333335, "left": 0.0033333333333333335, "no": 0.0033333333333333335, "choice": 0.0033333333333333335, "leave": 0.0033333333333333335, "property": 0.0033333333333333335, "attack": 0.0033333333333333335, "driving": 0.0033333333333333335, "through": 0.0033333333333333335, "rural": 0.0033333333333333335, "area": 0.0033333333333333335, "spend": 0.0033333333333333335, "day": 0.0033333333333333335, "person,": 0.0033333333333333335, "who": 0.0033333333333333335, "now": 0.006666666666666667, "living": 0.0033333333333333335, "her": 0.0033333333333333335, "husband": 0.0033333333333333335, "their": 0.0033333333333333335, "children": 0.0033333333333333335, "season": 0.0033333333333333335}