{"road": 0.7, "house": 0.13333333333333333, "city": 0.19333333333333333, "highway": 0.03333333333333333, "villa": 0.0033333333333333335, "small": 0.02666666666666667, "town": 0.04, "lined": 0.016666666666666666, "trees": 0.016666666666666666, "mountains": 0.20333333333333334, "beach": 0.06, "car": 0.09666666666666666, "parked": 0.01, "in": 0.11333333333333333, "middle": 0.016666666666666666, "border": 0.02, "hotel": 0.02, "farm": 0.09333333333333334, "shrubs": 0.006666666666666667, "airport": 0.023333333333333334, "church": 0.0033333333333333335, "old": 0.013333333333333334, "park": 0.02, "located": 0.05, "parking": 0.013333333333333334, "lot": 0.013333333333333334, "trip": 0.006666666666666667, "through": 0.02, "desert": 0.013333333333333334, "castle": 0.02, "property": 0.04666666666666667, "image": 0.043333333333333335, "#": 0.03, "apartment": 0.016666666666666666, "center": 0.03, "top": 0.006666666666666667, "closed": 0.01, "for": 0.016666666666666666, "weekend": 0.006666666666666667, "tunnel": 0.0033333333333333335, "next": 0.0033333333333333335, "few": 0.0033333333333333335, "days": 0.0033333333333333335, "home": 0.006666666666666667, "person,": 0.0033333333333333335, "who": 0.0033333333333333335, "accused": 0.0033333333333333335, "stealing": 0.0033333333333333335, "person": 0.02, "cave": 0.0033333333333333335, "bridge": 0.01, "over": 0.006666666666666667, "river": 0.0033333333333333335, "sea": 0.0033333333333333335, "driving": 0.02, "on": 0.03333333333333333, "neighborhood": 0.006666666666666667, "region": 0.006666666666666667, "narrow": 0.0033333333333333335, "streets": 0.0033333333333333335, "was": 0.04, "stolen": 0.0033333333333333335, "from": 0.02666666666666667, "trip,": 0.0033333333333333335, "roads": 0.0033333333333333335, "building": 0.006666666666666667, "man": 0.03, "shot": 0.013333333333333334, "killed": 0.006666666666666667, "coyote": 0.0033333333333333335, "where": 0.013333333333333334, "lived": 0.006666666666666667, "his": 0.0033333333333333335, "mother": 0.0033333333333333335, "centre": 0.006666666666666667, "drives": 0.01, "along": 0.01, "sale": 0.006666666666666667, "sun": 0.0033333333333333335, "sets": 0.0033333333333333335, "countryside": 0.006666666666666667, "large": 0.01, "swimming": 0.006666666666666667, "pool": 0.006666666666666667, "air": 0.006666666666666667, "conditioning,": 0.0033333333333333335, "washing": 0.0033333333333333335, "machine": 0.0033333333333333335, "view": 0.01, "m": 0.006666666666666667, "village": 0.016666666666666666, "after": 0.006666666666666667, "he": 0.0033333333333333335, "head": 0.0033333333333333335, "torso": 0.0033333333333333335, "forest": 0.0033333333333333335, "yellow": 0.0033333333333333335, "jacket": 0.0033333333333333335, "sunglasses": 0.0033333333333333335, "walks": 0.006666666666666667, "expanse": 0.0033333333333333335, "land": 0.0033333333333333335, "quarry": 0.006666666666666667, "seen": 0.006666666666666667, "this": 0.0033333333333333335, "undated": 0.0033333333333333335, "field": 0.0033333333333333335, "landscape": 0.006666666666666667, "street": 0.006666666666666667, "front": 0.0033333333333333335, "our": 0.0033333333333333335, "riding": 0.0033333333333333335, "bike": 0.0033333333333333335, "private,": 0.0033333333333333335, "open": 0.0033333333333333335, "-": 0.0033333333333333335, "ranch": 0.0033333333333333335, "square": 0.006666666666666667, "meters,": 0.0033333333333333335, "plot": 0.0033333333333333335, "meters": 0.0033333333333333335, "rural": 0.006666666666666667, "area": 0.01, "wall": 0.0033333333333333335, "beautiful": 0.01, "place": 0.006666666666666667, "visit": 0.0033333333333333335, "us": 0.0033333333333333335, "state": 0.0033333333333333335, "site": 0.006666666666666667, "proposed": 0.0033333333333333335, "new": 0.0033333333333333335, "school": 0.0033333333333333335, "country": 0.0033333333333333335, "short": 0.0033333333333333335, "distance": 0.0033333333333333335, "bomb": 0.0033333333333333335, "planted": 0.0033333333333333335, "struck": 0.01, "former": 0.0033333333333333335, "factory": 0.0033333333333333335, "future": 0.0033333333333333335, "entrance": 0.0033333333333333335, "long": 0.0033333333333333335, "way": 0.0033333333333333335, "movie": 0.0033333333333333335, "couple": 0.0033333333333333335, "were": 0.006666666666666667, "left": 0.0033333333333333335, "broken": 0.0033333333333333335, "leg": 0.0033333333333333335, "they": 0.0033333333333333335, "tree": 0.006666666666666667, "found": 0.006666666666666667, "woods": 0.0033333333333333335, "drive": 0.0033333333333333335, "spotted": 0.0033333333333333335, "killer": 0.0033333333333333335}