{"bench": 0.02, "stop sign": 0.03, "truck": 0.060000000000000005, "car": 0.5200000000000002, "sheep": 0.02, "person": 0.09, "kite": 0.01, "surfboard": 0.01, "bus": 0.03, "umbrella": 0.02, "bird": 0.02, "giraffe": 0.01, "density": 0.84}