{"car": 0.45000000000000095, "umbrella": 0.023333333333333334, "bus": 0.023333333333333334, "boat": 0.01, "stop sign": 0.03666666666666667, "train": 0.006666666666666667, "bird": 0.023333333333333334, "person": 0.07666666666666665, "dog": 0.0033333333333333335, "sheep": 0.02, "truck": 0.0833333333333333, "bench": 0.030000000000000002, "potted plant": 0.0033333333333333335, "surfboard": 0.01, "kite": 0.013333333333333334, "airplane": 0.0033333333333333335, "fire hydrant": 0.006666666666666667, "oven": 0.0033333333333333335, "traffic light": 0.006666666666666667, "parking meter": 0.0033333333333333335, "cow": 0.013333333333333334, "giraffe": 0.0033333333333333335, "horse": 0.0033333333333333335, "density": 0.8566666666666667}