{"bench": 0.02, "boat": 0.016666666666666666, "traffic light": 0.0033333333333333335, "car": 0.0833333333333333, "truck": 0.01, "person": 0.04, "motorcycle": 0.0033333333333333335, "sports ball": 0.0033333333333333335, "train": 0.016666666666666666, "giraffe": 0.006666666666666667, "cow": 0.02666666666666667, "airplane": 0.0033333333333333335, "sheep": 0.04666666666666667, "umbrella": 0.0033333333333333335, "kite": 0.0033333333333333335, "stop sign": 0.0033333333333333335, "density": 0.29}