{"car": 0.03333333333333333, "park": 0.013333333333333334, "house": 0.33666666666666667, "located": 0.07, "in": 0.17333333333333334, "neighborhood": 0.006666666666666667, "from": 0.06333333333333334, "movie": 0.02, "property": 0.056666666666666664, "area": 0.023333333333333334, "site": 0.006666666666666667, "proposed": 0.006666666666666667, "new": 0.006666666666666667, "school": 0.006666666666666667, "road": 0.6966666666666667, "forest": 0.21, "lake": 0.0033333333333333335, "short": 0.016666666666666666, "walk": 0.016666666666666666, "trees": 0.023333333333333334, "good": 0.0033333333333333335, "condition": 0.0033333333333333335, "was": 0.01, "found": 0.01, "middle": 0.03333333333333333, "field": 0.01, "castle": 0.08, "image": 0.016666666666666666, "#": 0.016666666666666666, "countryside": 0.02666666666666667, "large": 0.006666666666666667, "swimming": 0.01, "pool": 0.006666666666666667, "heart": 0.013333333333333334, "farm": 0.17, "city": 0.05, "small": 0.01, "town": 0.006666666666666667, "red": 0.0033333333333333335, "barn": 0.0033333333333333335, "rustic": 0.0033333333333333335, "on": 0.016666666666666666, "estate": 0.0033333333333333335, "castle,": 0.0033333333333333335, "pool,": 0.0033333333333333335, "garden,": 0.0033333333333333335, "private": 0.0033333333333333335, "terrace": 0.0033333333333333335, "tree": 0.01, "background": 0.0033333333333333335, "trip,": 0.0033333333333333335, "roads": 0.0033333333333333335, "region": 0.01, "beach": 0.04, "morning": 0.006666666666666667, "full": 0.01, "woods": 0.01, "m": 0.006666666666666667, "center": 0.006666666666666667, "internet,": 0.0033333333333333335, "air": 0.0033333333333333335, "conditioning,": 0.0033333333333333335, "parking": 0.0033333333333333335, "village": 0.02, "trip": 0.0033333333333333335, "through": 0.01, "lined": 0.0033333333333333335, "mountains": 0.016666666666666666, "couple": 0.01, "were": 0.01, "seen": 0.01, "walking": 0.01, "down": 0.0033333333333333335, "view": 0.013333333333333334, "back": 0.006666666666666667, "beautiful": 0.04666666666666667, "place": 0.04666666666666667, "visit": 0.016666666666666666, "where": 0.0033333333333333335, "person": 0.01, "lived": 0.0033333333333333335, "her": 0.0033333333333333335, "parents": 0.0033333333333333335, "pine": 0.01, "near": 0.006666666666666667, "parked": 0.006666666666666667, "couple's": 0.0033333333333333335, "home": 0.0033333333333333335, "outskirts": 0.0033333333333333335, "airport": 0.006666666666666667, "set": 0.006666666666666667, "wooded": 0.0033333333333333335, "i": 0.0033333333333333335, "grew": 0.0033333333333333335, "up": 0.0033333333333333335, "grass": 0.0033333333333333335, "pub": 0.0033333333333333335, "fields": 0.0033333333333333335, "trail": 0.0033333333333333335, "sign": 0.0033333333333333335, "for": 0.01, "ripening": 0.0033333333333333335, "barley": 0.0033333333333333335, "mixture": 0.0033333333333333335, "fir": 0.0033333333333333335, "market": 0.006666666666666667, "\u00a3": 0.006666666666666667, "1": 0.006666666666666667, "just": 0.0033333333333333335, "acres": 0.0033333333333333335, "woodland": 0.0033333333333333335, "river": 0.0033333333333333335}