{"road": 0.49, "lot": 0.03666666666666667, "cars": 0.02, "driving": 0.05, "down": 0.05, "farm": 0.04, "car": 0.2, "parked": 0.16, "in": 0.25666666666666665, "background": 0.05, "couple": 0.03666666666666667, "field": 0.53, "some": 0.04666666666666667, "cows": 0.14333333333333334, "green": 0.41333333333333333, "motorcycle": 0.17333333333333334, "grass": 0.03666666666666667, "truck": 0.03, "near": 0.01, "forest": 0.03666666666666667, "trees": 0.19, "on": 0.2966666666666667, "side": 0.06666666666666667, "sheep": 0.15333333333333332, "grazing": 0.19666666666666666, "person": 0.02666666666666667, "standing": 0.023333333333333334, "large": 0.07666666666666666, "herd": 0.19333333333333333, "cattle": 0.08, "pasture": 0.06333333333333334, "blurry": 0.08, "lake": 0.013333333333333334, "group": 0.016666666666666666, "three": 0.01, "lanes": 0.0033333333333333335, "taking": 0.01, "animals": 0.14333333333333334, "small": 0.023333333333333334, "red": 0.0033333333333333335, "front": 0.0033333333333333335, "stone": 0.0033333333333333335, "tower": 0.0033333333333333335, "horse": 0.02, "boat": 0.013333333333333334, "boats": 0.0033333333333333335, "floating": 0.0033333333333333335, "arrow": 0.006666666666666667, "sign": 0.02, "number": 0.006666666666666667, "different": 0.0033333333333333335, "types": 0.0033333333333333335, "vehicles": 0.0033333333333333335, "yard": 0.013333333333333334, "barn": 0.02, "dog": 0.016666666666666666, "blue": 0.01, "house": 0.016666666666666666, "reads": 0.006666666666666667, "\"dixie\"": 0.0033333333333333335, "": 0.37, "goats": 0.023333333333333334, "two": 0.01, "dirt": 0.06, "few": 0.023333333333333334, "outside": 0.0033333333333333335, "building": 0.0033333333333333335, "walking": 0.01, "middle": 0.013333333333333334, "\"green\"": 0.0033333333333333335, "bushes": 0.013333333333333334, "next": 0.01, "top": 0.013333333333333334, "lush": 0.02666666666666667, "several": 0.006666666666666667, "motorcycles": 0.01, "vintage": 0.006666666666666667, "white": 0.0033333333333333335, "traffic": 0.0033333333333333335, "signs": 0.0033333333333333335, "past": 0.006666666666666667, "docked": 0.0033333333333333335, "at": 0.0033333333333333335, "pier": 0.0033333333333333335, "trailer": 0.006666666666666667, "park": 0.0033333333333333335, "highway": 0.006666666666666667, "sky": 0.0033333333333333335, "fence": 0.0033333333333333335, "houses": 0.0033333333333333335, "van": 0.0033333333333333335, "bench": 0.0033333333333333335, "sitting": 0.0033333333333333335, "yellow": 0.006666666666666667, "roof": 0.0033333333333333335, "parking": 0.0033333333333333335, "body": 0.006666666666666667, "water": 0.006666666666666667, "stop": 0.0033333333333333335, "riding": 0.0033333333333333335, "tractor": 0.0033333333333333335, "each": 0.0033333333333333335, "other": 0.0033333333333333335}