{"car": 0.7600000000000005, "fire hydrant": 0.01, "kite": 0.05, "truck": 0.20000000000000004, "bus": 0.05, "person": 0.13999999999999999, "bird": 0.02, "sheep": 0.04, "chair": 0.04, "surfboard": 0.03, "airplane": 0.03, "book": 0.04, "train": 0.02, "boat": 0.03, "bench": 0.04, "cow": 0.01, "density": 1.51}