{"large": 0.20666666666666667, "building": 0.05, "benches": 0.006666666666666667, "in": 0.31, "front": 0.043333333333333335, "road": 0.3, "car": 0.48, "motorcycle": 0.13666666666666666, "on": 0.20666666666666667, "driving": 0.25, "through": 0.02, "field": 0.2, "sand": 0.02666666666666667, "down": 0.19666666666666666, "dirt": 0.10666666666666667, "desert": 0.12666666666666668, "herd": 0.09666666666666666, "sheep": 0.06, "grazing": 0.01, "side": 0.06, "street": 0.12333333333333334, "several": 0.0033333333333333335, "cars": 0.09, "motorcycles": 0.03, "parked": 0.18666666666666668, "few": 0.006666666666666667, "person": 0.056666666666666664, "taking": 0.023333333333333334, "horse": 0.03333333333333333, "green": 0.12333333333333334, "animals": 0.05, "highway": 0.12666666666666668, "lot": 0.15, "traffic": 0.04, "mountains": 0.006666666666666667, "background": 0.04, "white": 0.043333333333333335, "toilet": 0.0033333333333333335, "sitting": 0.02, "next": 0.15, "wall": 0.016666666666666666, "man": 0.016666666666666666, "walking": 0.006666666666666667, "parking": 0.04666666666666667, "dog": 0.013333333333333334, "group": 0.02, "standing": 0.05, "long": 0.006666666666666667, "train": 0.016666666666666666, "steel": 0.0033333333333333335, "track": 0.0033333333333333335, "middle": 0.043333333333333335, "amount": 0.03, "blur": 0.0033333333333333335, "purple": 0.0033333333333333335, "object": 0.006666666666666667, "couple": 0.013333333333333334, "trucks": 0.023333333333333334, "bus": 0.01, "truck": 0.056666666666666664, "park": 0.01, "past": 0.02666666666666667, "fence": 0.013333333333333334, "trees": 0.02666666666666667, "metal": 0.01, "bench": 0.04, "gate": 0.0033333333333333335, "tractor": 0.0033333333333333335, "room": 0.013333333333333334, "furniture": 0.0033333333333333335, "fire": 0.01, "place": 0.0033333333333333335, "library": 0.0033333333333333335, "stadium": 0.006666666666666667, "number": 0.006666666666666667, "seats": 0.0033333333333333335, "stone": 0.01, "area": 0.02, "bunch": 0.006666666666666667, "palm": 0.02, "sign": 0.03, "mountain": 0.05, "cattle": 0.023333333333333334, "lush": 0.0033333333333333335, "plane": 0.013333333333333334, "beach": 0.03, "meter": 0.0033333333333333335, "some": 0.0033333333333333335, "tunnel": 0.0033333333333333335, "filled": 0.016666666666666666, "vegetation": 0.01, "camel": 0.016666666666666666, "books": 0.0033333333333333335, "shelves": 0.0033333333333333335, "near": 0.03666666666666667, "boat": 0.0033333333333333335, "tree": 0.006666666666666667, "behind": 0.006666666666666667, "hydrant": 0.006666666666666667, "scene": 0.006666666666666667, "line": 0.01, "each": 0.006666666666666667, "other": 0.01, "top": 0.013333333333333334, "grass": 0.006666666666666667, "planes": 0.0033333333333333335, "water": 0.01, "ramp": 0.0033333333333333335, "door": 0.0033333333333333335, "goats": 0.0033333333333333335, "silver": 0.0033333333333333335, "forest": 0.0033333333333333335, "body": 0.006666666666666667, "fields": 0.006666666666666667, "trim": 0.0033333333333333335, "for": 0.0033333333333333335, "gas": 0.01, "station": 0.01, "rock": 0.006666666666666667, "formation": 0.006666666666666667, "jet": 0.0033333333333333335, "lots": 0.006666666666666667, "tall": 0.006666666666666667, "buildings": 0.0033333333333333335, "carriage": 0.006666666666666667, "yellow": 0.0033333333333333335, "surfboard": 0.0033333333333333335, "walks": 0.0033333333333333335, "pile": 0.0033333333333333335, "fake": 0.0033333333333333335, "dome": 0.0033333333333333335, "distance": 0.0033333333333333335, "riding": 0.0033333333333333335, "airplane": 0.0033333333333333335, "blue": 0.0033333333333333335, "gravel": 0.0033333333333333335, "wooden": 0.0033333333333333335, "painting": 0.0033333333333333335, "fog": 0.0033333333333333335, "sandy": 0.0033333333333333335, "arrow": 0.006666666666666667, "dune": 0.0033333333333333335, "traveling": 0.0033333333333333335, "covered": 0.0033333333333333335, "boats": 0.0033333333333333335, "stop": 0.0033333333333333335, "narrow": 0.0033333333333333335, "hallway": 0.0033333333333333335, "staircase": 0.0033333333333333335, "airplanes": 0.0033333333333333335, "zebras": 0.0033333333333333335, "horses": 0.0033333333333333335, "landscape": 0.0033333333333333335, "van": 0.0033333333333333335, "blurry": 0.006666666666666667, "signs": 0.0033333333333333335, "city": 0.0033333333333333335, "rocky": 0.0033333333333333335, "clock": 0.0033333333333333335, "tower": 0.0033333333333333335, "arrows": 0.0033333333333333335, "two": 0.0033333333333333335, "men": 0.0033333333333333335, "playing": 0.0033333333333333335, "baseball": 0.0033333333333333335, "brush": 0.0033333333333333335}