{"truck": 0.13333333333333322, "train": 0.013333333333333334, "frisbee": 0.0033333333333333335, "person": 0.20666666666666642, "car": 0.7599999999999986, "kite": 0.043333333333333335, "chair": 0.04, "bench": 0.02666666666666667, "boat": 0.04, "surfboard": 0.016666666666666666, "bird": 0.02, "airplane": 0.030000000000000002, "stop sign": 0.006666666666666667, "parking meter": 0.0033333333333333335, "book": 0.023333333333333334, "bus": 0.03333333333333333, "sheep": 0.013333333333333334, "pizza": 0.0033333333333333335, "couch": 0.013333333333333334, "bed": 0.006666666666666667, "vase": 0.0033333333333333335, "fire hydrant": 0.006666666666666667, "skis": 0.0033333333333333335, "potted plant": 0.006666666666666667, "horse": 0.0033333333333333335, "motorcycle": 0.013333333333333334, "cow": 0.0033333333333333335, "dog": 0.0033333333333333335, "traffic light": 0.006666666666666667, "handbag": 0.01, "oven": 0.006666666666666667, "toilet": 0.0033333333333333335, "elephant": 0.0033333333333333335, "density": 1.51}