{"kite": 0.02, "bird": 0.024999999999999998, "car": 0.1700000000000001, "zebra": 0.0025, "person": 0.14500000000000007, "airplane": 0.0025, "truck": 0.034999999999999996, "sheep": 0.0175, "boat": 0.0125, "train": 0.015000000000000001, "scissors": 0.005, "chair": 0.0125, "bed": 0.0025, "giraffe": 0.01, "surfboard": 0.0075, "dog": 0.01, "cow": 0.0125, "bench": 0.0175, "umbrella": 0.01, "horse": 0.0025, "stop sign": 0.0125, "toilet": 0.0025, "sports ball": 0.0025, "frisbee": 0.0025, "backpack": 0.0025, "bicycle": 0.0025, "cell phone": 0.0025, "bus": 0.0025, "tv": 0.0025, "fire hydrant": 0.0075, "skis": 0.0025, "elephant": 0.0025, "clock": 0.0025, "cat": 0.0025, "bear": 0.0025, "density": 0.5875}