{"garden": 0.01, "house": 0.17333333333333334, "city": 0.11, "desert": 0.09666666666666666, "located": 0.03666666666666667, "highway": 0.013333333333333334, "road": 0.63, "beach": 0.056666666666666664, "on": 0.02, "coast": 0.006666666666666667, "view": 0.023333333333333334, "property": 0.03, "man": 0.013333333333333334, "was": 0.043333333333333335, "arrested": 0.0033333333333333335, "after": 0.006666666666666667, "he": 0.0033333333333333335, "reportedly": 0.0033333333333333335, "ran": 0.0033333333333333335, "over": 0.0033333333333333335, "car": 0.056666666666666664, "hit": 0.0033333333333333335, "woman": 0.0033333333333333335, "in": 0.12, "head": 0.0033333333333333335, "place": 0.05, "pilgrimage": 0.013333333333333334, "for": 0.023333333333333334, "followers": 0.01, "image": 0.016666666666666666, "#": 0.016666666666666666, "cottage": 0.0033333333333333335, "forest": 0.016666666666666666, "heated": 0.0033333333333333335, "pool": 0.01, "from": 0.056666666666666664, "may": 0.0033333333333333335, "october": 0.0033333333333333335, "streets": 0.0033333333333333335, "old": 0.0033333333333333335, "town": 0.013333333333333334, "mountains": 0.26, "rock": 0.006666666666666667, "so": 0.006666666666666667, "big": 0.006666666666666667, "it's": 0.016666666666666666, "almost": 0.006666666666666667, "invisible": 0.006666666666666667, "eye": 0.006666666666666667, "area": 0.013333333333333334, "sea": 0.006666666666666667, "beautiful": 0.04666666666666667, "visit": 0.02666666666666667, "movie": 0.013333333333333334, "drive": 0.0033333333333333335, "balcony": 0.006666666666666667, "driving": 0.016666666666666666, "through": 0.023333333333333334, "tree": 0.04666666666666667, "common": 0.0033333333333333335, "sight": 0.0033333333333333335, "where": 0.016666666666666666, "person": 0.016666666666666666, "lived": 0.01, "farm": 0.03, "airport": 0.013333333333333334, "bridge": 0.0033333333333333335, "seen": 0.01, "this": 0.0033333333333333335, "undated": 0.0033333333333333335, "file": 0.0033333333333333335, "woods": 0.01, "bit": 0.013333333333333334, "mystery": 0.0033333333333333335, "his": 0.006666666666666667, "parents": 0.0033333333333333335, "countryside": 0.016666666666666666, "large": 0.006666666666666667, "swimming": 0.006666666666666667, "parking": 0.013333333333333334, "lot": 0.01, "field": 0.01, "wheat": 0.0033333333333333335, "quarry": 0.006666666666666667, "park": 0.013333333333333334, "market": 0.006666666666666667, "\u00a3": 0.0033333333333333335, "1": 0.0033333333333333335, "$1": 0.0033333333333333335, "found": 0.016666666666666666, "home": 0.02, "person,": 0.016666666666666666, "owner": 0.006666666666666667, "spotted": 0.006666666666666667, "walking": 0.013333333333333334, "down": 0.006666666666666667, "street": 0.006666666666666667, "summit": 0.01, "hotel": 0.01, "short": 0.0033333333333333335, "walk": 0.0033333333333333335, "parked": 0.01, "m": 0.006666666666666667, "center": 0.006666666666666667, "couple": 0.01, "were": 0.01, "forced": 0.0033333333333333335, "flee": 0.0033333333333333335, "their": 0.0033333333333333335, "attack": 0.0033333333333333335, "lined": 0.0033333333333333335, "trees": 0.006666666666666667, "castle": 0.013333333333333334, "many": 0.0033333333333333335, "travelers": 0.0033333333333333335, "middle": 0.02666666666666667, "foggy": 0.0033333333333333335, "top": 0.016666666666666666, "good": 0.006666666666666667, "condition": 0.006666666666666667, "trail": 0.016666666666666666, "muddy,": 0.006666666666666667, "but": 0.01, "still": 0.006666666666666667, "pretty": 0.006666666666666667, "born": 0.0033333333333333335, "small": 0.013333333333333334, "village": 0.0033333333333333335, "border": 0.0033333333333333335, "steep,": 0.0033333333333333335, "not": 0.0033333333333333335, "bad": 0.0033333333333333335, "at": 0.0033333333333333335, "all": 0.0033333333333333335, "mother": 0.0033333333333333335, "who": 0.01, "shot": 0.006666666666666667, "trip": 0.0033333333333333335, "vineyard": 0.0033333333333333335, "region": 0.006666666666666667, "glacier": 0.0033333333333333335, "backyard": 0.006666666666666667, "drives": 0.006666666666666667, "now": 0.0033333333333333335, "living": 0.0033333333333333335, "graffiti": 0.0033333333333333335, "wall": 0.006666666666666667, "i": 0.0033333333333333335, "live": 0.0033333333333333335, "landscape": 0.01, "valley": 0.006666666666666667, "face": 0.0033333333333333335, "front": 0.0033333333333333335, "mix": 0.0033333333333333335, "along": 0.0033333333333333335, "internet,": 0.0033333333333333335, "air": 0.0033333333333333335, "conditioning,": 0.0033333333333333335, "struck": 0.0033333333333333335, "cabin": 0.006666666666666667, "pilgrims": 0.0033333333333333335, "stadium": 0.0033333333333333335, "will": 0.0033333333333333335, "be": 0.0033333333333333335, "used": 0.0033333333333333335, "football": 0.0033333333333333335}