{"sports ball": 0.01, "bird": 0.04, "giraffe": 0.02, "sheep": 0.02, "bench": 0.01, "truck": 0.02, "car": 0.10999999999999999, "person": 0.13999999999999999, "cow": 0.02, "frisbee": 0.01, "surfboard": 0.02, "elephant": 0.01, "airplane": 0.03, "kite": 0.01, "stop sign": 0.01, "horse": 0.01, "train": 0.01, "density": 0.5}