{"bird": 0.015, "fire hydrant": 0.02, "person": 0.10500000000000002, "kite": 0.025, "truck": 0.025, "car": 0.13500000000000004, "frisbee": 0.005, "elephant": 0.005, "stop sign": 0.02, "sheep": 0.015, "skis": 0.005, "umbrella": 0.01, "train": 0.005, "scissors": 0.005, "traffic light": 0.01, "cow": 0.005, "toilet": 0.005, "giraffe": 0.005, "sports ball": 0.005, "bench": 0.005, "backpack": 0.01, "density": 0.44}