{"bird": 0.02666666666666667, "car": 0.14666666666666653, "truck": 0.04, "stop sign": 0.01, "clock": 0.0033333333333333335, "umbrella": 0.006666666666666667, "suitcase": 0.0033333333333333335, "boat": 0.006666666666666667, "bus": 0.0033333333333333335, "tv": 0.0033333333333333335, "dog": 0.01, "giraffe": 0.016666666666666666, "sheep": 0.02, "person": 0.10999999999999992, "kite": 0.02, "bench": 0.016666666666666666, "cell phone": 0.0033333333333333335, "chair": 0.016666666666666666, "surfboard": 0.006666666666666667, "fire hydrant": 0.013333333333333334, "frisbee": 0.0033333333333333335, "train": 0.006666666666666667, "backpack": 0.01, "bicycle": 0.0033333333333333335, "cow": 0.01, "skis": 0.0033333333333333335, "cat": 0.0033333333333333335, "bear": 0.0033333333333333335, "elephant": 0.0033333333333333335, "scissors": 0.0033333333333333335, "bed": 0.0033333333333333335, "density": 2.236111111111111}