{"car": 0.18000000000000013, "truck": 0.04000000000000002, "stop sign": 0.014, "boat": 0.018000000000000002, "surfboard": 0.006, "person": 0.1460000000000001, "bird": 0.024000000000000007, "sheep": 0.014, "scissors": 0.004, "zebra": 0.002, "backpack": 0.006, "bicycle": 0.002, "bench": 0.014, "umbrella": 0.008, "fire hydrant": 0.008, "giraffe": 0.01, "traffic light": 0.004, "elephant": 0.002, "kite": 0.016, "train": 0.012, "dog": 0.008, "cat": 0.002, "bear": 0.002, "cow": 0.01, "bus": 0.002, "tv": 0.002, "frisbee": 0.004, "airplane": 0.002, "clock": 0.002, "horse": 0.002, "motorcycle": 0.002, "sports ball": 0.002, "chair": 0.01, "bed": 0.002, "toilet": 0.002, "suitcase": 0.002, "skis": 0.002, "cell phone": 0.002, "density": 0.59}