{"truck": 0.04, "train": 0.006666666666666667, "car": 0.1666666666666665, "traffic light": 0.006666666666666667, "kite": 0.023333333333333334, "surfboard": 0.006666666666666667, "dog": 0.013333333333333334, "giraffe": 0.01, "bench": 0.01, "person": 0.12333333333333323, "stop sign": 0.013333333333333334, "fire hydrant": 0.013333333333333334, "bird": 0.013333333333333334, "elephant": 0.0033333333333333335, "zebra": 0.0033333333333333335, "sheep": 0.01, "boat": 0.0033333333333333335, "bus": 0.0033333333333333335, "tv": 0.0033333333333333335, "cow": 0.01, "scissors": 0.0033333333333333335, "frisbee": 0.0033333333333333335, "umbrella": 0.01, "cell phone": 0.0033333333333333335, "chair": 0.016666666666666666, "clock": 0.0033333333333333335, "suitcase": 0.0033333333333333335, "backpack": 0.006666666666666667, "bed": 0.0033333333333333335, "skis": 0.0033333333333333335, "airplane": 0.0033333333333333335, "cat": 0.0033333333333333335, "bear": 0.0033333333333333335, "sports ball": 0.0033333333333333335, "density": 0.5533333333333333}