{"horse": 0.044000000000000025, "sheep": 0.03600000000000002, "stop sign": 0.01, "person": 0.23200000000000018, "fire hydrant": 0.012, "car": 0.4060000000000003, "surfboard": 0.006, "zebra": 0.01, "umbrella": 0.002, "cow": 0.05800000000000004, "giraffe": 0.012, "bird": 0.008, "bench": 0.016, "bed": 0.002, "dog": 0.004, "truck": 0.09400000000000007, "kite": 0.006, "boat": 0.01, "sports ball": 0.002, "clock": 0.008, "bus": 0.022000000000000006, "train": 0.012, "skateboard": 0.004, "toilet": 0.002, "handbag": 0.004, "traffic light": 0.012, "chair": 0.002, "density": 1.036}