{"car": 0.36000000000000026, "bus": 0.0225, "truck": 0.07750000000000003, "train": 0.015000000000000001, "umbrella": 0.0025, "stop sign": 0.0125, "traffic light": 0.015000000000000001, "person": 0.22250000000000014, "sheep": 0.04750000000000001, "zebra": 0.0125, "horse": 0.05250000000000001, "fire hydrant": 0.015000000000000001, "chair": 0.0025, "boat": 0.01, "bench": 0.02, "bird": 0.01, "clock": 0.0075, "kite": 0.0075, "sports ball": 0.0025, "cow": 0.06000000000000002, "handbag": 0.0025, "toilet": 0.0025, "giraffe": 0.015000000000000001, "bed": 0.0025, "surfboard": 0.0075, "skateboard": 0.0025, "density": 1.0075}