{"boat": 0.01, "car": 0.3733333333333338, "person": 0.1933333333333331, "horse": 0.043333333333333335, "sheep": 0.05666666666666667, "dog": 0.006666666666666667, "bench": 0.02666666666666667, "train": 0.013333333333333334, "cow": 0.06999999999999999, "truck": 0.09666666666666661, "bus": 0.016666666666666666, "sports ball": 0.0033333333333333335, "umbrella": 0.0033333333333333335, "giraffe": 0.016666666666666666, "clock": 0.006666666666666667, "stop sign": 0.01, "skateboard": 0.0033333333333333335, "fire hydrant": 0.013333333333333334, "bird": 0.006666666666666667, "zebra": 0.0033333333333333335, "traffic light": 0.016666666666666666, "surfboard": 0.0033333333333333335, "frisbee": 0.0033333333333333335, "toilet": 0.0033333333333333335, "kite": 0.0033333333333333335, "density": 2.8666666666666667}