{"sheep": 0.07, "car": 0.34000000000000014, "bench": 0.02, "cow": 0.04, "horse": 0.02, "truck": 0.12999999999999998, "person": 0.35000000000000014, "train": 0.01, "clock": 0.01, "bird": 0.03, "skateboard": 0.01, "dog": 0.01, "surfboard": 0.01, "fire hydrant": 0.01, "density": 1.06}