{"bench": 0.015, "stop sign": 0.01, "horse": 0.045, "zebra": 0.02, "chair": 0.005, "person": 0.1950000000000001, "handbag": 0.005, "bird": 0.005, "car": 0.31000000000000016, "truck": 0.10500000000000002, "cow": 0.10500000000000002, "surfboard": 0.01, "sports ball": 0.005, "sheep": 0.030000000000000002, "giraffe": 0.015, "boat": 0.015, "umbrella": 0.005, "fire hydrant": 0.015, "train": 0.015, "traffic light": 0.02, "bus": 0.01, "toilet": 0.005, "kite": 0.005, "density": 0.97}