{"person": 0.21999999999999972, "car": 0.3933333333333339, "stop sign": 0.01, "cow": 0.0833333333333333, "train": 0.016666666666666666, "bus": 0.023333333333333334, "sheep": 0.03666666666666667, "handbag": 0.006666666666666667, "horse": 0.060000000000000005, "truck": 0.10999999999999992, "skateboard": 0.0033333333333333335, "fire hydrant": 0.006666666666666667, "bench": 0.023333333333333334, "bird": 0.016666666666666666, "boat": 0.016666666666666666, "frisbee": 0.0033333333333333335, "bed": 0.0033333333333333335, "umbrella": 0.0033333333333333335, "giraffe": 0.006666666666666667, "toilet": 0.0033333333333333335, "traffic light": 0.0033333333333333335, "zebra": 0.006666666666666667, "chair": 0.0033333333333333335, "surfboard": 0.0033333333333333335, "clock": 0.0033333333333333335, "density": 1.0666666666666667}