{"road": 0.53, "farm": 0.17, "view": 0.02666666666666667, "property": 0.10333333333333333, "forest": 0.03, "beautiful": 0.07, "place": 0.03333333333333333, "city": 0.11666666666666667, "for": 0.02666666666666667, "sale": 0.013333333333333334, "house": 0.25333333333333335, "landscape": 0.01, "region": 0.0033333333333333335, "in": 0.23, "countryside": 0.05, "small": 0.013333333333333334, "town": 0.013333333333333334, "castle": 0.09, "located": 0.07666666666666666, "area": 0.02666666666666667, "beach": 0.013333333333333334, "rural": 0.006666666666666667, "village": 0.03, "from": 0.056666666666666664, "advert": 0.0033333333333333335, "movie": 0.016666666666666666, "train": 0.0033333333333333335, "station": 0.0033333333333333335, "tree": 0.03666666666666667, "was": 0.07333333333333333, "found": 0.03666666666666667, "woods": 0.013333333333333334, "car": 0.08333333333333333, "park": 0.04666666666666667, "middle": 0.04666666666666667, "field": 0.04, "wheat": 0.006666666666666667, "now": 0.0033333333333333335, "closed": 0.0033333333333333335, "season": 0.0033333333333333335, "heart": 0.023333333333333334, "mountains": 0.01, "couple": 0.02, "were": 0.02, "seen": 0.01, "walking": 0.0033333333333333335, "down": 0.0033333333333333335, "spotted": 0.01, "on": 0.043333333333333335, "garden": 0.01, "visit": 0.03, "image": 0.03, "#": 0.03, "m": 0.016666666666666666, "center": 0.016666666666666666, "internet,": 0.01, "air": 0.006666666666666667, "conditioning,": 0.006666666666666667, "parking": 0.01, "where": 0.04, "person": 0.04666666666666667, "lived": 0.023333333333333334, "couple's": 0.02, "home": 0.03333333333333333, "good": 0.0033333333333333335, "condition": 0.0033333333333333335, "biological": 0.0033333333333333335, "species": 0.0033333333333333335, "driveway": 0.006666666666666667, "parked": 0.016666666666666666, "last": 0.0033333333333333335, "together": 0.0033333333333333335, "early": 0.0033333333333333335, "hours": 0.0033333333333333335, "this": 0.01, "morning": 0.0033333333333333335, "sunflowers": 0.0033333333333333335, "left": 0.006666666666666667, "broken": 0.006666666666666667, "leg": 0.006666666666666667, "after": 0.016666666666666666, "attack": 0.01, "outside": 0.0033333333333333335, "country": 0.006666666666666667, "pool,": 0.0033333333333333335, "terrace": 0.0033333333333333335, "site": 0.01, "proposed": 0.006666666666666667, "new": 0.006666666666666667, "school": 0.006666666666666667, "large": 0.013333333333333334, "swimming": 0.013333333333333334, "pool": 0.013333333333333334, "main": 0.0033333333333333335, "street": 0.0033333333333333335, "at": 0.006666666666666667, "airport": 0.006666666666666667, "forced": 0.006666666666666667, "leave": 0.0033333333333333335, "their": 0.006666666666666667, "man": 0.013333333333333334, "outskirts": 0.0033333333333333335, "winter": 0.006666666666666667, "building": 0.0033333333333333335, "through": 0.01, "detached": 0.0033333333333333335, "holiday": 0.0033333333333333335, "quiet": 0.0033333333333333335, "location": 0.0033333333333333335, "garden,": 0.0033333333333333335, "day": 0.0033333333333333335, "set": 0.0033333333333333335, "acres": 0.0033333333333333335, "woodland": 0.0033333333333333335, "market": 0.01, "\u00a3": 0.01, "1": 0.01, "corn": 0.0033333333333333335, "spring": 0.0033333333333333335, "arrested": 0.006666666666666667, "he": 0.006666666666666667, "reportedly": 0.006666666666666667, "threw": 0.0033333333333333335, "bottle": 0.0033333333333333335, "into": 0.0033333333333333335, "crowd": 0.0033333333333333335, "people": 0.0033333333333333335, "person,": 0.006666666666666667, "who": 0.006666666666666667, "shot": 0.006666666666666667, "$1": 0.0033333333333333335, "move": 0.0033333333333333335, "out": 0.0033333333333333335, "lined": 0.013333333333333334, "trees": 0.023333333333333334, "path": 0.0033333333333333335, "yellow": 0.0033333333333333335, "flowers": 0.0033333333333333335, "shrubs": 0.01, "near": 0.0033333333333333335, "fields": 0.0033333333333333335, "attacked": 0.0033333333333333335, "full": 0.006666666666666667, "his": 0.006666666666666667, "parents": 0.0033333333333333335, "drives": 0.0033333333333333335, "neighborhood": 0.006666666666666667, "pub": 0.0033333333333333335, "i'm": 0.0033333333333333335, "going": 0.0033333333333333335, "go": 0.0033333333333333335, "i": 0.0033333333333333335, "grew": 0.0033333333333333335, "up": 0.0033333333333333335, "mother": 0.0033333333333333335, "villa": 0.0033333333333333335, "born": 0.0033333333333333335, "trip,": 0.0033333333333333335, "roads": 0.0033333333333333335, "ran": 0.0033333333333333335, "over": 0.0033333333333333335, "killed": 0.0033333333333333335, "lot": 0.0033333333333333335}