{"blurry": 0.02, "car": 0.29, "driving": 0.13333333333333333, "down": 0.11666666666666667, "road": 0.35333333333333333, "herd": 0.14333333333333334, "sheep": 0.20333333333333334, "motorcycle": 0.23333333333333334, "parked": 0.24666666666666667, "on": 0.35, "side": 0.13333333333333333, "green": 0.38333333333333336, "pasture": 0.11666666666666667, "street": 0.05333333333333334, "horse": 0.02666666666666667, "tractor": 0.03, "in": 0.32666666666666666, "field": 0.45666666666666667, "grazing": 0.19333333333333333, "cows": 0.06, "grass": 0.03666666666666667, "train": 0.006666666666666667, "trees": 0.06666666666666667, "stop": 0.013333333333333334, "sign": 0.02666666666666667, "sitting": 0.02666666666666667, "middle": 0.023333333333333334, "forest": 0.03666666666666667, "past": 0.023333333333333334, "cattle": 0.04, "lush": 0.04666666666666667, "animals": 0.10666666666666667, "large": 0.10333333333333333, "two": 0.03333333333333333, "houses": 0.01, "truck": 0.03666666666666667, "distance": 0.01, "few": 0.006666666666666667, "next": 0.07, "standing": 0.06, "top": 0.043333333333333335, "dirt": 0.03666666666666667, "small": 0.01, "white": 0.016666666666666666, "front": 0.04666666666666667, "parking": 0.006666666666666667, "lot": 0.013333333333333334, "bench": 0.013333333333333334, "couple": 0.04, "cars": 0.03, "van": 0.0033333333333333335, "farm": 0.03666666666666667, "reads": 0.0033333333333333335, "\"hannah\"": 0.0033333333333333335, "dog": 0.01, "snow": 0.006666666666666667, "covered": 0.006666666666666667, "tree": 0.013333333333333334, "bunch": 0.006666666666666667, "bus": 0.0033333333333333335, "blue": 0.01, "building": 0.03333333333333333, "highway": 0.006666666666666667, "airplane": 0.006666666666666667, "person": 0.04666666666666667, "wooden": 0.006666666666666667, "fence": 0.02666666666666667, "driveway": 0.0033333333333333335, "park": 0.006666666666666667, "riding": 0.0033333333333333335, "passing": 0.01, "group": 0.013333333333333334, "house": 0.01, "background": 0.02666666666666667, "window": 0.0033333333333333335, "narrow": 0.0033333333333333335, "some": 0.013333333333333334, "cow": 0.0033333333333333335, "trail": 0.0033333333333333335, "taking": 0.01, "through": 0.0033333333333333335, "grassy": 0.0033333333333333335, "area": 0.0033333333333333335, "woods": 0.0033333333333333335, "benches": 0.0033333333333333335, "foreground": 0.0033333333333333335, "near": 0.01, "walking": 0.006666666666666667, "trailer": 0.0033333333333333335, "motorcycles": 0.006666666666666667, "goats": 0.006666666666666667, "yellow": 0.0033333333333333335, "flowers": 0.0033333333333333335, "people": 0.013333333333333334, "tracks": 0.0033333333333333335, "row": 0.0033333333333333335, "buildings": 0.0033333333333333335, "each": 0.0033333333333333335, "other": 0.0033333333333333335, "shrubs": 0.0033333333333333335, "sky": 0.0033333333333333335, "line": 0.0033333333333333335, "bridge": 0.0033333333333333335, "three": 0.0033333333333333335, "pictures": 0.0033333333333333335, "blur": 0.0033333333333333335, "town": 0.0033333333333333335, "several": 0.0033333333333333335, "plane": 0.0033333333333333335}