{"car": 0.3800000000000005, "person": 0.060000000000000005, "fire hydrant": 0.013333333333333334, "train": 0.013333333333333334, "truck": 0.05333333333333334, "umbrella": 0.006666666666666667, "bench": 0.006666666666666667, "boat": 0.01, "bird": 0.01, "cow": 0.030000000000000002, "kite": 0.0033333333333333335, "stop sign": 0.013333333333333334, "refrigerator": 0.01, "horse": 0.0033333333333333335, "sheep": 0.016666666666666666, "backpack": 0.0033333333333333335, "baseball bat": 0.0033333333333333335, "elephant": 0.0033333333333333335, "skateboard": 0.006666666666666667, "frisbee": 0.0033333333333333335, "bus": 0.0033333333333333335, "parking meter": 0.006666666666666667, "density": 0.66}