{"couple": 0.07, "animals": 0.28, "standing": 0.043333333333333335, "in": 0.21666666666666667, "grass": 0.03, "street": 0.16, "cars": 0.013333333333333334, "motorcycles": 0.02, "driving": 0.09666666666666666, "down": 0.14, "person": 0.01, "field": 0.20333333333333334, "herd": 0.19666666666666666, "sheep": 0.05, "white": 0.02, "building": 0.06, "gate": 0.0033333333333333335, "fence": 0.06333333333333334, "motorcycle": 0.2966666666666667, "parked": 0.32, "on": 0.47333333333333333, "dirt": 0.2733333333333333, "road": 0.5833333333333334, "truck": 0.08666666666666667, "green": 0.18333333333333332, "trees": 0.08333333333333333, "small": 0.05, "side": 0.20666666666666667, "car": 0.09333333333333334, "through": 0.0033333333333333335, "lush": 0.03, "forest": 0.04, "blurry": 0.04, "walking": 0.05333333333333334, "house": 0.013333333333333334, "lot": 0.03333333333333333, "some": 0.02666666666666667, "sitting": 0.013333333333333334, "top": 0.02666666666666667, "large": 0.056666666666666664, "bus": 0.0033333333333333335, "grazing": 0.09333333333333334, "bunch": 0.07, "bench": 0.01, "van": 0.01, "next": 0.056666666666666664, "zebras": 0.006666666666666667, "man": 0.0033333333333333335, "bike": 0.006666666666666667, "riding": 0.0033333333333333335, "past": 0.006666666666666667, "front": 0.043333333333333335, "elephants": 0.03, "both": 0.0033333333333333335, "sides": 0.0033333333333333335, "cows": 0.04666666666666667, "tree": 0.01, "sign": 0.006666666666666667, "reads": 0.006666666666666667, "\"nathaniel": 0.0033333333333333335, "crossing\"": 0.0033333333333333335, "": 0.36333333333333334, "background": 0.023333333333333334, "near": 0.01, "palm": 0.006666666666666667, "line": 0.016666666666666666, "village": 0.006666666666666667, "few": 0.0033333333333333335, "houses": 0.006666666666666667, "lined": 0.0033333333333333335, "pasture": 0.013333333333333334, "each": 0.0033333333333333335, "other": 0.0033333333333333335, "middle": 0.006666666666666667, "path": 0.0033333333333333335, "leading": 0.0033333333333333335, "an": 0.0033333333333333335, "animal": 0.0033333333333333335, "cattle": 0.02666666666666667, "farm": 0.006666666666666667, "cow": 0.0033333333333333335, "fire": 0.006666666666666667, "hydrant": 0.006666666666666667, "train": 0.0033333333333333335, "station": 0.0033333333333333335, "motor": 0.0033333333333333335, "drives": 0.0033333333333333335, "bushes": 0.01, "dog": 0.01, "two": 0.0033333333333333335, "planes": 0.0033333333333333335, "park": 0.01, "pile": 0.0033333333333333335, "rocks": 0.0033333333333333335, "hillside": 0.0033333333333333335, "horse": 0.016666666666666666, "long": 0.0033333333333333335, "chain": 0.0033333333333333335, "distance": 0.006666666666666667, "graffiti": 0.0033333333333333335, "covered": 0.0033333333333333335, "type": 0.0033333333333333335, "vegetation": 0.0033333333333333335, "tied": 0.0033333333333333335, "up": 0.0033333333333333335, "outside": 0.0033333333333333335, "wooden": 0.006666666666666667, "bikers": 0.0033333333333333335, "narrow": 0.0033333333333333335, "silver": 0.0033333333333333335, "group": 0.0033333333333333335, "filled": 0.0033333333333333335, "lots": 0.006666666666666667, "people": 0.0033333333333333335, "goats": 0.0033333333333333335, "motorbike": 0.0033333333333333335, "door": 0.0033333333333333335, "metal": 0.0033333333333333335, "blue": 0.0033333333333333335, "shrubs": 0.0033333333333333335, "\"nile\"": 0.0033333333333333335}