{"sheep": 0.01, "truck": 0.08999999999999996, "person": 0.19999999999999976, "fire hydrant": 0.0033333333333333335, "train": 0.04, "car": 0.05666666666666667, "motorcycle": 0.04, "cow": 0.01, "backpack": 0.01, "kite": 0.006666666666666667, "elephant": 0.0033333333333333335, "bench": 0.030000000000000002, "bird": 0.006666666666666667, "dog": 0.006666666666666667, "potted plant": 0.016666666666666666, "bear": 0.0033333333333333335, "airplane": 0.0033333333333333335, "giraffe": 0.02, "bicycle": 0.006666666666666667, "chair": 0.0033333333333333335, "bus": 0.02, "zebra": 0.0033333333333333335, "umbrella": 0.0033333333333333335, "boat": 0.0033333333333333335, "horse": 0.0033333333333333335, "stop sign": 0.0033333333333333335, "density": 0.6033333333333334}