{"road": 0.6666666666666666, "beach": 0.18, "tree": 0.03666666666666667, "in": 0.17333333333333334, "middle": 0.06, "field": 0.006666666666666667, "house": 0.31666666666666665, "located": 0.08, "woods": 0.006666666666666667, "temple": 0.27, "farm": 0.03, "building": 0.006666666666666667, "town": 0.01, "jungle": 0.04, "small": 0.01, "village": 0.013333333333333334, "man": 0.01, "was": 0.03, "arrested": 0.0033333333333333335, "after": 0.006666666666666667, "he": 0.0033333333333333335, "allegedly": 0.0033333333333333335, "drove": 0.0033333333333333335, "motorcycle": 0.006666666666666667, "through": 0.01, "residential": 0.0033333333333333335, "area": 0.023333333333333334, "forest": 0.02, "beautiful": 0.013333333333333334, "place": 0.01, "city": 0.013333333333333334, "from": 0.056666666666666664, "rides": 0.0033333333333333335, "his": 0.016666666666666666, "common": 0.006666666666666667, "sight": 0.006666666666666667, "property": 0.056666666666666664, "heart": 0.016666666666666666, "desert": 0.0033333333333333335, "countryside": 0.006666666666666667, "where": 0.07, "person": 0.08, "lived": 0.05333333333333334, "trees": 0.01, "garden": 0.02666666666666667, "entrance": 0.0033333333333333335, "parents": 0.01, "street": 0.01, "old": 0.0033333333333333335, "couple": 0.013333333333333334, "were": 0.013333333333333334, "seen": 0.006666666666666667, "walking": 0.006666666666666667, "down": 0.013333333333333334, "cut": 0.006666666666666667, "park": 0.0033333333333333335, "image": 0.016666666666666666, "#": 0.016666666666666666, "m": 0.016666666666666666, "center": 0.016666666666666666, "internet,": 0.006666666666666667, "air": 0.006666666666666667, "conditioning,": 0.006666666666666667, "parking": 0.013333333333333334, "born": 0.013333333333333334, "banana": 0.0033333333333333335, "plantation": 0.0033333333333333335, "region": 0.0033333333333333335, "suburb": 0.0033333333333333335, "car": 0.0033333333333333335, "driving": 0.0033333333333333335, "on": 0.0033333333333333335, "country": 0.0033333333333333335, "view": 0.006666666666666667, "top": 0.0033333333333333335, "hill": 0.0033333333333333335, "hotel": 0.01, "movie": 0.01, "her": 0.0033333333333333335, "found": 0.01, "mother": 0.006666666666666667, "lot": 0.006666666666666667, "site": 0.006666666666666667, "quarry": 0.0033333333333333335, "original": 0.0033333333333333335, "mine": 0.0033333333333333335, "neighborhood": 0.013333333333333334, "now": 0.006666666666666667, "closed": 0.0033333333333333335, "for": 0.006666666666666667, "season": 0.0033333333333333335, "ocean": 0.0033333333333333335, "just": 0.0033333333333333335, "short": 0.0033333333333333335, "walk": 0.0033333333333333335, "palm": 0.006666666666666667, "full": 0.0033333333333333335, "bloom": 0.0033333333333333335, "mountains": 0.0033333333333333335, "walks": 0.0033333333333333335, "streets": 0.0033333333333333335, "lined": 0.0033333333333333335, "growing": 0.0033333333333333335, "forced": 0.0033333333333333335, "leave": 0.0033333333333333335, "their": 0.0033333333333333335, "home": 0.0033333333333333335, "attack": 0.0033333333333333335, "sale": 0.0033333333333333335, "river": 0.0033333333333333335, "visit": 0.0033333333333333335, "person,": 0.0033333333333333335, "native": 0.0033333333333333335, "villa": 0.0033333333333333335}