{"chair": 0.07333333333333332, "dining table": 0.016666666666666666, "boat": 0.03666666666666667, "person": 0.13333333333333322, "car": 0.5733333333333338, "truck": 0.060000000000000005, "surfboard": 0.01, "bench": 0.13666666666666655, "traffic light": 0.0033333333333333335, "parking meter": 0.0033333333333333335, "stop sign": 0.0033333333333333335, "potted plant": 0.016666666666666666, "snowboard": 0.0033333333333333335, "skateboard": 0.0033333333333333335, "fire hydrant": 0.0033333333333333335, "train": 0.01, "motorcycle": 0.006666666666666667, "airplane": 0.006666666666666667, "umbrella": 0.04, "kite": 0.013333333333333334, "dog": 0.013333333333333334, "bed": 0.006666666666666667, "frisbee": 0.0033333333333333335, "bus": 0.0033333333333333335, "tv": 0.0033333333333333335, "remote": 0.0033333333333333335, "vase": 0.0033333333333333335, "refrigerator": 0.0033333333333333335, "toilet": 0.0033333333333333335, "book": 0.0033333333333333335, "bowl": 0.0033333333333333335, "bottle": 0.006666666666666667, "bird": 0.01, "cow": 0.013333333333333334, "baseball bat": 0.0033333333333333335, "density": 1.2366666666666666}