{"person": 0.20000000000000004, "umbrella": 0.07, "chair": 0.060000000000000005, "bench": 0.11999999999999998, "dining table": 0.01, "baseball bat": 0.01, "bed": 0.01, "surfboard": 0.02, "car": 0.5500000000000003, "truck": 0.08, "frisbee": 0.01, "motorcycle": 0.01, "airplane": 0.01, "potted plant": 0.04, "kite": 0.01, "parking meter": 0.01, "stop sign": 0.01, "boat": 0.08, "dog": 0.03, "snowboard": 0.01, "skateboard": 0.01, "cow": 0.04, "vase": 0.01, "density": 1.41}