{"road": 0.43333333333333335, "beach": 0.44666666666666666, "tree": 0.04666666666666667, "in": 0.20333333333333334, "middle": 0.03, "driveway": 0.02, "sign": 0.0033333333333333335, "for": 0.013333333333333334, "city": 0.02, "forest": 0.006666666666666667, "beautiful": 0.023333333333333334, "place": 0.013333333333333334, "jungle": 0.006666666666666667, "palm": 0.013333333333333334, "trees": 0.03333333333333333, "lined": 0.013333333333333334, "house": 0.3433333333333333, "located": 0.1, "neighborhood": 0.02666666666666667, "short": 0.08, "walk": 0.08, "from": 0.15666666666666668, "rock": 0.013333333333333334, "so": 0.02, "big,": 0.006666666666666667, "it's": 0.013333333333333334, "almost": 0.013333333333333334, "like": 0.016666666666666666, "giant": 0.006666666666666667, "property": 0.09666666666666666, "image": 0.06333333333333334, "#": 0.06333333333333334, "countryside": 0.0033333333333333335, "large": 0.006666666666666667, "swimming": 0.0033333333333333335, "pool": 0.016666666666666666, "morning": 0.0033333333333333335, "big": 0.0033333333333333335, "invisible": 0.0033333333333333335, "eye": 0.0033333333333333335, "path": 0.01, "fell": 0.0033333333333333335, "on": 0.02666666666666667, "my": 0.0033333333333333335, "car": 0.03333333333333333, "street": 0.01, "where": 0.03666666666666667, "i": 0.006666666666666667, "live": 0.0033333333333333335, "good": 0.0033333333333333335, "condition": 0.0033333333333333335, "luxury": 0.023333333333333334, "heart!": 0.0033333333333333335, "just": 0.05, "person": 0.06666666666666667, "lived": 0.023333333333333334, "her": 0.0033333333333333335, "parents": 0.01, "heart": 0.05333333333333334, "right": 0.01, "outside": 0.01, "farm": 0.01, "was": 0.02666666666666667, "stolen": 0.0033333333333333335, "home": 0.023333333333333334, "building": 0.013333333333333334, "hallway": 0.0033333333333333335, "leading": 0.0033333333333333335, "bedroom": 0.006666666666666667, "m": 0.04, "center": 0.04, "at": 0.016666666666666666, "hotel": 0.02, "lobby": 0.006666666666666667, "person,": 0.013333333333333334, "who": 0.01, "native": 0.0033333333333333335, "sea": 0.006666666666666667, "only": 0.0033333333333333335, "you": 0.0033333333333333335, "can": 0.0033333333333333335, "see": 0.0033333333333333335, "coast": 0.006666666666666667, "most": 0.0033333333333333335, "places": 0.0033333333333333335, "world": 0.0033333333333333335, "view": 0.013333333333333334, "dog": 0.0033333333333333335, "park": 0.04, "front": 0.02666666666666667, "bathroom": 0.006666666666666667, "small": 0.006666666666666667, "village": 0.006666666666666667, "end": 0.01, "backyard": 0.0033333333333333335, "drives": 0.0033333333333333335, "down": 0.006666666666666667, "living": 0.0033333333333333335, "room": 0.0033333333333333335, "tv": 0.0033333333333333335, "computer": 0.0033333333333333335, "ruins": 0.0033333333333333335, "church": 0.0033333333333333335, "villa": 0.006666666666666667, "table": 0.0033333333333333335, "found": 0.013333333333333334, "woods": 0.0033333333333333335, "landscape": 0.0033333333333333335, "mixture": 0.0033333333333333335, "dry": 0.006666666666666667, "his": 0.006666666666666667, "temple": 0.006666666666666667, "garden": 0.01, "full": 0.006666666666666667, "plants": 0.0033333333333333335, "parking": 0.016666666666666666, "lot": 0.01, "bit": 0.0033333333333333335, "mess": 0.0033333333333333335, "market": 0.006666666666666667, "\u00a3": 0.006666666666666667, "1": 0.006666666666666667, "movie": 0.006666666666666667, "main": 0.0033333333333333335, "mix": 0.0033333333333333335, "old": 0.006666666666666667, "new": 0.0033333333333333335, "spend": 0.0033333333333333335, "day": 0.0033333333333333335, "poolside": 0.006666666666666667, "apartment": 0.006666666666666667, "roots": 0.0033333333333333335, "very": 0.0033333333333333335, "thick": 0.0033333333333333335, "strong": 0.0033333333333333335, "area": 0.006666666666666667, "pond": 0.0033333333333333335, "closed": 0.0033333333333333335, "weekend": 0.0033333333333333335, "parked": 0.0033333333333333335, "deck": 0.0033333333333333335, "couple": 0.006666666666666667, "were": 0.006666666666666667, "this": 0.006666666666666667, "owner": 0.0033333333333333335, "man": 0.006666666666666667, "arrested": 0.0033333333333333335, "after": 0.0033333333333333335, "he": 0.0033333333333333335, "reportedly": 0.0033333333333333335, "ran": 0.0033333333333333335, "over": 0.0033333333333333335, "struck": 0.0033333333333333335, "shot": 0.006666666666666667, "resort": 0.0033333333333333335, "bloom": 0.0033333333333333335, "water": 0.0033333333333333335, "clear": 0.0033333333333333335, "looks": 0.006666666666666667, "melting": 0.0033333333333333335, "into": 0.0033333333333333335, "trail": 0.0033333333333333335, "cut": 0.0033333333333333335, "through": 0.0033333333333333335, "been": 0.0033333333333333335, "there": 0.0033333333333333335, "forever": 0.0033333333333333335, "intersection": 0.006666666666666667, "busy": 0.0033333333333333335, "cliffs": 0.0033333333333333335, "steep": 0.0033333333333333335, "they": 0.0033333333333333335, "waterfall": 0.0033333333333333335, "your": 0.0033333333333333335, "door!": 0.0033333333333333335, "couple's": 0.0033333333333333335, "entrance": 0.0033333333333333335, "surrounded": 0.0033333333333333335, "seen": 0.0033333333333333335, "walking": 0.0033333333333333335, "internet,": 0.006666666666666667, "air": 0.006666666666666667, "conditioning,": 0.006666666666666667, "rocks": 0.0033333333333333335, "beautiful,": 0.0033333333333333335, "they're": 0.0033333333333333335, "mirror": 0.0033333333333333335, "200m": 0.0033333333333333335, "formation": 0.0033333333333333335, "region": 0.0033333333333333335, "mountains": 0.0033333333333333335, "saw": 0.0033333333333333335}