{"boat": 0.07666666666666665, "person": 0.07333333333333332, "car": 0.31666666666666676, "sheep": 0.06999999999999999, "cow": 0.03333333333333333, "train": 0.023333333333333334, "bench": 0.03333333333333333, "horse": 0.013333333333333334, "truck": 0.07333333333333332, "bus": 0.013333333333333334, "kite": 0.02, "bicycle": 0.0033333333333333335, "airplane": 0.01, "frisbee": 0.0033333333333333335, "surfboard": 0.0033333333333333335, "backpack": 0.0033333333333333335, "potted plant": 0.0033333333333333335, "motorcycle": 0.006666666666666667, "bird": 0.006666666666666667, "clock": 0.0033333333333333335, "density": 0.79}