{"cow": 0.07, "sheep": 0.07, "horse": 0.04, "car": 0.3100000000000001, "truck": 0.08, "bench": 0.05, "person": 0.09999999999999999, "boat": 0.11999999999999998, "bus": 0.01, "train": 0.02, "airplane": 0.01, "kite": 0.03, "bicycle": 0.01, "density": 0.92}