{"house": 0.12333333333333334, "in": 0.06666666666666667, "mountains": 0.24, "road": 0.6333333333333333, "top": 0.15, "person": 0.05333333333333334, "distance,": 0.0033333333333333335, "looking": 0.006666666666666667, "at": 0.02666666666666667, "from": 0.13, "sea": 0.04, "view": 0.10333333333333333, "beach": 0.05, "light": 0.0033333333333333335, "room": 0.0033333333333333335, "rock": 0.01, "bit": 0.0033333333333333335, "too": 0.0033333333333333335, "high": 0.0033333333333333335, "for": 0.01, "me": 0.0033333333333333335, "climb": 0.0033333333333333335, "mountains,": 0.0033333333333333335, "valley": 0.023333333333333334, "city": 0.08333333333333333, "on": 0.04666666666666667, "island": 0.0033333333333333335, "closed": 0.006666666666666667, "traffic": 0.006666666666666667, "night": 0.006666666666666667, "sky": 0.01, "over": 0.01, "small": 0.04666666666666667, "village": 0.04666666666666667, "town": 0.03333333333333333, "sign": 0.006666666666666667, "side": 0.013333333333333334, "lake": 0.023333333333333334, "where": 0.03, "was": 0.023333333333333334, "found": 0.016666666666666666, "located": 0.03, "coast": 0.02, "summit": 0.03666666666666667, "moon": 0.023333333333333334, "end": 0.01, "red": 0.0033333333333333335, "barn": 0.0033333333333333335, "middle": 0.016666666666666666, "nowhere": 0.0033333333333333335, "outside": 0.006666666666666667, "car": 0.023333333333333334, "park": 0.016666666666666666, "dark": 0.013333333333333334, "wallpaper": 0.0033333333333333335, "background": 0.006666666666666667, "called": 0.0033333333333333335, "gods": 0.006666666666666667, "trip": 0.0033333333333333335, "through": 0.013333333333333334, "mountain": 0.01, "range": 0.01, "sun": 0.006666666666666667, "sets": 0.006666666666666667, "cave": 0.01, "way": 0.0033333333333333335, "hill": 0.006666666666666667, "lived": 0.006666666666666667, "field": 0.006666666666666667, "waterfall": 0.0033333333333333335, "forest": 0.0033333333333333335, "future": 0.0033333333333333335, "border": 0.0033333333333333335, "entrance": 0.0033333333333333335, "quarry": 0.0033333333333333335, "world's": 0.0033333333333333335, "largest": 0.0033333333333333335, "collection": 0.0033333333333333335, "hobbie": 0.0033333333333333335, "decoration": 0.0033333333333333335, "ideas": 0.0033333333333333335, "hell,": 0.0033333333333333335, "hotel": 0.01, "beautiful": 0.0033333333333333335, "place": 0.0033333333333333335, "movie": 0.0033333333333333335, "harbour": 0.006666666666666667, "pier": 0.0033333333333333335, "market": 0.006666666666666667, "\u00a3": 0.006666666666666667, "1": 0.006666666666666667, "landscape": 0.016666666666666666, "around": 0.0033333333333333335, "ruins": 0.0033333333333333335, "church": 0.0033333333333333335, "walking": 0.006666666666666667, "edge": 0.0033333333333333335, "cliff": 0.0033333333333333335, "farm": 0.013333333333333334, "region": 0.01, "site": 0.01, "original": 0.01, "mine": 0.01, "born": 0.006666666666666667, "his": 0.0033333333333333335, "mother": 0.0033333333333333335, "thought": 0.0033333333333333335, "have": 0.0033333333333333335, "been": 0.0033333333333333335, "made": 0.0033333333333333335, "long,": 0.006666666666666667, "winding": 0.006666666666666667, "building": 0.006666666666666667, "distance": 0.0033333333333333335, "formation": 0.0033333333333333335, "water": 0.006666666666666667, "heart": 0.0033333333333333335, "limit": 0.0033333333333333335, "cliffs": 0.006666666666666667, "so": 0.006666666666666667, "steep": 0.0033333333333333335, "they": 0.0033333333333333335, "almost": 0.0033333333333333335, "like": 0.0033333333333333335, "giant": 0.0033333333333333335, "labyrinth": 0.0033333333333333335, "steep,": 0.0033333333333333335, "you": 0.0033333333333333335, "can": 0.0033333333333333335, "barely": 0.0033333333333333335, "see": 0.0033333333333333335, "ocean": 0.006666666666666667, "property": 0.0033333333333333335, "image": 0.0033333333333333335, "#": 0.0033333333333333335, "cottage": 0.0033333333333333335, "facing": 0.0033333333333333335, "north": 0.0033333333333333335, "river": 0.0033333333333333335, "flows": 0.0033333333333333335, "seen": 0.0033333333333333335, "this": 0.0033333333333333335, "driving": 0.0033333333333333335, "along": 0.0033333333333333335, "man": 0.0033333333333333335, "airport": 0.0033333333333333335}