{"car": 0.5800000000000004, "sheep": 0.07400000000000005, "truck": 0.09600000000000007, "person": 0.04800000000000003, "train": 0.020000000000000004, "bench": 0.02800000000000001, "fire hydrant": 0.01, "bird": 0.006, "kite": 0.020000000000000004, "cow": 0.04600000000000003, "giraffe": 0.002, "motorcycle": 0.006, "potted plant": 0.024000000000000007, "bicycle": 0.004, "stop sign": 0.004, "parking meter": 0.002, "bus": 0.014, "surfboard": 0.004, "dining table": 0.002, "chair": 0.01, "boat": 0.01, "airplane": 0.002, "traffic light": 0.002, "skateboard": 0.002, "clock": 0.004, "density": 1.02}