{"giraffe": 0.0033333333333333335, "car": 0.6666666666666662, "bench": 0.02666666666666667, "sheep": 0.07666666666666665, "truck": 0.07999999999999997, "cow": 0.03666666666666667, "person": 0.06666666666666667, "bus": 0.016666666666666666, "train": 0.023333333333333334, "clock": 0.006666666666666667, "boat": 0.016666666666666666, "kite": 0.03333333333333333, "potted plant": 0.030000000000000002, "motorcycle": 0.01, "traffic light": 0.0033333333333333335, "skateboard": 0.0033333333333333335, "chair": 0.016666666666666666, "fire hydrant": 0.006666666666666667, "surfboard": 0.0033333333333333335, "dining table": 0.0033333333333333335, "bicycle": 0.0033333333333333335, "stop sign": 0.006666666666666667, "parking meter": 0.0033333333333333335, "bird": 0.006666666666666667, "density": 3.3823529411764706}