{"car": 0.5000000000000003, "train": 0.030000000000000002, "truck": 0.08, "bird": 0.005, "giraffe": 0.005, "sheep": 0.049999999999999996, "cow": 0.049999999999999996, "surfboard": 0.01, "potted plant": 0.045, "motorcycle": 0.01, "person": 0.04, "bench": 0.025, "kite": 0.015, "stop sign": 0.005, "parking meter": 0.005, "bus": 0.02, "clock": 0.005, "chair": 0.02, "density": 0.92}