{"car": 0.5799999999999986, "truck": 0.10750000000000005, "cow": 0.05000000000000001, "bench": 0.024999999999999998, "stop sign": 0.005, "person": 0.057500000000000016, "kite": 0.0175, "sheep": 0.08750000000000004, "surfboard": 0.0025, "bus": 0.0175, "bicycle": 0.005, "potted plant": 0.015000000000000001, "train": 0.0225, "fire hydrant": 0.0125, "boat": 0.01, "motorcycle": 0.0075, "airplane": 0.0025, "traffic light": 0.0025, "clock": 0.005, "chair": 0.01, "giraffe": 0.0025, "parking meter": 0.0025, "bird": 0.005, "skateboard": 0.0025, "density": 1.055}