{"car": 0.5133333333333344, "bird": 0.01, "truck": 0.08666666666666663, "bus": 0.006666666666666667, "sheep": 0.0833333333333333, "bench": 0.04, "person": 0.030000000000000002, "potted plant": 0.03333333333333333, "fire hydrant": 0.013333333333333334, "motorcycle": 0.006666666666666667, "cow": 0.043333333333333335, "surfboard": 0.006666666666666667, "traffic light": 0.0033333333333333335, "train": 0.02, "stop sign": 0.0033333333333333335, "kite": 0.016666666666666666, "boat": 0.006666666666666667, "giraffe": 0.0033333333333333335, "dining table": 0.0033333333333333335, "chair": 0.0033333333333333335, "bicycle": 0.0033333333333333335, "airplane": 0.0033333333333333335, "skateboard": 0.0033333333333333335, "density": 0.9433333333333334}