{"road": 0.5533333333333333, "house": 0.25, "field": 0.02, "wheat": 0.013333333333333334, "in": 0.20666666666666667, "countryside": 0.06666666666666667, "view": 0.05333333333333334, "from": 0.05333333333333334, "car": 0.18, "park": 0.11333333333333333, "short": 0.006666666666666667, "walk": 0.006666666666666667, "through": 0.03, "junction": 0.01, "castle": 0.043333333333333335, "where": 0.09666666666666666, "person": 0.10666666666666667, "lived": 0.04, "his": 0.02, "mother": 0.013333333333333334, "farm": 0.16333333333333333, "was": 0.15, "attacked": 0.05, "pictured": 0.02, "property": 0.05333333333333334, "on": 0.06666666666666667, "market": 0.02, "for": 0.043333333333333335, "\u00a3": 0.023333333333333334, "1": 0.02, "parked": 0.02666666666666667, "located": 0.043333333333333335, "village": 0.03333333333333333, "mountains": 0.0033333333333333335, "site": 0.013333333333333334, "former": 0.01, "factory": 0.006666666666666667, "original": 0.0033333333333333335, "city": 0.02666666666666667, "tree": 0.02, "woods": 0.006666666666666667, "closed": 0.023333333333333334, "weekend": 0.01, "now": 0.01, "season": 0.0033333333333333335, "couple": 0.02666666666666667, "were": 0.02666666666666667, "found": 0.056666666666666664, "passerby": 0.01, "bedroom": 0.0033333333333333335, "flat": 0.0033333333333333335, "traffic": 0.006666666666666667, "movie": 0.0033333333333333335, "popular": 0.006666666666666667, "spot": 0.0033333333333333335, "families": 0.0033333333333333335, "their": 0.01, "cars": 0.0033333333333333335, "garden": 0.016666666666666666, "her": 0.006666666666666667, "parents": 0.01, "spotted": 0.02, "middle": 0.04, "person,": 0.013333333333333334, "man": 0.016666666666666666, "who": 0.006666666666666667, "lives": 0.006666666666666667, "top": 0.006666666666666667, "pub": 0.03333333333333333, "beautiful": 0.023333333333333334, "place": 0.016666666666666666, "visit": 0.006666666666666667, "forest": 0.02, "set": 0.02, "acres": 0.02, "woodland": 0.016666666666666666, "beach": 0.013333333333333334, "surrounded": 0.0033333333333333335, "large": 0.006666666666666667, "hedge": 0.006666666666666667, "area": 0.016666666666666666, "lined": 0.01, "trees": 0.023333333333333334, "fields": 0.006666666666666667, "grave": 0.0033333333333333335, "farmer": 0.0033333333333333335, "several": 0.0033333333333333335, "hours": 0.0033333333333333335, "region": 0.006666666666666667, "quiet": 0.006666666666666667, "street": 0.013333333333333334, "farmhouse": 0.006666666666666667, "so": 0.0033333333333333335, "summer": 0.01, "dog": 0.0033333333333333335, "fined": 0.0033333333333333335, "1,000": 0.0033333333333333335, "driving": 0.0033333333333333335, "born": 0.0033333333333333335, "cut": 0.0033333333333333335, "down": 0.0033333333333333335, "at": 0.016666666666666666, "leading": 0.0033333333333333335, "coast": 0.0033333333333333335, "neighborhood": 0.0033333333333333335, "small": 0.0033333333333333335, "town": 0.0033333333333333335, "forced": 0.0033333333333333335, "move": 0.0033333333333333335, "out": 0.0033333333333333335, "home": 0.01, "after": 0.0033333333333333335, "told": 0.0033333333333333335, "they": 0.0033333333333333335, "would": 0.0033333333333333335, "be": 0.0033333333333333335, "evicted": 0.0033333333333333335, "seen": 0.0033333333333333335, "walking": 0.0033333333333333335, "way": 0.0033333333333333335, "wedding": 0.0033333333333333335, "land": 0.0033333333333333335, "image": 0.0033333333333333335, "#": 0.0033333333333333335, "swimming": 0.0033333333333333335, "pool": 0.0033333333333333335, "building": 0.0033333333333333335, "corner": 0.0033333333333333335, "landscape": 0.01, "used": 0.0033333333333333335, "attack": 0.0033333333333333335, "sunny": 0.0033333333333333335, "day": 0.006666666666666667, "good": 0.0033333333333333335, "condition": 0.0033333333333333335, "this": 0.0033333333333333335, "country": 0.0033333333333333335, "grass": 0.0033333333333333335, "greener": 0.0033333333333333335, "other": 0.0033333333333333335, "side": 0.0033333333333333335, "estate": 0.0033333333333333335, "trip": 0.0033333333333333335, "lake": 0.0033333333333333335, "tourist": 0.0033333333333333335, "destination": 0.0033333333333333335, "sun": 0.0033333333333333335, "shines": 0.0033333333333333335, "shrubs": 0.0033333333333333335, "detached": 0.0033333333333333335, "garage": 0.0033333333333333335, "couple's": 0.0033333333333333335, "long": 0.0033333333333333335, "one": 0.0033333333333333335, "spend": 0.0033333333333333335, "border": 0.0033333333333333335}