{"car": 0.7766666666666651, "truck": 0.05666666666666667, "person": 0.23999999999999969, "skateboard": 0.02, "chair": 0.02, "potted plant": 0.023333333333333334, "motorcycle": 0.08666666666666663, "bird": 0.01, "fire hydrant": 0.013333333333333334, "bench": 0.030000000000000002, "train": 0.013333333333333334, "boat": 0.06999999999999999, "surfboard": 0.0033333333333333335, "toilet": 0.0033333333333333335, "sink": 0.0033333333333333335, "stop sign": 0.013333333333333334, "backpack": 0.0033333333333333335, "parking meter": 0.006666666666666667, "bus": 0.0033333333333333335, "traffic light": 0.006666666666666667, "giraffe": 0.0033333333333333335, "kite": 0.01, "skis": 0.0033333333333333335, "umbrella": 0.02, "density": 1.44}