{"person": 0.19000000000000003, "car": 0.7600000000000005, "umbrella": 0.060000000000000005, "chair": 0.02, "skateboard": 0.02, "stop sign": 0.01, "truck": 0.07, "kite": 0.02, "fire hydrant": 0.02, "motorcycle": 0.03, "backpack": 0.01, "bench": 0.01, "boat": 0.01, "density": 1.23}