{"road": 0.39, "castle": 0.02, "beach": 0.2833333333333333, "property": 0.04, "located": 0.12666666666666668, "in": 0.2, "heart": 0.06333333333333334, "house": 0.26666666666666666, "area": 0.02, "walls": 0.006666666666666667, "old": 0.01, "most": 0.0033333333333333335, "beautiful": 0.02666666666666667, "places": 0.0033333333333333335, "world": 0.0033333333333333335, "home": 0.06333333333333334, "person,": 0.03333333333333333, "who": 0.03333333333333333, "accused": 0.006666666666666667, "stealing": 0.006666666666666667, "car": 0.043333333333333335, "hotel": 0.023333333333333334, "building": 0.016666666666666666, "city": 0.05, "short": 0.03666666666666667, "walk": 0.04, "from": 0.08, "temple": 0.016666666666666666, "park": 0.05, "image": 0.02, "#": 0.016666666666666666, "luxury": 0.006666666666666667, "bedroom": 0.006666666666666667, "200m": 0.0033333333333333335, "this": 0.013333333333333334, "i": 0.006666666666666667, "grew": 0.0033333333333333335, "up": 0.0033333333333333335, "gate": 0.0033333333333333335, "trip": 0.0033333333333333335, "through": 0.0033333333333333335, "desert": 0.0033333333333333335, "man": 0.02, "was": 0.1, "arrested": 0.01, "after": 0.01, "he": 0.01, "reportedly": 0.01, "ran": 0.01, "over": 0.02, "front": 0.01, "door": 0.0033333333333333335, "master": 0.0033333333333333335, "neighborhood": 0.03, "shot": 0.01, "killed": 0.0033333333333333335, "tree": 0.08333333333333333, "cut": 0.006666666666666667, "down": 0.016666666666666666, "backyard": 0.006666666666666667, "fell": 0.013333333333333334, "on": 0.04666666666666667, "my": 0.013333333333333334, "trees": 0.02666666666666667, "growing": 0.0033333333333333335, "garden": 0.016666666666666666, "future": 0.0033333333333333335, "found": 0.03333333333333333, "middle": 0.03333333333333333, "quiet": 0.0033333333333333335, "street": 0.03333333333333333, "movie": 0.01, "where": 0.06666666666666667, "person": 0.08333333333333333, "born": 0.01, "just": 0.02, "our": 0.006666666666666667, "woman": 0.006666666666666667, "along": 0.0033333333333333335, "sidewalk": 0.0033333333333333335, "lined": 0.02666666666666667, "actor": 0.0033333333333333335, "island": 0.0033333333333333335, "woods": 0.0033333333333333335, "wall": 0.01, "couple's": 0.006666666666666667, "market": 0.013333333333333334, "for": 0.023333333333333334, "$1": 0.006666666666666667, "golf": 0.01, "course": 0.01, "boat": 0.016666666666666666, "spotted": 0.013333333333333334, "off": 0.01, "coast": 0.01, "hit": 0.0033333333333333335, "head": 0.0033333333333333335, "large": 0.006666666666666667, "built": 0.006666666666666667, "lived": 0.03333333333333333, "water": 0.01, "m": 0.01, "center": 0.01, "internet,": 0.006666666666666667, "air": 0.006666666666666667, "conditioning,": 0.006666666666666667, "parking": 0.006666666666666667, "view": 0.016666666666666666, "top": 0.0033333333333333335, "hill": 0.0033333333333333335, "now": 0.02, "living": 0.01, "bridge": 0.01, "river": 0.013333333333333334, "right": 0.0033333333333333335, "outside": 0.01, "your": 0.0033333333333333335, "door!": 0.0033333333333333335, "plant": 0.0033333333333333335, "looks": 0.006666666666666667, "like": 0.01, "palm": 0.006666666666666667, "couple": 0.013333333333333334, "were": 0.013333333333333334, "seen": 0.013333333333333334, "walking": 0.01, "driveway": 0.006666666666666667, "parked": 0.006666666666666667, "rock": 0.0033333333333333335, "so": 0.01, "big,": 0.0033333333333333335, "it's": 0.01, "almost": 0.006666666666666667, "giant": 0.0033333333333333335, "his": 0.01, "mother": 0.006666666666666667, "site": 0.0033333333333333335, "proposed": 0.0033333333333333335, "new": 0.0033333333333333335, "wide": 0.0033333333333333335, "invisible": 0.0033333333333333335, "eye": 0.0033333333333333335, "closed": 0.0033333333333333335, "several": 0.0033333333333333335, "hours": 0.0033333333333333335, "her": 0.006666666666666667, "parents": 0.006666666666666667, "at": 0.01, "end": 0.0033333333333333335, "airport": 0.006666666666666667, "$4": 0.006666666666666667, "centre": 0.0033333333333333335, "popular": 0.006666666666666667, "wife,": 0.0033333333333333335, "small": 0.0033333333333333335, "town": 0.01, "jungle": 0.0033333333333333335, "place": 0.01, "clear": 0.0033333333333333335, "melting": 0.0033333333333333335, "full": 0.006666666666666667, "plants": 0.0033333333333333335, "very": 0.006666666666666667, "one": 0.0033333333333333335, "attacked": 0.0033333333333333335, "suburb": 0.0033333333333333335, "forest": 0.01, "streets": 0.006666666666666667, "shops": 0.0033333333333333335, "restaurants": 0.0033333333333333335, "apartment": 0.0033333333333333335, "complex": 0.0033333333333333335, "resort": 0.0033333333333333335, "taken": 0.0033333333333333335, "hospital": 0.0033333333333333335, "serious": 0.0033333333333333335, "condition": 0.0033333333333333335, "hallway": 0.0033333333333333335, "leading": 0.0033333333333333335, "second": 0.0033333333333333335, "floor": 0.0033333333333333335, "main": 0.0033333333333333335, "visit": 0.006666666666666667, "destination": 0.0033333333333333335, "tourists": 0.0033333333333333335, "eastern": 0.0033333333333333335, "shore": 0.0033333333333333335, "villa": 0.0033333333333333335, "sea": 0.0033333333333333335, "rocks": 0.0033333333333333335, "level": 0.0033333333333333335, "low": 0.0033333333333333335, "entrance": 0.0033333333333333335, "planted": 0.0033333333333333335, "common": 0.0033333333333333335, "sight": 0.0033333333333333335, "undated": 0.0033333333333333335, "live": 0.0033333333333333335, "gardens": 0.0033333333333333335, "flowers": 0.0033333333333333335, "trail": 0.0033333333333333335, "bit": 0.0033333333333333335, "muddy,": 0.0033333333333333335, "but": 0.0033333333333333335, "still": 0.0033333333333333335, "pretty": 0.0033333333333333335, "balcony": 0.0033333333333333335}