{"green": 0.18333333333333332, "pasture": 0.03, "pile": 0.013333333333333334, "grass": 0.03, "street": 0.22, "fence": 0.043333333333333335, "herd": 0.09333333333333334, "animals": 0.06333333333333334, "car": 0.16333333333333333, "driving": 0.11, "down": 0.11, "past": 0.013333333333333334, "cows": 0.03666666666666667, "motorcycle": 0.37666666666666665, "parked": 0.39, "on": 0.45, "side": 0.25333333333333335, "road": 0.39666666666666667, "tree": 0.016666666666666666, "in": 0.26666666666666666, "middle": 0.04666666666666667, "grassy": 0.013333333333333334, "area": 0.013333333333333334, "scene": 0.013333333333333334, "cat": 0.013333333333333334, "some": 0.013333333333333334, "boat": 0.06, "docked": 0.013333333333333334, "water": 0.05, "near": 0.043333333333333335, "mountain": 0.016666666666666666, "cattle": 0.01, "large": 0.11, "field": 0.15333333333333332, "blue": 0.016666666666666666, "sign": 0.03666666666666667, "bench": 0.04, "sitting": 0.07333333333333333, "forest": 0.04666666666666667, "lots": 0.0033333333333333335, "plants": 0.0033333333333333335, "person": 0.04, "dirt": 0.02, "van": 0.03, "bunch": 0.03333333333333333, "grazing": 0.03, "park": 0.01, "trees": 0.06666666666666667, "shrubs": 0.0033333333333333335, "line": 0.01, "boats": 0.01, "shore": 0.0033333333333333335, "next": 0.07666666666666666, "sheep": 0.023333333333333334, "view": 0.0033333333333333335, "beach": 0.04, "cars": 0.08333333333333333, "blurry": 0.016666666666666666, "walking": 0.0033333333333333335, "dog": 0.03333333333333333, "top": 0.03666666666666667, "metal": 0.006666666666666667, "path": 0.0033333333333333335, "lush": 0.03, "long": 0.0033333333333333335, "horse": 0.016666666666666666, "runway": 0.0033333333333333335, "two": 0.013333333333333334, "dogs": 0.0033333333333333335, "standing": 0.03666666666666667, "background": 0.01, "bushes": 0.02, "rocky": 0.01, "cliff": 0.0033333333333333335, "front": 0.07, "hallway": 0.0033333333333333335, "walkway": 0.0033333333333333335, "lot": 0.04666666666666667, "wooden": 0.0033333333333333335, "structure": 0.0033333333333333335, "fire": 0.013333333333333334, "hydrant": 0.013333333333333334, "truck": 0.04, "motorcycles": 0.04, "each": 0.0033333333333333335, "other": 0.0033333333333333335, "riding": 0.006666666666666667, "white": 0.07333333333333333, "building": 0.07, "hillside": 0.006666666666666667, "man": 0.01, "house": 0.013333333333333334, "factory": 0.0033333333333333335, "stop": 0.023333333333333334, "distance": 0.013333333333333334, "ground": 0.0033333333333333335, "wall": 0.016666666666666666, "tall": 0.0033333333333333335, "small": 0.01, "covered": 0.0033333333333333335, "few": 0.0033333333333333335, "moped": 0.0033333333333333335, "highway": 0.0033333333333333335, "train": 0.0033333333333333335, "going": 0.0033333333333333335, "at": 0.006666666666666667, "pier": 0.006666666666666667, "roof": 0.006666666666666667, "jetliner": 0.0033333333333333335, "frisbee": 0.0033333333333333335, "foreground": 0.0033333333333333335, "rock": 0.0033333333333333335, "": 0.17666666666666667, "parking": 0.013333333333333334, "birds": 0.0033333333333333335, "palm": 0.0033333333333333335, "couple": 0.006666666666666667, "cats": 0.0033333333333333335, "stone": 0.013333333333333334, "body": 0.016666666666666666, "yellow": 0.0033333333333333335, "sand": 0.0033333333333333335, "lawn": 0.0033333333333333335, "plane": 0.006666666666666667, "flying": 0.0033333333333333335, "over": 0.0033333333333333335, "people": 0.01, "city": 0.0033333333333333335, "statue": 0.0033333333333333335, "lined": 0.0033333333333333335, "statues": 0.0033333333333333335, "elephants": 0.006666666666666667, "gravel": 0.0033333333333333335, "ocean": 0.0033333333333333335, "behind": 0.0033333333333333335, "shrubbery": 0.0033333333333333335, "black": 0.0033333333333333335, "through": 0.0033333333333333335, "reads": 0.0033333333333333335, "\"the": 0.0033333333333333335, "gate": 0.0033333333333333335, "sea\"": 0.0033333333333333335, "animal": 0.0033333333333333335, "filled": 0.0033333333333333335, "floating": 0.006666666666666667, "bathroom": 0.0033333333333333335, "mirror": 0.0033333333333333335, "sink": 0.0033333333333333335, "seen": 0.0033333333333333335, "taking": 0.0033333333333333335, "airplanes": 0.0033333333333333335}