{"person": 0.16, "car": 0.8200000000000005, "stop sign": 0.060000000000000005, "train": 0.04, "chair": 0.04, "tv": 0.04, "clock": 0.01, "bench": 0.07, "toilet": 0.01, "boat": 0.04, "dining table": 0.02, "truck": 0.05, "bus": 0.01, "bottle": 0.02, "parking meter": 0.01, "potted plant": 0.04, "refrigerator": 0.02, "bicycle": 0.02, "airplane": 0.01, "density": 1.49}