{"car": 0.9499999999999966, "person": 0.1199999999999999, "train": 0.03666666666666667, "truck": 0.07333333333333332, "bus": 0.02666666666666667, "dog": 0.0033333333333333335, "stop sign": 0.05, "chair": 0.08666666666666663, "potted plant": 0.05, "umbrella": 0.016666666666666666, "dining table": 0.013333333333333334, "toilet": 0.01, "refrigerator": 0.01, "cup": 0.0033333333333333335, "frisbee": 0.0033333333333333335, "bottle": 0.006666666666666667, "tv": 0.02, "couch": 0.006666666666666667, "boat": 0.02, "bicycle": 0.02, "bench": 0.08999999999999996, "bird": 0.0033333333333333335, "clock": 0.02, "bed": 0.0033333333333333335, "parking meter": 0.01, "traffic light": 0.04, "sink": 0.0033333333333333335, "kite": 0.006666666666666667, "motorcycle": 0.006666666666666667, "sheep": 0.0033333333333333335, "cow": 0.01, "teddy bear": 0.0033333333333333335, "airplane": 0.0033333333333333335, "fire hydrant": 0.0033333333333333335, "skateboard": 0.0033333333333333335, "density": 1.7366666666666666}