{"car": 0.19000000000000003, "person": 0.20000000000000004, "bird": 0.02, "umbrella": 0.01, "truck": 0.07, "motorcycle": 0.03, "bench": 0.03, "bus": 0.01, "giraffe": 0.01, "fire hydrant": 0.01, "density": 0.58}