{"person": 0.2600000000000002, "truck": 0.07800000000000006, "car": 0.3080000000000002, "bench": 0.07400000000000005, "train": 0.014, "bird": 0.022000000000000006, "cow": 0.008, "stop sign": 0.01, "kite": 0.006, "boat": 0.024000000000000007, "bicycle": 0.014, "fire hydrant": 0.012, "traffic light": 0.004, "bus": 0.004, "umbrella": 0.002, "cat": 0.002, "zebra": 0.004, "motorcycle": 0.03800000000000002, "sheep": 0.018000000000000002, "dog": 0.004, "chair": 0.006, "backpack": 0.004, "surfboard": 0.002, "baseball bat": 0.002, "parking meter": 0.002, "snowboard": 0.002, "skis": 0.002, "potted plant": 0.002, "frisbee": 0.004, "hot dog": 0.002, "giraffe": 0.002, "density": 0.936}