{"car": 0.32500000000000023, "truck": 0.08500000000000003, "person": 0.23750000000000016, "stop sign": 0.01, "potted plant": 0.0025, "boat": 0.0225, "fire hydrant": 0.0125, "bench": 0.08250000000000003, "train": 0.0175, "bird": 0.024999999999999998, "motorcycle": 0.034999999999999996, "traffic light": 0.005, "dog": 0.005, "sheep": 0.0225, "bicycle": 0.0125, "cow": 0.0075, "bus": 0.0025, "snowboard": 0.0025, "skis": 0.0025, "zebra": 0.005, "frisbee": 0.0025, "kite": 0.005, "chair": 0.0025, "surfboard": 0.0025, "hot dog": 0.0025, "parking meter": 0.0025, "density": 0.9375}