{"person": 0.27000000000000013, "truck": 0.06999999999999999, "car": 0.3600000000000002, "bicycle": 0.02, "bench": 0.05999999999999999, "potted plant": 0.005, "bird": 0.035, "boat": 0.01, "stop sign": 0.01, "zebra": 0.01, "sheep": 0.04, "motorcycle": 0.04, "cow": 0.01, "surfboard": 0.005, "kite": 0.015, "train": 0.01, "chair": 0.01, "umbrella": 0.005, "cat": 0.005, "giraffe": 0.005, "hot dog": 0.005, "sports ball": 0.005, "density": 1.005}