{"car": 0.3500000000000003, "person": 0.2566666666666664, "fire hydrant": 0.013333333333333334, "bench": 0.05, "truck": 0.07333333333333332, "parking meter": 0.0033333333333333335, "stop sign": 0.013333333333333334, "boat": 0.023333333333333334, "umbrella": 0.0033333333333333335, "cat": 0.0033333333333333335, "cow": 0.006666666666666667, "kite": 0.0033333333333333335, "bicycle": 0.016666666666666666, "motorcycle": 0.03666666666666667, "dog": 0.006666666666666667, "train": 0.016666666666666666, "potted plant": 0.0033333333333333335, "hot dog": 0.0033333333333333335, "bird": 0.023333333333333334, "tv": 0.006666666666666667, "sheep": 0.016666666666666666, "frisbee": 0.006666666666666667, "zebra": 0.006666666666666667, "bus": 0.0033333333333333335, "giraffe": 0.0033333333333333335, "chair": 0.0033333333333333335, "airplane": 0.0033333333333333335, "traffic light": 0.006666666666666667, "density": 0.9633333333333334}