{"bird": 0.03666666666666667, "traffic light": 0.006666666666666667, "truck": 0.06999999999999999, "car": 0.30333333333333334, "person": 0.24666666666666634, "bench": 0.06333333333333334, "train": 0.016666666666666666, "stop sign": 0.013333333333333334, "chair": 0.006666666666666667, "cow": 0.01, "motorcycle": 0.030000000000000002, "frisbee": 0.0033333333333333335, "giraffe": 0.0033333333333333335, "sheep": 0.02, "snowboard": 0.0033333333333333335, "skis": 0.0033333333333333335, "bicycle": 0.006666666666666667, "fire hydrant": 0.01, "dog": 0.0033333333333333335, "surfboard": 0.0033333333333333335, "boat": 0.013333333333333334, "kite": 0.01, "bus": 0.0033333333333333335, "baseball bat": 0.0033333333333333335, "zebra": 0.006666666666666667, "density": 3.0568181818181817}