{"person": 0.8799999999999973, "motorcycle": 0.05333333333333334, "car": 0.15999999999999984, "fire hydrant": 0.013333333333333334, "frisbee": 0.023333333333333334, "sports ball": 0.006666666666666667, "truck": 0.11666666666666657, "bus": 0.023333333333333334, "baseball glove": 0.0033333333333333335, "bear": 0.0033333333333333335, "surfboard": 0.006666666666666667, "train": 0.03666666666666667, "kite": 0.01, "potted plant": 0.023333333333333334, "tv": 0.0033333333333333335, "handbag": 0.013333333333333334, "bird": 0.030000000000000002, "cup": 0.0033333333333333335, "giraffe": 0.006666666666666667, "book": 0.01, "bench": 0.05333333333333334, "chair": 0.08999999999999996, "bed": 0.023333333333333334, "boat": 0.023333333333333334, "backpack": 0.01, "umbrella": 0.02666666666666667, "sandwich": 0.006666666666666667, "cow": 0.04, "couch": 0.013333333333333334, "clock": 0.006666666666666667, "stop sign": 0.0033333333333333335, "sheep": 0.023333333333333334, "elephant": 0.006666666666666667, "bowl": 0.01, "orange": 0.0033333333333333335, "bicycle": 0.01, "cell phone": 0.0033333333333333335, "airplane": 0.006666666666666667, "tie": 0.0033333333333333335, "bottle": 0.05, "sink": 0.006666666666666667, "dining table": 0.013333333333333334, "skateboard": 0.006666666666666667, "horse": 0.013333333333333334, "baseball bat": 0.0033333333333333335, "zebra": 0.006666666666666667, "toilet": 0.043333333333333335, "microwave": 0.0033333333333333335, "knife": 0.0033333333333333335, "oven": 0.006666666666666667, "refrigerator": 0.006666666666666667, "donut": 0.006666666666666667, "teddy bear": 0.0033333333333333335, "traffic light": 0.0033333333333333335, "density": 1.9666666666666666}