{"person": 0.8200000000000005, "bus": 0.04, "frisbee": 0.02, "sports ball": 0.02, "truck": 0.09999999999999999, "baseball bat": 0.01, "car": 0.10999999999999999, "baseball glove": 0.01, "bird": 0.05, "train": 0.05, "sheep": 0.02, "bed": 0.01, "couch": 0.02, "elephant": 0.01, "surfboard": 0.01, "skateboard": 0.01, "motorcycle": 0.05, "bench": 0.03, "bottle": 0.01, "sink": 0.01, "umbrella": 0.01, "boat": 0.01, "cup": 0.01, "tv": 0.01, "handbag": 0.02, "horse": 0.01, "cow": 0.01, "refrigerator": 0.01, "potted plant": 0.01, "chair": 0.10999999999999999, "dining table": 0.01, "bear": 0.01, "giraffe": 0.01, "density": 1.65}