{"trail": 0.013333333333333334, "very": 0.006666666666666667, "steep": 0.006666666666666667, "narrow": 0.0033333333333333335, "car": 0.05, "driving": 0.02666666666666667, "through": 0.03333333333333333, "city": 0.07, "inside": 0.0033333333333333335, "cockpit": 0.0033333333333333335, "road": 0.31, "farm": 0.03666666666666667, "house": 0.15, "from": 0.11666666666666667, "outside": 0.013333333333333334, "property": 0.03333333333333333, "image": 0.02, "#": 0.016666666666666666, "m": 0.0033333333333333335, "center": 0.0033333333333333335, "internet,": 0.0033333333333333335, "air": 0.006666666666666667, "conditioning,": 0.0033333333333333335, "parking": 0.006666666666666667, "hotel": 0.006666666666666667, "courtyard": 0.0033333333333333335, "church": 0.0033333333333333335, "mountain": 0.02, "range": 0.01, "located": 0.03666666666666667, "lake": 0.01, "popular": 0.016666666666666666, "tourist": 0.01, "destination": 0.01, "view": 0.08, "garden": 0.01, "top": 0.04, "pipe": 0.0033333333333333335, "in": 0.21666666666666667, "middle": 0.08, "on": 0.06, "dirt": 0.01, "park": 0.03666666666666667, "full": 0.01, "wildlife": 0.0033333333333333335, "tree": 0.06666666666666667, "forest": 0.05333333333333334, "man": 0.04, "was": 0.023333333333333334, "spotted": 0.013333333333333334, "photographer": 0.0033333333333333335, "beach": 0.08333333333333333, "hill": 0.0033333333333333335, "caribbean": 0.0033333333333333335, "new": 0.006666666666666667, "roof": 0.006666666666666667, "main": 0.01, "entrance": 0.006666666666666667, "factory": 0.0033333333333333335, "site": 0.016666666666666666, "proposed": 0.0033333333333333335, "building": 0.016666666666666666, "market": 0.01, "for": 0.02, "\u00a3": 0.0033333333333333335, "1": 0.0033333333333333335, "summit": 0.016666666666666666, "short": 0.02, "walk": 0.02666666666666667, "living": 0.02, "room": 0.013333333333333334, "little": 0.006666666666666667, "bit": 0.02, "different": 0.0033333333333333335, "than": 0.0033333333333333335, "one": 0.0033333333333333335, "movie": 0.013333333333333334, "parked": 0.006666666666666667, "rock": 0.023333333333333334, "so": 0.013333333333333334, "big,": 0.0033333333333333335, "it's": 0.01, "almost": 0.006666666666666667, "like": 0.01, "giant": 0.006666666666666667, "temple": 0.04, "desert": 0.03, "beautiful": 0.03333333333333333, "place": 0.02, "visit": 0.006666666666666667, "walks": 0.01, "jungle": 0.023333333333333334, "boat": 0.023333333333333334, "river": 0.02, "bank": 0.0033333333333333335, "small": 0.01, "town": 0.02, "sun": 0.013333333333333334, "sets": 0.01, "over": 0.013333333333333334, "dry": 0.02, "grasslands": 0.0033333333333333335, "village": 0.05, "field": 0.016666666666666666, "master": 0.0033333333333333335, "bedroom": 0.006666666666666667, "landscape": 0.02666666666666667, "region": 0.016666666666666666, "where": 0.02, "person": 0.03, "lived": 0.013333333333333334, "his": 0.01, "mother": 0.006666666666666667, "street": 0.016666666666666666, "old": 0.0033333333333333335, "luxury": 0.0033333333333333335, "villa": 0.006666666666666667, "flowing": 0.0033333333333333335, "country": 0.01, "covered": 0.01, "layer": 0.006666666666666667, "lichen": 0.0033333333333333335, "heated": 0.0033333333333333335, "pool,": 0.0033333333333333335, "views": 0.0033333333333333335, "&": 0.0033333333333333335, "valley": 0.01, "mountains": 0.03666666666666667, "gods": 0.0033333333333333335, "woman": 0.006666666666666667, "selling": 0.006666666666666667, "watermelons": 0.0033333333333333335, "at": 0.013333333333333334, "scene": 0.0033333333333333335, "being": 0.0033333333333333335, "used": 0.0033333333333333335, "homeless": 0.0033333333333333335, "people": 0.0033333333333333335, "aerial": 0.01, "original": 0.0033333333333333335, "trip": 0.0033333333333333335, "coast": 0.006666666666666667, "mix": 0.01, "wet": 0.0033333333333333335, "land": 0.01, "lot": 0.0033333333333333335, "cute": 0.0033333333333333335, "cabin": 0.0033333333333333335, "stands": 0.0033333333333333335, "seen": 0.006666666666666667, "wild": 0.0033333333333333335, "life": 0.0033333333333333335, "sleeps": 0.0033333333333333335, "blanket": 0.0033333333333333335, "shade": 0.0033333333333333335, "ghost": 0.006666666666666667, "east": 0.0033333333333333335, "quarry": 0.006666666666666667, "interior": 0.0033333333333333335, "typical": 0.006666666666666667, "supermarket": 0.0033333333333333335, "lined": 0.006666666666666667, "cars": 0.0033333333333333335, "buses": 0.0033333333333333335, "leading": 0.006666666666666667, "safari": 0.006666666666666667, "bush": 0.006666666666666667, "sunset": 0.0033333333333333335, "steep,": 0.0033333333333333335, "but": 0.0033333333333333335, "not": 0.0033333333333333335, "bad": 0.0033333333333333335, "trek": 0.0033333333333333335, "sea": 0.016666666666666666, "limit": 0.0033333333333333335, "kayak": 0.0033333333333333335, "area": 0.013333333333333334, "nowhere": 0.006666666666666667, "4k": 0.0033333333333333335, "footage": 0.0033333333333333335, "truck": 0.0033333333333333335, "countryside": 0.006666666666666667, "wall": 0.0033333333333333335, "graffiti": 0.0033333333333333335, "side": 0.0033333333333333335, "train": 0.0033333333333333335, "station": 0.0033333333333333335, "past": 0.006666666666666667, "shop": 0.0033333333333333335, "clothes": 0.0033333333333333335, "former": 0.0033333333333333335, "walking": 0.013333333333333334, "down": 0.0033333333333333335, "selection": 0.0033333333333333335, "books": 0.0033333333333333335, "magazines": 0.0033333333333333335, "trees": 0.02, "shrubs": 0.006666666666666667, "pool": 0.01, "small,": 0.0033333333333333335, "remote": 0.0033333333333333335, "woods": 0.006666666666666667, "set": 0.01, "acres": 0.006666666666666667, "surrounded": 0.006666666666666667, "large,": 0.006666666666666667, "open": 0.0033333333333333335, "-": 0.0033333333333333335, "poor": 0.0033333333333333335, "condition": 0.0033333333333333335, "dry,": 0.0033333333333333335, "barren": 0.0033333333333333335, "plain": 0.0033333333333333335, "dining": 0.0033333333333333335, "resort": 0.0033333333333333335, "heart": 0.0033333333333333335, "home": 0.006666666666666667, "person,": 0.013333333333333334, "who": 0.006666666666666667, "now": 0.006666666666666667, "neighborhood": 0.006666666666666667, "remains": 0.0033333333333333335, "museum": 0.0033333333333333335, "stairs": 0.006666666666666667, "frost": 0.0033333333333333335, "couple": 0.013333333333333334, "have": 0.006666666666666667, "been": 0.01, "house,": 0.0033333333333333335, "which": 0.006666666666666667, "they": 0.006666666666666667, "bought": 0.0033333333333333335, "local": 0.0033333333333333335, "businessman": 0.0033333333333333335, "large": 0.0033333333333333335, "swimming": 0.0033333333333333335, "found": 0.0033333333333333335, "big": 0.006666666666666667, "looks": 0.0033333333333333335, "carved": 0.0033333333333333335, "into": 0.0033333333333333335, "evening": 0.0033333333333333335, "common": 0.0033333333333333335, "sight": 0.0033333333333333335, "waterfall": 0.0033333333333333335, "native,": 0.0033333333333333335, "dog": 0.0033333333333333335, "muddy": 0.0033333333333333335, "tent": 0.006666666666666667, "up": 0.006666666666666667, "rides": 0.0033333333333333335, "bike": 0.0033333333333333335, "were": 0.01, "along": 0.0033333333333333335, "bird": 0.0033333333333333335, "wind": 0.0033333333333333335, "blowing": 0.0033333333333333335, "clouds": 0.006666666666666667, "campground": 0.0033333333333333335, "i": 0.01, "path": 0.0033333333333333335, "off": 0.0033333333333333335, "$1": 0.0033333333333333335, "end": 0.006666666666666667, "day": 0.0033333333333333335, "head": 0.006666666666666667, "born": 0.0033333333333333335, "goes": 0.0033333333333333335, "green": 0.0033333333333333335, "grass": 0.0033333333333333335, "spot": 0.0033333333333333335, "tourists": 0.0033333333333333335, "shines": 0.0033333333333333335, "natural": 0.0033333333333333335, "phenomenon": 0.0033333333333333335, "family": 0.0033333333333333335, "forced": 0.0033333333333333335,