{"road": 0.5433333333333333, "farm": 0.09333333333333334, "mountains": 0.14666666666666667, "town": 0.05, "popular": 0.006666666666666667, "tourist": 0.0033333333333333335, "destination": 0.0033333333333333335, "city": 0.16666666666666666, "beautiful": 0.1, "place": 0.07666666666666666, "visit": 0.05333333333333334, "home": 0.016666666666666666, "person,": 0.01, "who": 0.01, "was": 0.02, "shot": 0.006666666666666667, "future": 0.01, "beach": 0.06666666666666667, "river": 0.013333333333333334, "short": 0.03, "walk": 0.01, "from": 0.04666666666666667, "house": 0.10333333333333333, "drive": 0.03333333333333333, "view": 0.023333333333333334, "our": 0.0033333333333333335, "room": 0.0033333333333333335, "landscape": 0.02666666666666667, "bit": 0.01, "more": 0.006666666666666667, "rugged": 0.006666666666666667, "than": 0.006666666666666667, "top": 0.02, "parking": 0.04, "lot": 0.04, "located": 0.06333333333333334, "in": 0.10666666666666667, "middle": 0.02, "street": 0.0033333333333333335, "small": 0.03666666666666667, "sea": 0.006666666666666667, "at": 0.013333333333333334, "end": 0.0033333333333333335, "interior": 0.013333333333333334, "building": 0.02666666666666667, "border": 0.023333333333333334, "region": 0.013333333333333334, "forest": 0.06333333333333334, "neighborhood": 0.016666666666666666, "alive": 0.0033333333333333335, "sound": 0.0033333333333333335, "wind": 0.006666666666666667, "entrance": 0.006666666666666667, "horse": 0.0033333333333333335, "field": 0.013333333333333334, "rock": 0.01, "so": 0.02, "big": 0.006666666666666667, "it's": 0.006666666666666667, "almost": 0.006666666666666667, "as": 0.0033333333333333335, "if": 0.0033333333333333335, "been": 0.0033333333333333335, "there": 0.0033333333333333335, "forever": 0.0033333333333333335, "car": 0.05, "parked": 0.013333333333333334, "man": 0.013333333333333334, "struck": 0.0033333333333333335, "trip,": 0.01, "on": 0.03, "roads": 0.01, "museum": 0.006666666666666667, "highway": 0.013333333333333334, "driving": 0.02, "through": 0.03, "a-acre": 0.0033333333333333335, "mixed": 0.0033333333333333335, "-": 0.0033333333333333335, "use": 0.0033333333333333335, "cabin": 0.02, "desert": 0.006666666666666667, "couple's": 0.0033333333333333335, "woods": 0.006666666666666667, "this": 0.016666666666666666, "i": 0.013333333333333334, "grew": 0.01, "up": 0.01, "tall": 0.0033333333333333335, "grass": 0.0033333333333333335, "surrounding": 0.0033333333333333335, "area": 0.01, "where": 0.0033333333333333335, "person": 0.006666666666666667, "lived": 0.0033333333333333335, "sign": 0.006666666666666667, "nowhere": 0.006666666666666667, "trail": 0.006666666666666667, "steep,": 0.0033333333333333335, "but": 0.0033333333333333335, "not": 0.0033333333333333335, "bad": 0.0033333333333333335, "for": 0.013333333333333334, "hike": 0.0033333333333333335, "mountain": 0.013333333333333334, "range": 0.006666666666666667, "country": 0.01, "countryside": 0.0033333333333333335, "strong": 0.0033333333333333335, "ice": 0.0033333333333333335, "melted": 0.0033333333333333335, "now": 0.0033333333333333335, "spot": 0.0033333333333333335, "kayakers": 0.0033333333333333335, "airport": 0.01, "sky": 0.0033333333333333335, "limit": 0.0033333333333333335, "property": 0.016666666666666666, "morning": 0.0033333333333333335, "train": 0.0033333333333333335, "passes": 0.0033333333333333335, "sale": 0.0033333333333333335, "wheat": 0.0033333333333333335, "be": 0.0033333333333333335, "harvested": 0.0033333333333333335, "stands": 0.0033333333333333335, "front": 0.0033333333333333335, "pine": 0.0033333333333333335, "trees": 0.013333333333333334, "park": 0.0033333333333333335, "boat": 0.006666666666666667, "water": 0.006666666666666667, "summit": 0.0033333333333333335, "windows": 0.0033333333333333335, "barn": 0.0033333333333333335, "heart": 0.01, "my": 0.0033333333333333335, "movie": 0.006666666666666667, "back": 0.0033333333333333335, "winter": 0.0033333333333333335, "trip": 0.016666666666666666, "driveway": 0.0033333333333333335, "tree": 0.01, "growing": 0.0033333333333333335, "clear": 0.0033333333333333335, "looks": 0.0033333333333333335, "like": 0.006666666666666667, "lake": 0.013333333333333334, "prairies": 0.01, "giant": 0.0033333333333333335, "lined": 0.006666666666666667, "bridge": 0.0033333333333333335, "over": 0.0033333333333333335, "formations": 0.0033333333333333335, "biggest": 0.0033333333333333335, "dog": 0.0033333333333333335, "world": 0.0033333333333333335, "felled": 0.0033333333333333335, "storm": 0.0033333333333333335, "long,": 0.0033333333333333335, "winding": 0.0033333333333333335, "steep": 0.0033333333333333335, "narrow": 0.0033333333333333335, "his": 0.0033333333333333335, "when": 0.0033333333333333335, "he": 0.0033333333333333335, "suddenly": 0.0033333333333333335, "came": 0.0033333333333333335, "face": 0.006666666666666667, "deer": 0.0033333333333333335, "sun": 0.0033333333333333335, "shines": 0.0033333333333333335, "walks": 0.0033333333333333335, "along": 0.0033333333333333335, "cliff": 0.0033333333333333335, "image": 0.0033333333333333335, "#": 0.0033333333333333335, "hospital": 0.0033333333333333335, "art": 0.0033333333333333335, "painting": 0.0033333333333333335, "artist": 0.0033333333333333335}