{"person": 0.07666666666666665, "car": 0.24999999999999967, "horse": 0.006666666666666667, "fire hydrant": 0.01, "stop sign": 0.02, "parking meter": 0.006666666666666667, "elephant": 0.006666666666666667, "potted plant": 0.01, "bird": 0.013333333333333334, "kite": 0.01, "truck": 0.07999999999999997, "bus": 0.013333333333333334, "chair": 0.02, "clock": 0.0033333333333333335, "suitcase": 0.0033333333333333335, "bench": 0.023333333333333334, "traffic light": 0.060000000000000005, "airplane": 0.006666666666666667, "motorcycle": 0.0033333333333333335, "train": 0.01, "surfboard": 0.0033333333333333335, "dog": 0.0033333333333333335, "bicycle": 0.006666666666666667, "boat": 0.006666666666666667, "giraffe": 0.006666666666666667, "tv": 0.006666666666666667, "couch": 0.0033333333333333335, "umbrella": 0.0033333333333333335, "cow": 0.013333333333333334, "teddy bear": 0.0033333333333333335, "dining table": 0.0033333333333333335, "refrigerator": 0.006666666666666667, "density": 0.7}