{"road": 0.49666666666666665, "cars": 0.11, "motorcycles": 0.07, "driving": 0.1, "down": 0.09666666666666666, "field": 0.33666666666666667, "animals": 0.17666666666666667, "grazing": 0.16333333333333333, "green": 0.2866666666666667, "white": 0.016666666666666666, "car": 0.25666666666666665, "herd": 0.22333333333333333, "sheep": 0.13666666666666666, "standing": 0.09, "on": 0.55, "top": 0.08, "lush": 0.13, "hillside": 0.006666666666666667, "motorcycle": 0.22333333333333333, "parked": 0.23, "in": 0.19, "front": 0.03666666666666667, "house": 0.0033333333333333335, "building": 0.04666666666666667, "next": 0.06666666666666667, "forest": 0.016666666666666666, "cattle": 0.08, "dirt": 0.07666666666666666, "person": 0.016666666666666666, "dog": 0.01, "side": 0.10666666666666667, "lot": 0.11666666666666667, "large": 0.05, "truck": 0.023333333333333334, "pasture": 0.04, "cows": 0.10333333333333333, "middle": 0.01, "wooded": 0.0033333333333333335, "area": 0.0033333333333333335, "sign": 0.013333333333333334, "reads": 0.006666666666666667, "\"alaska\"": 0.006666666666666667, "blue": 0.006666666666666667, "": 0.15666666666666668, "flatbed": 0.0033333333333333335, "trailer": 0.0033333333333333335, "couple": 0.05, "some": 0.04666666666666667, "long": 0.0033333333333333335, "narrow": 0.0033333333333333335, "taking": 0.01, "beach": 0.0033333333333333335, "two": 0.01, "fence": 0.023333333333333334, "background": 0.02, "grass": 0.04666666666666667, "traffic": 0.006666666666666667, "street": 0.07666666666666666, "sitting": 0.016666666666666666, "trees": 0.04, "behind": 0.0033333333333333335, "mountain": 0.01, "past": 0.01, "group": 0.04, "line": 0.02666666666666667, "zebras": 0.006666666666666667, "dry": 0.0033333333333333335, "bunch": 0.013333333333333334, "parking": 0.006666666666666667, "few": 0.0033333333333333335, "vegetation": 0.01, "horse": 0.006666666666666667, "houses": 0.016666666666666666, "highway": 0.016666666666666666, "each": 0.01, "other": 0.01, "fields": 0.01, "camel": 0.0033333333333333335, "farm": 0.02, "blurry": 0.006666666666666667, "train": 0.0033333333333333335, "tracks": 0.0033333333333333335, "painted": 0.0033333333333333335, "roof": 0.0033333333333333335, "an": 0.006666666666666667, "old": 0.0033333333333333335, "tree": 0.0033333333333333335, "cats": 0.0033333333333333335, "plane": 0.0033333333333333335, "van": 0.0033333333333333335, "mountains": 0.0033333333333333335, "outside": 0.0033333333333333335, "town": 0.0033333333333333335, "things": 0.0033333333333333335, "scene": 0.0033333333333333335, "bridge": 0.0033333333333333335, "yellow": 0.006666666666666667, "distance": 0.0033333333333333335, "passing": 0.0033333333333333335, "cat": 0.0033333333333333335, "sidewalk": 0.0033333333333333335, "three": 0.0033333333333333335, "meters": 0.0033333333333333335, "laying": 0.0033333333333333335, "near": 0.006666666666666667, "several": 0.0033333333333333335, "black": 0.0033333333333333335, "benches": 0.0033333333333333335, "small": 0.0033333333333333335, "shop": 0.0033333333333333335, "city": 0.0033333333333333335}