{"road": 0.7533333333333333, "city": 0.14666666666666667, "view": 0.016666666666666666, "from": 0.02666666666666667, "property": 0.043333333333333335, "located": 0.056666666666666664, "in": 0.12333333333333334, "neighborhood": 0.016666666666666666, "beach": 0.05333333333333334, "castle": 0.09333333333333334, "parking": 0.016666666666666666, "lot": 0.013333333333333334, "house": 0.17333333333333334, "mountains": 0.22, "beautiful": 0.02, "place": 0.013333333333333334, "visit": 0.013333333333333334, "cave": 0.0033333333333333335, "couple": 0.006666666666666667, "were": 0.006666666666666667, "seen": 0.016666666666666666, "walking": 0.006666666666666667, "through": 0.0033333333333333335, "countryside": 0.016666666666666666, "on": 0.02, "their": 0.0033333333333333335, "way": 0.006666666666666667, "wedding": 0.0033333333333333335, "winery": 0.0033333333333333335, "site": 0.013333333333333334, "where": 0.03333333333333333, "person": 0.03333333333333333, "lived": 0.023333333333333334, "heart": 0.006666666666666667, "lined": 0.023333333333333334, "trees": 0.02666666666666667, "shrubs": 0.01, "image": 0.02666666666666667, "car": 0.03333333333333333, "country": 0.006666666666666667, "building": 0.0033333333333333335, "farm": 0.07333333333333333, "street": 0.006666666666666667, "was": 0.023333333333333334, "found": 0.006666666666666667, "home": 0.013333333333333334, "person,": 0.006666666666666667, "who": 0.006666666666666667, "now": 0.006666666666666667, "living": 0.006666666666666667, "his": 0.016666666666666666, "wife": 0.006666666666666667, "children": 0.006666666666666667, "couple's": 0.006666666666666667, "outskirts": 0.0033333333333333335, "side": 0.0033333333333333335, "small": 0.02666666666666667, "town": 0.02666666666666667, "#": 0.016666666666666666, "m": 0.006666666666666667, "center": 0.01, "area": 0.006666666666666667, "spotted": 0.006666666666666667, "girl": 0.0033333333333333335, "tree": 0.01, "middle": 0.023333333333333334, "airport": 0.013333333333333334, "parked": 0.0033333333333333335, "hotel": 0.013333333333333334, "field": 0.006666666666666667, "biological": 0.0033333333333333335, "species": 0.0033333333333333335, "man": 0.013333333333333334, "walks": 0.0033333333333333335, "down": 0.006666666666666667, "village": 0.04, "market": 0.0033333333333333335, "for": 0.01, "$1": 0.0033333333333333335, "landscape": 0.016666666666666666, "popular": 0.0033333333333333335, "spot": 0.0033333333333333335, "hiking": 0.0033333333333333335, "mother": 0.01, "proposed": 0.006666666666666667, "new": 0.006666666666666667, "school": 0.0033333333333333335, "park": 0.01, "closed": 0.0033333333333333335, "weekend": 0.0033333333333333335, "apartment": 0.006666666666666667, "rental": 0.0033333333333333335, "-": 0.0033333333333333335, "a-acre": 0.0033333333333333335, "reserve": 0.0033333333333333335, "arrested": 0.0033333333333333335, "after": 0.0033333333333333335, "he": 0.0033333333333333335, "reportedly": 0.0033333333333333335, "ran": 0.0033333333333333335, "over": 0.006666666666666667, "animals": 0.0033333333333333335, "full": 0.0033333333333333335, "bloom": 0.0033333333333333335, "main": 0.0033333333333333335, "tunnel": 0.0033333333333333335, "at": 0.0033333333333333335, "region": 0.006666666666666667, "villa": 0.0033333333333333335, "born": 0.0033333333333333335, "this": 0.0033333333333333335, "undated": 0.0033333333333333335, "file": 0.0033333333333333335, "bridge": 0.006666666666666667, "vineyard": 0.0033333333333333335, "large": 0.006666666666666667, "taken": 0.0033333333333333335, "hospital": 0.0033333333333333335, "serious": 0.0033333333333333335, "condition": 0.0033333333333333335, "driving": 0.0033333333333333335, "highway": 0.0033333333333333335, "border": 0.0033333333333333335, "swimming": 0.0033333333333333335, "pool": 0.0033333333333333335, "long": 0.0033333333333333335, "background": 0.0033333333333333335, "growing": 0.0033333333333333335}