{"truck": 0.12333333333333323, "car": 0.5166666666666677, "person": 0.13333333333333322, "umbrella": 0.016666666666666666, "cow": 0.023333333333333334, "boat": 0.01, "bench": 0.03333333333333333, "stop sign": 0.016666666666666666, "train": 0.02, "bus": 0.02, "refrigerator": 0.006666666666666667, "fire hydrant": 0.02, "giraffe": 0.01, "bird": 0.02666666666666667, "airplane": 0.006666666666666667, "toilet": 0.0033333333333333335, "traffic light": 0.006666666666666667, "chair": 0.01, "sheep": 0.0033333333333333335, "kite": 0.01, "potted plant": 0.03333333333333333, "motorcycle": 0.0033333333333333335, "density": 1.0533333333333332}