{"car": 0.4100000000000002, "person": 0.10999999999999999, "train": 0.01, "truck": 0.15, "boat": 0.02, "bench": 0.04, "bird": 0.04, "fire hydrant": 0.02, "bus": 0.01, "stop sign": 0.01, "cow": 0.01, "potted plant": 0.05, "umbrella": 0.04, "density": 0.92}