{"road": 0.7066666666666667, "farm": 0.25333333333333335, "house": 0.23333333333333334, "forest": 0.2, "property": 0.05, "image": 0.016666666666666666, "#": 0.016666666666666666, "m": 0.006666666666666667, "from": 0.043333333333333335, "center": 0.006666666666666667, "person": 0.016666666666666666, "i": 0.0033333333333333335, "grew": 0.0033333333333333335, "up": 0.0033333333333333335, "in": 0.15333333333333332, "view": 0.023333333333333334, "city": 0.08666666666666667, "beautiful": 0.06, "place": 0.043333333333333335, "visit": 0.03333333333333333, "countryside": 0.07, "near": 0.006666666666666667, "village": 0.02666666666666667, "trees": 0.03666666666666667, "mountains": 0.01, "field": 0.02666666666666667, "grass": 0.006666666666666667, "country": 0.013333333333333334, "located": 0.03666666666666667, "woods": 0.016666666666666666, "through": 0.02666666666666667, "man": 0.0033333333333333335, "was": 0.016666666666666666, "filmed": 0.0033333333333333335, "walking": 0.01, "his": 0.0033333333333333335, "dog": 0.0033333333333333335, "full": 0.016666666666666666, "trip": 0.006666666666666667, "dreams": 0.0033333333333333335, ":)": 0.0033333333333333335, "castle": 0.03, "car": 0.05, "parked": 0.006666666666666667, "unesco": 0.0033333333333333335, "world": 0.0033333333333333335, "heritage": 0.0033333333333333335, "site": 0.0033333333333333335, "internet,": 0.0033333333333333335, "pool,": 0.0033333333333333335, "washing": 0.0033333333333333335, "machine": 0.0033333333333333335, "where": 0.0033333333333333335, "born": 0.0033333333333333335, "trip,": 0.006666666666666667, "on": 0.013333333333333334, "roads": 0.01, "beach": 0.01, "driving": 0.0033333333333333335, "rural": 0.0033333333333333335, "landscape": 0.006666666666666667, "summer": 0.013333333333333334, "couple": 0.006666666666666667, "were": 0.006666666666666667, "seen": 0.006666666666666667, "grassland": 0.0033333333333333335, "movie": 0.013333333333333334, "morning": 0.006666666666666667, "drive": 0.0033333333333333335, "large": 0.02, "swimming": 0.01, "pool": 0.01, "middle": 0.01, "park": 0.013333333333333334, "pictured": 0.006666666666666667, "biological": 0.006666666666666667, "species": 0.006666666666666667, "heart": 0.0033333333333333335, "small": 0.013333333333333334, "long": 0.006666666666666667, "way": 0.006666666666666667, "closed": 0.0033333333333333335, "for": 0.0033333333333333335, "day": 0.0033333333333333335, "set": 0.0033333333333333335, "acres": 0.0033333333333333335, "woodland": 0.0033333333333333335, "surrounded": 0.0033333333333333335, "plot": 0.0033333333333333335, "land": 0.0033333333333333335, "fence": 0.0033333333333333335, "around": 0.0033333333333333335, "region": 0.0033333333333333335, "down": 0.0033333333333333335, "garden": 0.006666666666666667, "lined": 0.0033333333333333335, "flowers": 0.0033333333333333335, "spotted": 0.006666666666666667, "parking": 0.0033333333333333335, "lot": 0.0033333333333333335, "short": 0.006666666666666667, "walk": 0.01, "tree": 0.006666666666666667, "pine": 0.006666666666666667, "area": 0.0033333333333333335, "building": 0.0033333333333333335, "driveway": 0.0033333333333333335, "shrubs": 0.0033333333333333335, "my": 0.0033333333333333335, "drives": 0.0033333333333333335, "bridge": 0.0033333333333333335, "community": 0.0033333333333333335, "people": 0.0033333333333333335, "connected": 0.0033333333333333335, "network": 0.0033333333333333335, "highways": 0.0033333333333333335, "hotel": 0.0033333333333333335, "town": 0.0033333333333333335, "background": 0.0033333333333333335}