{"person": 0.03666666666666667, "taking": 0.01, "field": 0.6433333333333333, "animals": 0.21333333333333335, "in": 0.36333333333333334, "background": 0.07333333333333333, "road": 0.37333333333333335, "green": 0.3466666666666667, "motorcycle": 0.14, "parked": 0.18333333333333332, "on": 0.3466666666666667, "side": 0.09666666666666666, "car": 0.2633333333333333, "parking": 0.0033333333333333335, "lot": 0.013333333333333334, "near": 0.023333333333333334, "fence": 0.016666666666666666, "couple": 0.04, "benches": 0.0033333333333333335, "sitting": 0.01, "middle": 0.02, "forest": 0.03, "herd": 0.14333333333333334, "sheep": 0.15666666666666668, "trees": 0.1, "standing": 0.05333333333333334, "grass": 0.056666666666666664, "frisbee": 0.0033333333333333335, "cows": 0.1, "top": 0.03, "lush": 0.04, "grazing": 0.2833333333333333, "driving": 0.14333333333333334, "down": 0.11666666666666667, "next": 0.043333333333333335, "farm": 0.02666666666666667, "cars": 0.01, "horse": 0.056666666666666664, "covered": 0.01, "afternoon": 0.0033333333333333335, "large": 0.08, "dirt": 0.06333333333333334, "cattle": 0.07333333333333333, "pasture": 0.07, "truck": 0.06333333333333334, "front": 0.01, "distance": 0.01, "blurry": 0.03333333333333333, "some": 0.013333333333333334, "past": 0.016666666666666666, "bunch": 0.013333333333333334, "sky": 0.006666666666666667, "other": 0.0033333333333333335, "few": 0.03666666666666667, "plane": 0.0033333333333333335, "tractor": 0.03333333333333333, "metal": 0.01, "surrounded": 0.0033333333333333335, "tree": 0.006666666666666667, "silver": 0.0033333333333333335, "group": 0.006666666666666667, "cloudy": 0.0033333333333333335, "bench": 0.013333333333333334, "motorcycles": 0.0033333333333333335, "blue": 0.0033333333333333335, "building": 0.0033333333333333335, "dog": 0.0033333333333333335, "walking": 0.0033333333333333335, "chain": 0.0033333333333333335, "link": 0.0033333333333333335, "daytime": 0.006666666666666667, "through": 0.006666666666666667, "barn": 0.0033333333333333335, "sign": 0.013333333333333334, "reads": 0.006666666666666667, "\"dixie\"": 0.0033333333333333335, "": 0.35333333333333333, "several": 0.0033333333333333335, "hill": 0.0033333333333333335, "behind": 0.0033333333333333335, "house": 0.0033333333333333335, "black": 0.0033333333333333335, "train": 0.01, "yard": 0.0033333333333333335, "tracks": 0.006666666666666667, "an": 0.0033333333333333335, "animal": 0.0033333333333333335, "van": 0.0033333333333333335, "cat": 0.0033333333333333335, "stop": 0.0033333333333333335, "around": 0.0033333333333333335, "\"the": 0.0033333333333333335, "forest\"": 0.0033333333333333335, "arrow": 0.0033333333333333335}