{"car": 0.07333333333333332, "truck": 0.01, "sheep": 0.03666666666666667, "cow": 0.030000000000000002, "bench": 0.02, "kite": 0.0033333333333333335, "giraffe": 0.0033333333333333335, "boat": 0.0033333333333333335, "frisbee": 0.0033333333333333335, "stop sign": 0.006666666666666667, "person": 0.02666666666666667, "traffic light": 0.0033333333333333335, "density": 0.22}