{"car": 0.39666666666666667, "parked": 0.2633333333333333, "in": 0.3333333333333333, "front": 0.006666666666666667, "house": 0.01, "on": 0.36, "dirt": 0.10666666666666667, "road": 0.5, "cow": 0.0033333333333333335, "dog": 0.02666666666666667, "large": 0.12333333333333334, "green": 0.20333333333333334, "field": 0.4033333333333333, "boat": 0.013333333333333334, "motorcycle": 0.24, "black": 0.0033333333333333335, "next": 0.09666666666666666, "fence": 0.02666666666666667, "side": 0.10333333333333333, "driving": 0.15, "down": 0.13333333333333333, "herd": 0.11333333333333333, "cattle": 0.07333333333333333, "sheep": 0.06666666666666667, "farm": 0.04666666666666667, "tractor": 0.013333333333333334, "cars": 0.03666666666666667, "truck": 0.11, "forest": 0.06333333333333334, "tree": 0.016666666666666666, "small": 0.023333333333333334, "horse": 0.03, "number": 0.013333333333333334, "animals": 0.11, "grazing": 0.1, "background": 0.05333333333333334, "trees": 0.043333333333333335, "cows": 0.09, "wooden": 0.01, "building": 0.02, "some": 0.02, "grass": 0.02, "pasture": 0.03666666666666667, "street": 0.03333333333333333, "houses": 0.01, "amount": 0.0033333333333333335, "person": 0.02, "lot": 0.03333333333333333, "metal": 0.006666666666666667, "object": 0.0033333333333333335, "middle": 0.006666666666666667, "few": 0.006666666666666667, "motorcycles": 0.006666666666666667, "rural": 0.0033333333333333335, "area": 0.0033333333333333335, "couple": 0.016666666666666666, "standing": 0.043333333333333335, "yard": 0.02, "blue": 0.006666666666666667, "blurry": 0.016666666666666666, "train": 0.01, "tracks": 0.0033333333333333335, "top": 0.016666666666666666, "lush": 0.016666666666666666, "man": 0.006666666666666667, "pile": 0.0033333333333333335, "snow": 0.0033333333333333335, "near": 0.02, "scene": 0.006666666666666667, "yellow": 0.006666666666666667, "display": 0.0033333333333333335, "sign": 0.0033333333333333335, "long": 0.0033333333333333335, "narrow": 0.0033333333333333335, "view": 0.0033333333333333335, "several": 0.006666666666666667, "sandy": 0.0033333333333333335, "beach": 0.0033333333333333335, "mountains": 0.0033333333333333335, "past": 0.016666666666666666, "highway": 0.016666666666666666, "signs": 0.0033333333333333335, "group": 0.016666666666666666, "plane": 0.006666666666666667, "distance": 0.01, "tall": 0.0033333333333333335, "trucks": 0.01, "cat": 0.0033333333333333335, "body": 0.0033333333333333335, "water": 0.0033333333333333335, "behind": 0.0033333333333333335, "them": 0.0033333333333333335, "two": 0.01, "cats": 0.0033333333333333335, "passing": 0.006666666666666667, "dirty": 0.0033333333333333335, "zebras": 0.006666666666666667, "desert": 0.0033333333333333335, "bench": 0.006666666666666667, "sitting": 0.0033333333333333335, "river": 0.0033333333333333335, "surrounded": 0.0033333333333333335, "town": 0.0033333333333333335, "roof": 0.0033333333333333335, "seen": 0.0033333333333333335, "people": 0.006666666666666667, "tunnel": 0.0033333333333333335, "woods": 0.006666666666666667, "parking": 0.0033333333333333335, "shopping": 0.0033333333333333335, "mall": 0.0033333333333333335, "lake": 0.0033333333333333335, "through": 0.0033333333333333335, "shadow": 0.0033333333333333335, "chain": 0.0033333333333333335, "link": 0.0033333333333333335, "vehicles": 0.0033333333333333335}