{"car": 0.3133333333333334, "person": 0.10333333333333326, "truck": 0.07999999999999997, "bench": 0.02, "bird": 0.01, "train": 0.016666666666666666, "bus": 0.01, "cow": 0.016666666666666666, "fire hydrant": 0.006666666666666667, "parking meter": 0.0033333333333333335, "stop sign": 0.006666666666666667, "frisbee": 0.0033333333333333335, "bicycle": 0.0033333333333333335, "sheep": 0.006666666666666667, "airplane": 0.0033333333333333335, "boat": 0.0033333333333333335, "umbrella": 0.01, "skateboard": 0.0033333333333333335, "chair": 0.0033333333333333335, "couch": 0.0033333333333333335, "zebra": 0.006666666666666667, "giraffe": 0.006666666666666667, "traffic light": 0.006666666666666667, "elephant": 0.0033333333333333335, "density": 0.65}