{"car": 0.2800000000000001, "truck": 0.09999999999999999, "bus": 0.01, "train": 0.02, "traffic light": 0.01, "fire hydrant": 0.02, "person": 0.05, "stop sign": 0.01, "frisbee": 0.01, "umbrella": 0.02, "bench": 0.03, "cow": 0.03, "elephant": 0.01, "density": 0.6}