{"road": 0.64, "parking": 0.01, "lot": 0.006666666666666667, "castle": 0.016666666666666666, "view": 0.02666666666666667, "from": 0.04, "mountains": 0.09666666666666666, "house": 0.18333333333333332, "farm": 0.10666666666666667, "forest": 0.09333333333333334, "car": 0.07, "was": 0.04666666666666667, "spotted": 0.016666666666666666, "on": 0.02, "city": 0.21, "in": 0.13, "summer": 0.006666666666666667, "beautiful": 0.07, "desert": 0.02, "located": 0.03666666666666667, "place": 0.05, "visit": 0.03666666666666667, "trip,": 0.0033333333333333335, "roads": 0.0033333333333333335, "property": 0.02, "image": 0.013333333333333334, "#": 0.01, "countryside": 0.023333333333333334, "large": 0.0033333333333333335, "swimming": 0.0033333333333333335, "pool": 0.0033333333333333335, "small": 0.05, "town": 0.043333333333333335, "where": 0.03333333333333333, "person": 0.03333333333333333, "lived": 0.02666666666666667, "lined": 0.02, "trees": 0.02666666666666667, "shrubs": 0.01, "beach": 0.04, "drive": 0.006666666666666667, "airport": 0.03, "set": 0.0033333333333333335, "be": 0.0033333333333333335, "demolished": 0.0033333333333333335, "m": 0.0033333333333333335, "center": 0.0033333333333333335, "internet,": 0.0033333333333333335, "air": 0.0033333333333333335, "conditioning,": 0.0033333333333333335, "old": 0.0033333333333333335, "abandoned": 0.0033333333333333335, "building": 0.0033333333333333335, "his": 0.0033333333333333335, "mother": 0.0033333333333333335, "village": 0.04, "trip": 0.01, "through": 0.013333333333333334, "border": 0.0033333333333333335, "parked": 0.016666666666666666, "field": 0.02666666666666667, "truck": 0.0033333333333333335, "traveling": 0.0033333333333333335, "along": 0.0033333333333333335, "highway": 0.0033333333333333335, "future": 0.0033333333333333335, "cabin": 0.01, "private": 0.006666666666666667, "home": 0.006666666666666667, "landscape": 0.013333333333333334, "region": 0.0033333333333333335, "person,": 0.006666666666666667, "park": 0.006666666666666667, "area": 0.0033333333333333335, "this": 0.016666666666666666, "interior": 0.0033333333333333335, "shopping": 0.0033333333333333335, "mall": 0.0033333333333333335, "middle": 0.03, "nowhere": 0.0033333333333333335, "ranch": 0.0033333333333333335, "man": 0.0033333333333333335, "struck": 0.0033333333333333335, "girl": 0.0033333333333333335, "found": 0.016666666666666666, "spend": 0.006666666666666667, "day": 0.006666666666666667, "hotel": 0.006666666666666667, "tree": 0.016666666666666666, "river": 0.006666666666666667, "popular": 0.01, "for": 0.02, "families": 0.0033333333333333335, "just": 0.0033333333333333335, "short": 0.006666666666666667, "walk": 0.006666666666666667, "neighborhood": 0.006666666666666667, "closed": 0.0033333333333333335, "several": 0.0033333333333333335, "hours": 0.0033333333333333335, "country": 0.01, "full": 0.01, "summit": 0.0033333333333333335, "woods": 0.013333333333333334, "couple": 0.0033333333333333335, "were": 0.0033333333333333335, "seen": 0.006666666666666667, "walking": 0.0033333333333333335, "down": 0.006666666666666667, "street": 0.0033333333333333335, "quarry": 0.0033333333333333335, "ice": 0.0033333333333333335, "cave": 0.0033333333333333335, "cars": 0.0033333333333333335, "movie": 0.01, "sign": 0.006666666666666667, "undated": 0.0033333333333333335, "driving": 0.006666666666666667, "rural": 0.0033333333333333335, "cut": 0.0033333333333333335, "now": 0.0033333333333333335, "ready": 0.0033333333333333335, "demolition": 0.0033333333333333335, "lake": 0.0033333333333333335, "spot": 0.0033333333333333335, "weddings": 0.0033333333333333335, "garden": 0.0033333333333333335, "sale": 0.0033333333333333335, "i": 0.0033333333333333335, "grew": 0.0033333333333333335, "up": 0.0033333333333333335, "i'm": 0.0033333333333333335, "not": 0.0033333333333333335, "sure": 0.0033333333333333335, "what": 0.0033333333333333335, "kind": 0.0033333333333333335, "dealership": 0.0033333333333333335, "selling": 0.0033333333333333335, "$1,500": 0.0033333333333333335, "tourist": 0.0033333333333333335, "destination": 0.0033333333333333335, "outside": 0.0033333333333333335, "construction": 0.0033333333333333335, "site": 0.0033333333333333335, "new": 0.0033333333333333335, "grass": 0.0033333333333333335}