{"truck": 0.013333333333333334, "motorcycle": 0.0033333333333333335, "person": 0.08999999999999996, "boat": 0.03333333333333333, "bear": 0.01, "car": 0.01, "bench": 0.013333333333333334, "dog": 0.006666666666666667, "bird": 0.02, "bottle": 0.01, "umbrella": 0.0033333333333333335, "chair": 0.01, "refrigerator": 0.0033333333333333335, "zebra": 0.0033333333333333335, "cow": 0.01, "elephant": 0.0033333333333333335, "sports ball": 0.006666666666666667, "surfboard": 0.0033333333333333335, "sheep": 0.006666666666666667, "cup": 0.0033333333333333335, "orange": 0.0033333333333333335, "bowl": 0.0033333333333333335, "frisbee": 0.0033333333333333335, "snowboard": 0.0033333333333333335, "density": 0.27666666666666667}