{"person": 0.11000000000000003, "boat": 0.05499999999999999, "bottle": 0.005, "bird": 0.025, "frisbee": 0.01, "bear": 0.015, "elephant": 0.005, "dog": 0.005, "umbrella": 0.005, "bench": 0.005, "density": 0.24}