{"beach": 0.6166666666666667, "in": 0.19333333333333333, "front": 0.10666666666666667, "our": 0.04, "house": 0.4633333333333333, "road": 0.39, "garden": 0.043333333333333335, "tree": 0.08333333333333333, "middle": 0.03, "at": 0.08666666666666667, "end": 0.08333333333333333, "ocean": 0.006666666666666667, "only": 0.0033333333333333335, "place": 0.0033333333333333335, "where": 0.016666666666666666, "you": 0.006666666666666667, "can": 0.006666666666666667, "see": 0.006666666666666667, "sun": 0.0033333333333333335, "woods": 0.016666666666666666, "short": 0.24, "walk": 0.25, "from": 0.2733333333333333, "was": 0.04666666666666667, "found": 0.03, "backyard": 0.01, "home": 0.01, "trail": 0.02, "cut": 0.006666666666666667, "down": 0.0033333333333333335, "view": 0.023333333333333334, "rock": 0.01, "so": 0.01, "big,": 0.0033333333333333335, "it's": 0.006666666666666667, "almost": 0.006666666666666667, "like": 0.01, "giant": 0.0033333333333333335, "just": 0.12, "forest": 0.013333333333333334, "full": 0.0033333333333333335, "plants": 0.0033333333333333335, "person": 0.013333333333333334, "lived": 0.01, "her": 0.0033333333333333335, "parents": 0.006666666666666667, "top": 0.013333333333333334, "path": 0.016666666666666666, "hotel": 0.013333333333333334, "jungle": 0.02, "red": 0.006666666666666667, "rocks": 0.01, "most": 0.006666666666666667, "beautiful": 0.03, "person,": 0.006666666666666667, "former": 0.0033333333333333335, "owner": 0.0033333333333333335, "temple": 0.02666666666666667, "property": 0.013333333333333334, "located": 0.0033333333333333335, "heart": 0.0033333333333333335, "city": 0.05333333333333334, "on": 0.023333333333333334, "popular": 0.01, "tourist": 0.0033333333333333335, "destination": 0.0033333333333333335, "coast": 0.02, "off": 0.0033333333333333335, "car": 0.01, "cave": 0.0033333333333333335, "market": 0.0033333333333333335, "for": 0.006666666666666667, "\u00a3": 0.0033333333333333335, "1": 0.0033333333333333335, "cliffs": 0.0033333333333333335, "steep,": 0.0033333333333333335, "barely": 0.0033333333333333335, "bit": 0.006666666666666667, "muddy,": 0.0033333333333333335, "but": 0.0033333333333333335, "not": 0.0033333333333333335, "bad": 0.0033333333333333335, "all": 0.0033333333333333335, "farm": 0.013333333333333334, "born": 0.0033333333333333335, "unusual": 0.0033333333333333335, "world": 0.0033333333333333335, "mess": 0.0033333333333333335, "looks": 0.0033333333333333335, "face": 0.0033333333333333335, "spot": 0.0033333333333333335, "tourists": 0.0033333333333333335, "who": 0.0033333333333333335, "accused": 0.0033333333333333335, "stealing": 0.0033333333333333335, "summit": 0.0033333333333333335, "his": 0.0033333333333333335, "castle": 0.0033333333333333335, "west": 0.0033333333333333335, "pair": 0.0033333333333333335, "shoes": 0.0033333333333333335, "this": 0.0033333333333333335, "i": 0.0033333333333333335, "grew": 0.0033333333333333335, "up": 0.0033333333333333335, "your": 0.0033333333333333335, "water": 0.0033333333333333335, "deep": 0.0033333333333333335, "waterfall": 0.0033333333333333335, "my": 0.0033333333333333335, "man": 0.0033333333333333335, "texture": 0.0033333333333333335, "image": 0.0033333333333333335, "#": 0.0033333333333333335, "meters": 0.0033333333333333335, "sandy": 0.0033333333333333335, "sea": 0.0033333333333333335, "view,": 0.0033333333333333335, "modern": 0.0033333333333333335, "design": 0.0033333333333333335}