{"umbrella": 0.004, "person": 0.09400000000000007, "bird": 0.024000000000000007, "zebra": 0.004, "sports ball": 0.004, "boat": 0.04200000000000002, "bear": 0.012, "chair": 0.004, "dog": 0.002, "cow": 0.006, "bench": 0.016, "surfboard": 0.008, "skis": 0.002, "fire hydrant": 0.002, "truck": 0.012, "car": 0.006, "kite": 0.004, "frisbee": 0.004, "dining table": 0.006, "bottle": 0.006, "motorcycle": 0.006, "giraffe": 0.002, "elephant": 0.004, "snowboard": 0.004, "sheep": 0.004, "cup": 0.002, "orange": 0.002, "bowl": 0.002, "train": 0.002, "suitcase": 0.002, "backpack": 0.002, "density": 0.294}