{"bear": 0.0075, "bird": 0.024999999999999998, "frisbee": 0.005, "surfboard": 0.01, "boat": 0.05000000000000001, "person": 0.09250000000000004, "bottle": 0.0075, "zebra": 0.005, "bench": 0.015000000000000001, "chair": 0.0025, "dining table": 0.0075, "sports ball": 0.0075, "giraffe": 0.0025, "snowboard": 0.0025, "umbrella": 0.005, "elephant": 0.0025, "truck": 0.0075, "car": 0.0075, "train": 0.0025, "skis": 0.0025, "cow": 0.0025, "cup": 0.0025, "orange": 0.0025, "bowl": 0.0025, "density": 0.2775}