{"cow": 0.006666666666666667, "sheep": 0.013333333333333334, "person": 0.05666666666666667, "bear": 0.0033333333333333335, "bird": 0.013333333333333334, "zebra": 0.006666666666666667, "truck": 0.01, "refrigerator": 0.006666666666666667, "boat": 0.04, "surfboard": 0.013333333333333334, "cup": 0.0033333333333333335, "orange": 0.0033333333333333335, "bowl": 0.0033333333333333335, "snowboard": 0.006666666666666667, "umbrella": 0.0033333333333333335, "car": 0.0033333333333333335, "motorcycle": 0.01, "airplane": 0.0033333333333333335, "bench": 0.013333333333333334, "chair": 0.013333333333333334, "dining table": 0.01, "bottle": 0.0033333333333333335, "elephant": 0.0033333333333333335, "sports ball": 0.006666666666666667, "density": 1.5098039215686274}