{"car": 0.520000000000001, "giraffe": 0.01, "bench": 0.006666666666666667, "sheep": 0.006666666666666667, "cow": 0.01, "kite": 0.016666666666666666, "person": 0.11333333333333324, "boat": 0.02666666666666667, "skateboard": 0.0033333333333333335, "refrigerator": 0.0033333333333333335, "truck": 0.07999999999999997, "train": 0.013333333333333334, "bus": 0.02, "surfboard": 0.0033333333333333335, "airplane": 0.02, "zebra": 0.0033333333333333335, "tie": 0.01, "stop sign": 0.01, "handbag": 0.0033333333333333335, "traffic light": 0.0033333333333333335, "bicycle": 0.0033333333333333335, "bird": 0.006666666666666667, "potted plant": 0.0033333333333333335, "motorcycle": 0.0033333333333333335, "density": 0.9}