{"city": 0.08666666666666667, "small": 0.02, "village": 0.04666666666666667, "property": 0.07333333333333333, "image": 0.04, "#": 0.04, "house": 0.23333333333333334, "in": 0.15666666666666668, "countryside": 0.05, "large": 0.02, "swimming": 0.02, "pool": 0.02, "road": 0.62, "sign": 0.01, "middle": 0.02, "forest": 0.013333333333333334, "view": 0.06333333333333334, "from": 0.04666666666666667, "our": 0.0033333333333333335, "room": 0.0033333333333333335, "castle": 0.09, "closed": 0.0033333333333333335, "for": 0.01, "weekend": 0.0033333333333333335, "site": 0.006666666666666667, "old": 0.006666666666666667, "temple": 0.0033333333333333335, "mountains": 0.05333333333333334, "where": 0.05333333333333334, "person": 0.06, "lived": 0.04, "parking": 0.016666666666666666, "lot": 0.013333333333333334, "lake": 0.01, "sun": 0.0033333333333333335, "sets": 0.0033333333333333335, "over": 0.006666666666666667, "horizon": 0.0033333333333333335, "was": 0.05333333333333334, "found": 0.016666666666666666, "farm": 0.14333333333333334, "his": 0.02, "parents": 0.006666666666666667, "bridge": 0.01, "river": 0.016666666666666666, "apartment": 0.0033333333333333335, "center": 0.013333333333333334, "beach": 0.06666666666666667, "field": 0.023333333333333334, "located": 0.04, "building": 0.006666666666666667, "beautiful": 0.03, "place": 0.02666666666666667, "visit": 0.02666666666666667, "car": 0.04, "parked": 0.01, "on": 0.03333333333333333, "lined": 0.016666666666666666, "trees": 0.016666666666666666, "home": 0.02, "person,": 0.016666666666666666, "who": 0.016666666666666666, "shot": 0.01, "sea": 0.0033333333333333335, "heart": 0.0033333333333333335, "airport": 0.02666666666666667, "detached": 0.006666666666666667, "chalet": 0.006666666666666667, "park": 0.0033333333333333335, "set": 0.0033333333333333335, "be": 0.0033333333333333335, "transformed": 0.0033333333333333335, "into": 0.0033333333333333335, "a-acre": 0.0033333333333333335, "born": 0.0033333333333333335, "church": 0.0033333333333333335, "wheat": 0.0033333333333333335, "spotted": 0.02, "good": 0.0033333333333333335, "condition": 0.0033333333333333335, "movie": 0.006666666666666667, "street": 0.01, "corn": 0.006666666666666667, "fall": 0.0033333333333333335, "landscape": 0.01, "mix": 0.0033333333333333335, "dry": 0.0033333333333333335, "wet": 0.0033333333333333335, "land": 0.0033333333333333335, "town": 0.013333333333333334, "area": 0.006666666666666667, "couple": 0.0033333333333333335, "were": 0.006666666666666667, "seen": 0.006666666666666667, "walking": 0.0033333333333333335, "their": 0.0033333333333333335, "dogs": 0.0033333333333333335, "driving": 0.0033333333333333335, "along": 0.0033333333333333335, "ferry": 0.0033333333333333335, "i": 0.0033333333333333335, "grew": 0.0033333333333333335, "up": 0.0033333333333333335, "hotel": 0.01, "wall": 0.0033333333333333335, "former": 0.0033333333333333335, "factory": 0.0033333333333333335, "grass": 0.0033333333333333335, "horse": 0.006666666666666667, "mother": 0.01, "farmhouse": 0.0033333333333333335, "boat": 0.02, "off": 0.0033333333333333335, "coast": 0.0033333333333333335, "now": 0.0033333333333333335, "living": 0.0033333333333333335, "m": 0.006666666666666667, "internet,": 0.0033333333333333335, "air": 0.0033333333333333335, "conditioning,": 0.0033333333333333335, "couple's": 0.0033333333333333335, "market": 0.006666666666666667, "$1": 0.0033333333333333335, "photographer": 0.0033333333333333335, "neighborhood": 0.01, "houses": 0.0033333333333333335, "woods": 0.006666666666666667, "\u00a3": 0.0033333333333333335, "1": 0.0033333333333333335, "tunnel": 0.0033333333333333335, ":": 0.0033333333333333335, "region": 0.006666666666666667, "replica": 0.0033333333333333335, "one": 0.006666666666666667, "used": 0.0033333333333333335, "crew": 0.0033333333333333335, "border": 0.0033333333333333335, "biological": 0.0033333333333333335, "species": 0.0033333333333333335, "junction": 0.0033333333333333335, "accused": 0.0033333333333333335, "stealing": 0.0033333333333333335, "man": 0.0033333333333333335, "rides": 0.0033333333333333335, "country": 0.006666666666666667, "so": 0.0033333333333333335, "wide": 0.0033333333333333335, "almost": 0.0033333333333333335, "like": 0.0033333333333333335, "trip": 0.0033333333333333335, "through": 0.0033333333333333335, "typical": 0.0033333333333333335, "stone": 0.0033333333333333335, "house,": 0.0033333333333333335, "standing": 0.0033333333333333335, "alone,": 0.0033333333333333335, "near": 0.0033333333333333335, "beach,": 0.0033333333333333335, "nature": 0.0033333333333333335, "reserve": 0.0033333333333333335, "we": 0.0033333333333333335, "long": 0.0033333333333333335}