{"car": 1.6274999999999764, "person": 0.6599999999999969, "truck": 0.19500000000000012, "bus": 0.029999999999999995, "bicycle": 0.08000000000000003, "surfboard": 0.005, "traffic light": 0.034999999999999996, "bird": 0.01, "motorcycle": 0.15750000000000008, "clock": 0.005, "giraffe": 0.0075, "bench": 0.034999999999999996, "microwave": 0.0025, "umbrella": 0.015000000000000001, "backpack": 0.005, "tv": 0.0025, "suitcase": 0.0025, "skateboard": 0.0075, "chair": 0.027499999999999997, "boat": 0.0025, "parking meter": 0.0025, "kite": 0.0075, "dog": 0.005, "train": 0.015000000000000001, "fire hydrant": 0.0025, "refrigerator": 0.005, "sheep": 0.0025, "potted plant": 0.02, "horse": 0.0025, "stop sign": 0.005, "bottle": 0.0075, "cow": 0.0025, "toothbrush": 0.0025, "airplane": 0.0025, "density": 2.995}