{"car": 1.616666666666677, "person": 0.6599999999999996, "motorcycle": 0.1433333333333332, "truck": 0.20999999999999974, "umbrella": 0.016666666666666666, "stop sign": 0.006666666666666667, "zebra": 0.0033333333333333335, "airplane": 0.0033333333333333335, "skateboard": 0.006666666666666667, "backpack": 0.01, "toothbrush": 0.0033333333333333335, "potted plant": 0.02666666666666667, "bus": 0.04, "bicycle": 0.05, "boat": 0.013333333333333334, "chair": 0.030000000000000002, "bench": 0.043333333333333335, "dog": 0.006666666666666667, "clock": 0.0033333333333333335, "bird": 0.013333333333333334, "giraffe": 0.01, "sheep": 0.0033333333333333335, "refrigerator": 0.0033333333333333335, "traffic light": 0.02666666666666667, "surfboard": 0.006666666666666667, "train": 0.013333333333333334, "kite": 0.013333333333333334, "suitcase": 0.0033333333333333335, "horse": 0.0033333333333333335, "density": 4.721052631578948}