{"car": 1.6633333333333447, "person": 0.6299999999999999, "truck": 0.18999999999999978, "traffic light": 0.04666666666666667, "bench": 0.030000000000000002, "motorcycle": 0.1799999999999998, "bicycle": 0.04666666666666667, "potted plant": 0.023333333333333334, "bus": 0.03666666666666667, "zebra": 0.0033333333333333335, "umbrella": 0.013333333333333334, "bird": 0.02, "dog": 0.006666666666666667, "cow": 0.0033333333333333335, "fire hydrant": 0.0033333333333333335, "toothbrush": 0.0033333333333333335, "giraffe": 0.006666666666666667, "stop sign": 0.006666666666666667, "boat": 0.0033333333333333335, "chair": 0.02, "train": 0.006666666666666667, "skateboard": 0.006666666666666667, "refrigerator": 0.0033333333333333335, "bottle": 0.01, "airplane": 0.006666666666666667, "backpack": 0.0033333333333333335, "clock": 0.0033333333333333335, "sheep": 0.0033333333333333335, "density": 2.98}