{"car": 1.9499999999999804, "bench": 0.045, "potted plant": 0.030000000000000002, "person": 0.6800000000000005, "chair": 0.02, "parking meter": 0.005, "truck": 0.23000000000000012, "bus": 0.045, "motorcycle": 0.11500000000000003, "bicycle": 0.05999999999999999, "train": 0.015, "surfboard": 0.005, "backpack": 0.005, "frisbee": 0.005, "traffic light": 0.030000000000000002, "umbrella": 0.015, "boat": 0.005, "kite": 0.015, "bird": 0.015, "dog": 0.01, "clock": 0.01, "refrigerator": 0.005, "giraffe": 0.01, "skis": 0.005, "stop sign": 0.005, "bottle": 0.015, "density": 3.35}