{"car": 1.7400000000000013, "person": 0.6680000000000005, "truck": 0.21800000000000017, "stop sign": 0.006, "giraffe": 0.01, "umbrella": 0.016, "traffic light": 0.044000000000000025, "bench": 0.034000000000000016, "motorcycle": 0.1440000000000001, "dog": 0.004, "bird": 0.020000000000000004, "potted plant": 0.02600000000000001, "bus": 0.034000000000000016, "chair": 0.02600000000000001, "bicycle": 0.07200000000000005, "surfboard": 0.004, "airplane": 0.004, "bottle": 0.006, "sheep": 0.002, "train": 0.012, "suitcase": 0.002, "boat": 0.008, "kite": 0.008, "fire hydrant": 0.004, "horse": 0.004, "skis": 0.002, "parking meter": 0.002, "microwave": 0.002, "skateboard": 0.006, "cow": 0.002, "toothbrush": 0.002, "backpack": 0.004, "frisbee": 0.002, "refrigerator": 0.002, "clock": 0.004, "zebra": 0.002, "density": 3.146}