{"car": 1.6200000000000012, "motorcycle": 0.11999999999999998, "truck": 0.21000000000000005, "bicycle": 0.05, "person": 0.46000000000000024, "suitcase": 0.01, "skateboard": 0.01, "bottle": 0.03, "chair": 0.01, "potted plant": 0.01, "traffic light": 0.060000000000000005, "bus": 0.02, "train": 0.02, "bird": 0.04, "airplane": 0.01, "dog": 0.01, "bench": 0.03, "umbrella": 0.01, "boat": 0.01, "density": 2.74}