{"property": 0.016666666666666666, "located": 0.09666666666666666, "in": 0.26, "neighborhood": 0.04666666666666667, "couple": 0.023333333333333334, "were": 0.02, "found": 0.05333333333333334, "car": 0.09666666666666666, "street": 0.12, "city": 0.17, "road": 0.2633333333333333, "temple": 0.03, "beach": 0.09333333333333334, "man": 0.056666666666666664, "was": 0.13666666666666666, "arrested": 0.04, "after": 0.05, "he": 0.04, "reportedly": 0.03666666666666667, "threw": 0.013333333333333334, "brick": 0.006666666666666667, "into": 0.01, "garden": 0.013333333333333334, "surrounded": 0.0033333333333333335, "beautiful": 0.023333333333333334, "landscape": 0.0033333333333333335, "trail": 0.0033333333333333335, "short": 0.0033333333333333335, "walk": 0.0033333333333333335, "from": 0.03333333333333333, "house": 0.2866666666666667, "area": 0.016666666666666666, "forced": 0.0033333333333333335, "leave": 0.0033333333333333335, "their": 0.0033333333333333335, "home": 0.06333333333333334, "attack": 0.0033333333333333335, "parking": 0.02, "lot": 0.02, "seen": 0.016666666666666666, "small": 0.05, "town": 0.06, "stole": 0.006666666666666667, "drove": 0.006666666666666667, "away": 0.0033333333333333335, "suitcase": 0.0033333333333333335, "where": 0.16666666666666666, "person": 0.13333333333333333, "closed": 0.006666666666666667, "for": 0.013333333333333334, "next": 0.0033333333333333335, "few": 0.0033333333333333335, "days": 0.0033333333333333335, "person,": 0.043333333333333335, "who": 0.043333333333333335, "now": 0.03, "living": 0.02666666666666667, "i": 0.023333333333333334, "lived": 0.11666666666666667, "mountains": 0.0033333333333333335, "main": 0.006666666666666667, "couple's": 0.0033333333333333335, "on": 0.006666666666666667, "corner": 0.0033333333333333335, "parked": 0.013333333333333334, "front": 0.006666666666666667, "only": 0.0033333333333333335, "way": 0.0033333333333333335, "get": 0.0033333333333333335, "around": 0.006666666666666667, "go": 0.0033333333333333335, "jungle": 0.006666666666666667, "shot": 0.02, "building": 0.07, "park": 0.02, "site": 0.01, "proposed": 0.006666666666666667, "new": 0.006666666666666667, "school": 0.006666666666666667, "council": 0.0033333333333333335, "has": 0.0033333333333333335, "approved": 0.0033333333333333335, "plan": 0.0033333333333333335, "build": 0.0033333333333333335, "a-square": 0.0033333333333333335, "-": 0.0033333333333333335, "foot": 0.0033333333333333335, "struck": 0.0033333333333333335, "tree": 0.02, "cut": 0.006666666666666667, "down": 0.013333333333333334, "planted": 0.0033333333333333335, "streets": 0.03333333333333333, "filled": 0.006666666666666667, "shops": 0.013333333333333334, "restaurants": 0.013333333333333334, "heart": 0.023333333333333334, "her": 0.0033333333333333335, "parents": 0.01, "trees": 0.013333333333333334, "growing": 0.006666666666666667, "born": 0.016666666666666666, "this": 0.02, "his": 0.02, "wife": 0.0033333333333333335, "children": 0.0033333333333333335, "lined": 0.03, "houses": 0.016666666666666666, "old": 0.013333333333333334, "middle": 0.03, "stolen": 0.0033333333333333335, "farm": 0.02, "valley": 0.0033333333333333335, "view": 0.02, "movie": 0.013333333333333334, "castle": 0.006666666666666667, "truck": 0.0033333333333333335, "spotted": 0.006666666666666667, "wall": 0.006666666666666667, "entrance": 0.01, "hotel": 0.02, "a-bedroom": 0.006666666666666667, "apartment": 0.0033333333333333335, "walks": 0.006666666666666667, "grew": 0.01, "up": 0.01, "bottle": 0.006666666666666667, "at": 0.01, "police": 0.006666666666666667, "officer": 0.006666666666666667, "family": 0.006666666666666667, "field": 0.006666666666666667, "backyard": 0.0033333333333333335, "village": 0.013333333333333334, "built": 0.0033333333333333335, "market": 0.0033333333333333335, "$4": 0.0033333333333333335, "future": 0.0033333333333333335, "restaurant": 0.0033333333333333335, "mother": 0.01, "accused": 0.0033333333333333335, "stealing": 0.0033333333333333335, "ran": 0.02, "over": 0.02, "river": 0.0033333333333333335, "popular": 0.0033333333333333335, "spot": 0.0033333333333333335, "fishing": 0.0033333333333333335, "palm": 0.0033333333333333335, "full": 0.0033333333333333335, "bloom": 0.0033333333333333335, "place": 0.01, "visit": 0.01, "former": 0.0033333333333333335, "factory": 0.0033333333333333335, "fence": 0.0033333333333333335, "sign": 0.0033333333333333335, "woods": 0.0033333333333333335, "live": 0.006666666666666667, "day": 0.0033333333333333335, "center": 0.0033333333333333335, "killed": 0.006666666666666667, "hit": 0.0033333333333333335, "him": 0.006666666666666667, "head": 0.0033333333333333335, "allegedly": 0.006666666666666667, "crowd": 0.0033333333333333335, "people": 0.0033333333333333335, "gates": 0.0033333333333333335, "undated": 0.0033333333333333335, "image": 0.0033333333333333335, "countryside": 0.0033333333333333335}