{"road": 0.5333333333333333, "beach": 0.07666666666666666, "temple": 0.33666666666666667, "airport": 0.006666666666666667, "house": 0.16333333333333333, "in": 0.2, "jungle": 0.023333333333333334, "short": 0.0033333333333333335, "walk": 0.0033333333333333335, "from": 0.07, "artist": 0.0033333333333333335, "streets": 0.013333333333333334, "lined": 0.01, "old": 0.016666666666666666, "houses": 0.0033333333333333335, "park": 0.02666666666666667, "full": 0.006666666666666667, "trees": 0.006666666666666667, "middle": 0.06333333333333334, "property": 0.02, "image": 0.01, "#": 0.01, "m": 0.006666666666666667, "center": 0.006666666666666667, "person": 0.03, "farm": 0.03666666666666667, "street": 0.08333333333333333, "city": 0.11333333333333333, "busy": 0.013333333333333334, "located": 0.06, "neighborhood": 0.01, "forest": 0.03333333333333333, "where": 0.02666666666666667, "lived": 0.016666666666666666, "sun": 0.0033333333333333335, "sets": 0.0033333333333333335, "over": 0.0033333333333333335, "field": 0.01, "small": 0.043333333333333335, "town": 0.05333333333333334, "countryside": 0.013333333333333334, "heart": 0.02, "this": 0.0033333333333333335, "tree": 0.06, "i": 0.013333333333333334, "grew": 0.0033333333333333335, "up": 0.0033333333333333335, "view": 0.02, "boat": 0.02, "man": 0.03666666666666667, "rides": 0.006666666666666667, "motorcycle": 0.0033333333333333335, "on": 0.02, "closed": 0.01, "for": 0.016666666666666666, "weekend": 0.006666666666666667, "building": 0.023333333333333334, "scene": 0.006666666666666667, "live": 0.006666666666666667, "through": 0.016666666666666666, "trip": 0.006666666666666667, "river": 0.013333333333333334, "couple": 0.013333333333333334, "were": 0.02, "found": 0.01, "parking": 0.0033333333333333335, "lot": 0.0033333333333333335, "was": 0.04666666666666667, "killed": 0.01, "after": 0.016666666666666666, "car": 0.013333333333333334, "hit": 0.0033333333333333335, "him": 0.0033333333333333335, "head": 0.0033333333333333335, "walks": 0.016666666666666666, "along": 0.006666666666666667, "main": 0.01, "movie": 0.023333333333333334, "rice": 0.006666666666666667, "spotted": 0.0033333333333333335, "village": 0.04666666666666667, "province": 0.0033333333333333335, "beautiful": 0.03, "place": 0.023333333333333334, "visit": 0.01, "parked": 0.006666666666666667, "front": 0.0033333333333333335, "restaurant": 0.0033333333333333335, "past": 0.01, "palm": 0.0033333333333333335, "garden,": 0.0033333333333333335, "terrace": 0.0033333333333333335, "sea": 0.0033333333333333335, "popular": 0.006666666666666667, "tourists": 0.006666666666666667, "enjoy": 0.0033333333333333335, "nature": 0.0033333333333333335, "site": 0.0033333333333333335, "former": 0.0033333333333333335, "factory": 0.0033333333333333335, "area": 0.0033333333333333335, "ride": 0.0033333333333333335, "several": 0.0033333333333333335, "hours": 0.0033333333333333335, "his": 0.0033333333333333335, "motorbike": 0.0033333333333333335, "top": 0.0033333333333333335, "hill": 0.0033333333333333335, "plants": 0.0033333333333333335, "arrested": 0.0033333333333333335, "he": 0.0033333333333333335, "allegedly": 0.0033333333333333335, "threw": 0.0033333333333333335, "stone": 0.0033333333333333335, "at": 0.0033333333333333335, "sight": 0.006666666666666667, "growing": 0.006666666666666667, "farmer": 0.0033333333333333335, "surrounded": 0.0033333333333333335, "forced": 0.0033333333333333335, "flee": 0.0033333333333333335, "their": 0.0033333333333333335, "home": 0.006666666666666667, "attack": 0.0033333333333333335, "person,": 0.0033333333333333335, "who": 0.0033333333333333335, "missing": 0.0033333333333333335, "now": 0.0033333333333333335, "public": 0.0033333333333333335, "fields": 0.0033333333333333335, "gate": 0.0033333333333333335, "cut": 0.01, "down": 0.01, "remaining": 0.0033333333333333335, "branches": 0.0033333333333333335, "walking": 0.006666666666666667, "when": 0.0033333333333333335, "they": 0.0033333333333333335, "noticed": 0.0033333333333333335, "large": 0.0033333333333333335, "painting": 0.0033333333333333335, "author": 0.0033333333333333335, "entrance": 0.006666666666666667, "shops": 0.0033333333333333335, "restaurants": 0.0033333333333333335, "seen": 0.006666666666666667, "planted": 0.0033333333333333335, "garden": 0.006666666666666667, "backyard": 0.006666666666666667, "falling": 0.006666666666666667, "we": 0.0033333333333333335, "driving": 0.0033333333333333335, "rural": 0.0033333333333333335, "symbol": 0.0033333333333333335, "spirit": 0.0033333333333333335, "explore": 0.0033333333333333335, "high": 0.0033333333333333335, "-": 0.0033333333333333335, "rise": 0.0033333333333333335, "hiding": 0.0033333333333333335, "bus": 0.0033333333333333335, "behold": 0.0033333333333333335, "temples": 0.0033333333333333335, "born": 0.0033333333333333335}