{"person": 1.4566666666666732, "bicycle": 0.2633333333333331, "bench": 0.09333333333333328, "truck": 0.23666666666666636, "motorcycle": 0.16333333333333316, "car": 0.22333333333333305, "bus": 0.05666666666666667, "backpack": 0.01, "bird": 0.030000000000000002, "traffic light": 0.0033333333333333335, "giraffe": 0.01, "fire hydrant": 0.02666666666666667, "handbag": 0.02, "cow": 0.016666666666666666, "teddy bear": 0.0033333333333333335, "boat": 0.03666666666666667, "kite": 0.023333333333333334, "umbrella": 0.02, "train": 0.02, "chair": 0.006666666666666667, "skateboard": 0.0033333333333333335, "surfboard": 0.0033333333333333335, "skis": 0.0033333333333333335, "elephant": 0.0033333333333333335, "stop sign": 0.0033333333333333335, "horse": 0.0033333333333333335, "zebra": 0.0033333333333333335, "density": 2.743333333333333}