{"person": 1.6200000000000012, "bicycle": 0.36000000000000015, "bench": 0.13999999999999999, "truck": 0.3100000000000001, "motorcycle": 0.23000000000000007, "car": 0.21000000000000005, "cow": 0.03, "horse": 0.01, "bird": 0.03, "boat": 0.02, "backpack": 0.03, "bus": 0.08, "train": 0.03, "umbrella": 0.03, "handbag": 0.01, "surfboard": 0.01, "skis": 0.01, "traffic light": 0.01, "density": 3.17}