{"dirt": 0.21, "road": 0.5033333333333333, "truck": 0.08, "in": 0.2633333333333333, "distance": 0.01, "field": 0.31333333333333335, "animals": 0.18666666666666668, "grazing": 0.07, "green": 0.1, "sheep": 0.07666666666666666, "car": 0.36333333333333334, "driving": 0.23333333333333334, "down": 0.17333333333333334, "horse": 0.03666666666666667, "on": 0.2833333333333333, "side": 0.09333333333333334, "parked": 0.16, "background": 0.06666666666666667, "few": 0.04666666666666667, "big": 0.016666666666666666, "lot": 0.1, "cars": 0.043333333333333335, "desert": 0.09666666666666666, "street": 0.03, "motorcycle": 0.17, "van": 0.006666666666666667, "trees": 0.03666666666666667, "landscape": 0.006666666666666667, "some": 0.023333333333333334, "blurry": 0.10333333333333333, "farm": 0.016666666666666666, "pasture": 0.013333333333333334, "very": 0.01, "rocky": 0.01, "trail": 0.01, "rocks": 0.01, "motorcycles": 0.016666666666666666, "large": 0.12, "long": 0.023333333333333334, "amount": 0.0033333333333333335, "vegetation": 0.0033333333333333335, "beach": 0.0033333333333333335, "parking": 0.0033333333333333335, "next": 0.06333333333333334, "forest": 0.023333333333333334, "bench": 0.013333333333333334, "sitting": 0.006666666666666667, "under": 0.0033333333333333335, "shade": 0.0033333333333333335, "tree": 0.013333333333333334, "grass": 0.02666666666666667, "herd": 0.10333333333333333, "cattle": 0.03333333333333333, "path": 0.006666666666666667, "shown": 0.0033333333333333335, "near": 0.016666666666666666, "middle": 0.04666666666666667, "dog": 0.016666666666666666, "standing": 0.016666666666666666, "line": 0.02, "walking": 0.0033333333333333335, "narrow": 0.0033333333333333335, "cows": 0.03, "through": 0.01, "hills": 0.0033333333333333335, "body": 0.006666666666666667, "water": 0.006666666666666667, "small": 0.006666666666666667, "waterfall": 0.0033333333333333335, "person": 0.01, "plane": 0.0033333333333333335, "hill": 0.006666666666666667, "pile": 0.0033333333333333335, "top": 0.013333333333333334, "houses": 0.0033333333333333335, "blue": 0.0033333333333333335, "building": 0.013333333333333334, "cliff": 0.006666666666666667, "wide": 0.0033333333333333335, "image": 0.0033333333333333335, "nice": 0.0033333333333333335, "looking": 0.0033333333333333335, "fog": 0.0033333333333333335, "past": 0.006666666666666667, "stop": 0.013333333333333334, "sign": 0.02, "sand": 0.0033333333333333335, "man": 0.01, "climbing": 0.0033333333333333335, "ladder": 0.0033333333333333335, "train": 0.01, "taking": 0.0033333333333333335, "mountain": 0.013333333333333334, "elephants": 0.0033333333333333335, "front": 0.01, "highway": 0.0033333333333333335, "scene": 0.006666666666666667, "white": 0.01, "fence": 0.006666666666666667, "number": 0.006666666666666667, "cow": 0.006666666666666667, "other": 0.0033333333333333335, "traffic": 0.0033333333333333335, "riding": 0.0033333333333333335, "jungle": 0.0033333333333333335, "vehicles": 0.0033333333333333335, "ground": 0.006666666666666667, "boat": 0.0033333333333333335, "leaves": 0.0033333333333333335, "wooden": 0.0033333333333333335, "structure": 0.0033333333333333335, "yellow": 0.0033333333333333335, "arrow": 0.0033333333333333335, "two": 0.0033333333333333335, "track": 0.006666666666666667, "car,": 0.0033333333333333335, "truck,": 0.0033333333333333335, "rock": 0.006666666666666667, "formation": 0.0033333333333333335, "grassy": 0.0033333333333333335, "reads": 0.0033333333333333335, "\"the": 0.0033333333333333335, "mouse\"": 0.0033333333333333335, "": 0.18666666666666668, "vehicle": 0.0033333333333333335, "couple": 0.0033333333333333335, "lush": 0.006666666666666667, "steel": 0.0033333333333333335, "laying": 0.0033333333333333335}