{"city": 0.10666666666666667, "vineyard": 0.0033333333333333335, "located": 0.04, "road": 0.64, "house": 0.13333333333333333, "car": 0.19333333333333333, "was": 0.12666666666666668, "spotted": 0.03666666666666667, "on": 0.04666666666666667, "found": 0.06, "in": 0.14333333333333334, "middle": 0.05333333333333334, "desert": 0.1, "farm": 0.07333333333333333, "small": 0.016666666666666666, "town": 0.016666666666666666, "park": 0.043333333333333335, "area": 0.013333333333333334, "couple": 0.006666666666666667, "were": 0.006666666666666667, "walking": 0.016666666666666666, "countryside": 0.01, "beach": 0.16, "seen": 0.01, "through": 0.04666666666666667, "woods": 0.023333333333333334, "trees": 0.013333333333333334, "so": 0.006666666666666667, "beautiful": 0.03333333333333333, "where": 0.01, "person": 0.03333333333333333, "lived": 0.006666666666666667, "landscape": 0.006666666666666667, "region": 0.0033333333333333335, "future": 0.0033333333333333335, "property": 0.02666666666666667, "market": 0.006666666666666667, "for": 0.03, "\u00a3": 0.006666666666666667, "1": 0.006666666666666667, "short": 0.02, "walk": 0.02, "from": 0.04, "popular": 0.016666666666666666, "tourist": 0.01, "destination": 0.013333333333333334, "parked": 0.02, "sun": 0.006666666666666667, "sets": 0.006666666666666667, "over": 0.006666666666666667, "mountains": 0.02, "long": 0.02, "way": 0.013333333333333334, "wild": 0.0033333333333333335, "west": 0.0033333333333333335, "home": 0.016666666666666666, "number": 0.0033333333333333335, "species": 0.0033333333333333335, "native": 0.0033333333333333335, "plants": 0.0033333333333333335, "animals": 0.0033333333333333335, "castle": 0.0033333333333333335, "border": 0.01, "site": 0.0033333333333333335, "proposed": 0.0033333333333333335, "new": 0.0033333333333333335, "school": 0.0033333333333333335, "suburb": 0.0033333333333333335, "man": 0.02666666666666667, "fined": 0.0033333333333333335, "$100": 0.0033333333333333335, "driving": 0.03, "not": 0.0033333333333333335, "properly": 0.0033333333333333335, "registered": 0.0033333333333333335, "took": 0.0033333333333333335, "hospital": 0.0033333333333333335, "view": 0.016666666666666666, "parking": 0.006666666666666667, "lot": 0.006666666666666667, "top": 0.016666666666666666, "field": 0.03, "drives": 0.016666666666666666, "along": 0.0033333333333333335, "hotel": 0.016666666666666666, "place": 0.02666666666666667, "visit": 0.016666666666666666, "river": 0.006666666666666667, "person,": 0.013333333333333334, "who": 0.013333333333333334, "shot": 0.01, "closed": 0.006666666666666667, "several": 0.0033333333333333335, "hours": 0.0033333333333333335, "hill": 0.006666666666666667, "stairs": 0.0033333333333333335, "nowhere": 0.0033333333333333335, "now": 0.0033333333333333335, "sign": 0.0033333333333333335, "at": 0.006666666666666667, "entrance": 0.006666666666666667, "bush": 0.0033333333333333335, "remote": 0.0033333333333333335, "village": 0.006666666666666667, "pilgrimage": 0.006666666666666667, "many": 0.006666666666666667, "people": 0.0033333333333333335, "forest": 0.02666666666666667, "stands": 0.0033333333333333335, "front": 0.0033333333333333335, "tree": 0.03333333333333333, "drive": 0.006666666666666667, "full": 0.006666666666666667, "his": 0.006666666666666667, "mother": 0.0033333333333333335, "down": 0.0033333333333333335, "rock": 0.01, "big,": 0.0033333333333333335, "it's": 0.0033333333333333335, "almost": 0.0033333333333333335, "like": 0.0033333333333333335, "highway": 0.0033333333333333335, "private": 0.0033333333333333335, "community": 0.0033333333333333335, "this": 0.0033333333333333335, "undated": 0.0033333333333333335, "image": 0.0033333333333333335, "spot": 0.0033333333333333335, "biking": 0.0033333333333333335, "just": 0.0033333333333333335, "overlooking": 0.0033333333333333335, "ocean": 0.0033333333333333335, "cave": 0.006666666666666667, "rural": 0.006666666666666667, "wall": 0.0033333333333333335, "fell": 0.0033333333333333335, "next": 0.0033333333333333335, "few": 0.0033333333333333335, "days": 0.0033333333333333335, "day": 0.0033333333333333335, "waterfalls": 0.0033333333333333335, "sight": 0.0033333333333333335, "behold": 0.0033333333333333335, "tourists": 0.0033333333333333335, "temple": 0.0033333333333333335, "formation": 0.0033333333333333335, "heart": 0.006666666666666667, "airport": 0.0033333333333333335, "young": 0.0033333333333333335, "boy": 0.0033333333333333335, "photographer": 0.0033333333333333335, "said": 0.0033333333333333335, "he": 0.006666666666666667, "filmed": 0.0033333333333333335, "arrested": 0.0033333333333333335, "after": 0.0033333333333333335, "allegedly": 0.0033333333333333335, "ran": 0.0033333333333333335, "one": 0.006666666666666667, "travelers": 0.0033333333333333335, "red": 0.0033333333333333335, "sandstone": 0.0033333333333333335, "cliffs": 0.0033333333333333335, "national": 0.0033333333333333335, "trail": 0.0033333333333333335, "campsite": 0.0033333333333333335, "end": 0.0033333333333333335}