{"car": 0.06666666666666667, "boat": 0.0033333333333333335, "truck": 0.03333333333333333, "bird": 0.013333333333333334, "person": 0.030000000000000002, "zebra": 0.0033333333333333335, "bench": 0.0033333333333333335, "giraffe": 0.013333333333333334, "bus": 0.0033333333333333335, "kite": 0.0033333333333333335, "toilet": 0.0033333333333333335, "elephant": 0.0033333333333333335, "cow": 0.016666666666666666, "sports ball": 0.0033333333333333335, "sheep": 0.006666666666666667, "bear": 0.0033333333333333335, "density": 0.21}