{"bridge": 0.01, "over": 0.013333333333333334, "river": 0.016666666666666666, "car": 0.03666666666666667, "park": 0.023333333333333334, "at": 0.0033333333333333335, "airport": 0.0033333333333333335, "landscape": 0.016666666666666666, "region": 0.016666666666666666, "road": 0.66, "castle": 0.08333333333333333, "house": 0.24666666666666667, "where": 0.013333333333333334, "person": 0.02, "lived": 0.013333333333333334, "his": 0.006666666666666667, "mother": 0.006666666666666667, "beach": 0.06666666666666667, "farm": 0.15333333333333332, "mountains": 0.10333333333333333, "city": 0.11666666666666667, "for": 0.02, "sale": 0.013333333333333334, "property": 0.08666666666666667, "lined": 0.006666666666666667, "trees": 0.013333333333333334, "beautiful": 0.05, "girl": 0.0033333333333333335, "in": 0.16333333333333333, "field": 0.01, "place": 0.03666666666666667, "visit": 0.03666666666666667, "country": 0.01, "village": 0.04666666666666667, "image": 0.05333333333333334, "#": 0.05333333333333334, "m": 0.01, "from": 0.04, "center": 0.01, "unesco": 0.0033333333333333335, "world": 0.0033333333333333335, "heritage": 0.0033333333333333335, "site": 0.016666666666666666, "internet,": 0.006666666666666667, "pool,": 0.0033333333333333335, "washing": 0.0033333333333333335, "machine": 0.0033333333333333335, "countryside": 0.05333333333333334, "view": 0.02666666666666667, "small": 0.03666666666666667, "town": 0.03333333333333333, "tree": 0.01, "middle": 0.016666666666666666, "street": 0.0033333333333333335, "truck": 0.006666666666666667, "was": 0.023333333333333334, "spotted": 0.0033333333333333335, "on": 0.016666666666666666, "located": 0.04666666666666667, "neighborhood": 0.013333333333333334, "cave": 0.0033333333333333335, "drive": 0.0033333333333333335, "luxury": 0.0033333333333333335, "self": 0.0033333333333333335, "catered": 0.0033333333333333335, "chalet": 0.006666666666666667, "heart": 0.006666666666666667, "proposed": 0.01, "new": 0.01, "school": 0.006666666666666667, "man": 0.006666666666666667, "shot": 0.006666666666666667, "killed": 0.0033333333333333335, "after": 0.006666666666666667, "he": 0.006666666666666667, "head": 0.0033333333333333335, "rifle": 0.0033333333333333335, "forest": 0.013333333333333334, "apartment": 0.006666666666666667, "rental": 0.0033333333333333335, "-": 0.0033333333333333335, "entrance": 0.0033333333333333335, "building": 0.0033333333333333335, "this": 0.006666666666666667, "home": 0.0033333333333333335, "air": 0.0033333333333333335, "conditioning,": 0.0033333333333333335, "parking": 0.006666666666666667, "people": 0.0033333333333333335, "picturesque": 0.0033333333333333335, "detached": 0.0033333333333333335, "parked": 0.006666666666666667, "woods": 0.01, "sea": 0.013333333333333334, "found": 0.006666666666666667, "large": 0.023333333333333334, "swimming": 0.023333333333333334, "pool": 0.023333333333333334, "animals": 0.006666666666666667, "side": 0.0033333333333333335, "biological": 0.0033333333333333335, "species": 0.0033333333333333335, "shrubs": 0.0033333333333333335, "campground": 0.0033333333333333335, "near": 0.006666666666666667, "square": 0.006666666666666667, "meters,": 0.0033333333333333335, "plot": 0.0033333333333333335, "meters": 0.0033333333333333335, "trip,": 0.0033333333333333335, "roads": 0.0033333333333333335, "winter": 0.0033333333333333335, "nowhere": 0.0033333333333333335, "area": 0.006666666666666667, "through": 0.006666666666666667, "private": 0.0033333333333333335, "boat": 0.0033333333333333335, "i": 0.0033333333333333335, "grew": 0.0033333333333333335, "up": 0.0033333333333333335, "closed": 0.0033333333333333335, "time": 0.0033333333333333335, "being": 0.0033333333333333335, "lake": 0.006666666666666667, "driving": 0.0033333333333333335, "along": 0.0033333333333333335, "villa": 0.0033333333333333335, "arrested": 0.0033333333333333335, "reportedly": 0.0033333333333333335, "ran": 0.0033333333333333335, "couple": 0.0033333333333333335, "were": 0.0033333333333333335, "seen": 0.0033333333333333335, "walking": 0.0033333333333333335, "down": 0.0033333333333333335, "sun": 0.0033333333333333335, "shining": 0.0033333333333333335, "lot": 0.0033333333333333335, "original": 0.0033333333333333335, "valley": 0.0033333333333333335, "movie": 0.0033333333333333335, "walk": 0.0033333333333333335, "olive": 0.0033333333333333335}