{"person": 0.060000000000000005, "car": 0.20999999999999974, "truck": 0.08999999999999996, "bus": 0.016666666666666666, "cow": 0.016666666666666666, "clock": 0.0033333333333333335, "sheep": 0.0033333333333333335, "fire hydrant": 0.01, "traffic light": 0.01, "horse": 0.006666666666666667, "airplane": 0.0033333333333333335, "kite": 0.0033333333333333335, "train": 0.013333333333333334, "stop sign": 0.01, "boat": 0.006666666666666667, "bird": 0.0033333333333333335, "bear": 0.0033333333333333335, "dog": 0.006666666666666667, "refrigerator": 0.0033333333333333335, "potted plant": 0.013333333333333334, "bench": 0.006666666666666667, "density": 0.5}