{"herd": 0.14, "sheep": 0.14, "grazing": 0.11, "on": 0.3933333333333333, "hillside": 0.006666666666666667, "car": 0.3433333333333333, "driving": 0.16, "down": 0.14666666666666667, "road": 0.49666666666666665, "next": 0.08666666666666667, "cattle": 0.04, "side": 0.17, "large": 0.11, "building": 0.03, "fence": 0.02666666666666667, "yard": 0.006666666666666667, "field": 0.37333333333333335, "lot": 0.02666666666666667, "animals": 0.11, "in": 0.27666666666666667, "motorcycle": 0.23, "parked": 0.2866666666666667, "green": 0.20333333333333334, "pasture": 0.04666666666666667, "lush": 0.02666666666666667, "truck": 0.06666666666666667, "forest": 0.02, "bench": 0.016666666666666666, "trees": 0.04, "farm": 0.043333333333333335, "background": 0.05333333333333334, "bunch": 0.006666666666666667, "stop": 0.006666666666666667, "sign": 0.01, "foreground": 0.0033333333333333335, "grass": 0.013333333333333334, "covered": 0.006666666666666667, "white": 0.01, "street": 0.08666666666666667, "tall": 0.0033333333333333335, "person": 0.04, "riding": 0.006666666666666667, "snow": 0.0033333333333333335, "dirt": 0.14333333333333334, "horse": 0.07666666666666666, "number": 0.0033333333333333335, "tree": 0.02, "middle": 0.02666666666666667, "standing": 0.03, "top": 0.043333333333333335, "bus": 0.0033333333333333335, "taking": 0.02, "park": 0.0033333333333333335, "bridge": 0.0033333333333333335, "cars": 0.03, "tractor": 0.013333333333333334, "yellow": 0.0033333333333333335, "metal": 0.01, "blurry": 0.05333333333333334, "cows": 0.05, "small": 0.006666666666666667, "wooden": 0.01, "wide": 0.0033333333333333335, "open": 0.0033333333333333335, "highway": 0.01, "parking": 0.0033333333333333335, "near": 0.02, "past": 0.02, "passing": 0.01, "grassy": 0.0033333333333333335, "area": 0.01, "front": 0.023333333333333334, "narrow": 0.0033333333333333335, "house": 0.016666666666666666, "drawn": 0.0033333333333333335, "carriage": 0.0033333333333333335, "through": 0.0033333333333333335, "group": 0.0033333333333333335, "river": 0.0033333333333333335, "some": 0.013333333333333334, "two": 0.023333333333333334, "horses": 0.0033333333333333335, "hill": 0.006666666666666667, "train": 0.01, "plane": 0.006666666666666667, "motorcycles": 0.013333333333333334, "couple": 0.006666666666666667, "planes": 0.0033333333333333335, "cow": 0.01, "wooded": 0.006666666666666667, "buildings": 0.0033333333333333335, "scene": 0.006666666666666667, "benches": 0.0033333333333333335, "few": 0.01, "very": 0.0033333333333333335, "nice": 0.0033333333333333335, "looking": 0.0033333333333333335, "van": 0.0033333333333333335, "trailer": 0.0033333333333333335, "people": 0.0033333333333333335, "distance": 0.0033333333333333335, "woods": 0.0033333333333333335, "sitting": 0.01, "traveling": 0.0033333333333333335, "tracks": 0.0033333333333333335, "object": 0.0033333333333333335, "structure": 0.0033333333333333335, "rock": 0.0033333333333333335, "view": 0.0033333333333333335, "other": 0.0033333333333333335, "both": 0.0033333333333333335, "sides": 0.0033333333333333335, "boat": 0.0033333333333333335, "water": 0.006666666666666667, "stone": 0.0033333333333333335, "wall": 0.0033333333333333335, "vegetation": 0.0033333333333333335, "body": 0.0033333333333333335, "boats": 0.0033333333333333335, "floating": 0.0033333333333333335, "mountain": 0.0033333333333333335, "behind": 0.006666666666666667, "dog": 0.0033333333333333335}