{"road": 0.4633333333333333, "trees": 0.09333333333333334, "motorcycle": 0.17333333333333334, "parked": 0.18, "on": 0.42333333333333334, "side": 0.12, "herd": 0.18, "animals": 0.19, "standing": 0.056666666666666664, "top": 0.03666666666666667, "dirt": 0.12666666666666668, "field": 0.37666666666666665, "in": 0.24333333333333335, "background": 0.07, "car": 0.3233333333333333, "bunch": 0.03, "shrubs": 0.0033333333333333335, "sheep": 0.19666666666666666, "long": 0.0033333333333333335, "line": 0.0033333333333333335, "green": 0.18666666666666668, "hills": 0.0033333333333333335, "train": 0.006666666666666667, "passing": 0.01, "driving": 0.13, "down": 0.11666666666666667, "grazing": 0.16, "lot": 0.06666666666666667, "pasture": 0.03666666666666667, "cows": 0.02666666666666667, "next": 0.07333333333333333, "forest": 0.01, "narrow": 0.01, "alleyway": 0.01, "building": 0.05, "street": 0.06666666666666667, "tree": 0.01, "bushes": 0.006666666666666667, "cars": 0.056666666666666664, "blurry": 0.016666666666666666, "metal": 0.013333333333333334, "fence": 0.04, "sitting": 0.01, "farm": 0.03666666666666667, "lush": 0.04, "truck": 0.04, "cattle": 0.03333333333333333, "van": 0.0033333333333333335, "large": 0.08333333333333333, "parking": 0.01, "meter": 0.0033333333333333335, "dark": 0.0033333333333333335, "hillside": 0.013333333333333334, "palm": 0.01, "big": 0.0033333333333333335, "few": 0.023333333333333334, "amount": 0.013333333333333334, "dry": 0.0033333333333333335, "grass": 0.02666666666666667, "middle": 0.016666666666666666, "group": 0.016666666666666666, "each": 0.0033333333333333335, "other": 0.0033333333333333335, "silver": 0.0033333333333333335, "couple": 0.03666666666666667, "past": 0.01, "tractor": 0.006666666666666667, "two": 0.01, "near": 0.016666666666666666, "elephants": 0.0033333333333333335, "sky": 0.0033333333333333335, "motorcycles": 0.006666666666666667, "": 0.0033333333333333335, "small": 0.01, "house": 0.0033333333333333335, "horse": 0.03333333333333333, "cart": 0.0033333333333333335, "front": 0.013333333333333334, "stop": 0.0033333333333333335, "sign": 0.006666666666666667, "leads": 0.0033333333333333335, "person": 0.03, "riding": 0.0033333333333333335, "bike": 0.0033333333333333335, "window": 0.0033333333333333335, "bench": 0.013333333333333334, "pile": 0.0033333333333333335, "rocks": 0.006666666666666667, "taking": 0.006666666666666667, "camel": 0.0033333333333333335, "several": 0.0033333333333333335, "some": 0.013333333333333334, "through": 0.006666666666666667, "stone": 0.006666666666666667, "man": 0.0033333333333333335, "traffic": 0.0033333333333333335, "light": 0.006666666666666667, "wide": 0.0033333333333333335, "open": 0.0033333333333333335, "highway": 0.01, "birds": 0.0033333333333333335, "flying": 0.0033333333333333335, "over": 0.0033333333333333335, "frame": 0.0033333333333333335, "gate": 0.0033333333333333335, "mountain": 0.013333333333333334, "behind": 0.006666666666666667, "white": 0.013333333333333334, "distance": 0.0033333333333333335, "scene": 0.006666666666666667, "town": 0.0033333333333333335, "houses": 0.0033333333333333335, "statue": 0.0033333333333333335, "boats": 0.0033333333333333335, "river": 0.0033333333333333335, "cloudy": 0.0033333333333333335, "day": 0.0033333333333333335, "body": 0.0033333333333333335, "water": 0.006666666666666667, "desert": 0.0033333333333333335, "people": 0.006666666666666667, "vegetation": 0.006666666666666667, "walking": 0.0033333333333333335, "surfboards": 0.0033333333333333335, "sand": 0.0033333333333333335, "boat": 0.0033333333333333335, "woods": 0.0033333333333333335, "both": 0.0033333333333333335, "sides": 0.0033333333333333335, "dog": 0.0033333333333333335, "cat": 0.01, "blue": 0.0033333333333333335, "hill": 0.006666666666666667, "mountains": 0.0033333333333333335, "view": 0.0033333333333333335, "beach": 0.006666666666666667, "grassy": 0.0033333333333333335, "wall": 0.013333333333333334, "painted": 0.0033333333333333335, "black": 0.0033333333333333335, "chain": 0.0033333333333333335, "link": 0.0033333333333333335, "park": 0.0033333333333333335, "benches": 0.0033333333333333335, "bridge": 0.0033333333333333335, "planes": 0.0033333333333333335, "yellow": 0.0033333333333333335, "number": 0.0033333333333333335, "buildings": 0.0033333333333333335, "an": 0.0033333333333333335, "animal": 0.0033333333333333335, "rocky": 0.0033333333333333335, "ground": 0.0033333333333333335}