{"car": 0.2699999999999998, "truck": 0.04, "bus": 0.01, "person": 0.05, "kite": 0.013333333333333334, "parking meter": 0.01, "orange": 0.0033333333333333335, "bird": 0.006666666666666667, "stop sign": 0.04666666666666667, "potted plant": 0.030000000000000002, "clock": 0.01, "umbrella": 0.006666666666666667, "cow": 0.02, "bench": 0.023333333333333334, "train": 0.013333333333333334, "bicycle": 0.0033333333333333335, "horse": 0.0033333333333333335, "frisbee": 0.0033333333333333335, "elephant": 0.0033333333333333335, "boat": 0.0033333333333333335, "zebra": 0.0033333333333333335, "giraffe": 0.006666666666666667, "airplane": 0.0033333333333333335, "density": 0.5833333333333334}