{"property": 0.08333333333333333, "image": 0.07, "#": 0.06333333333333334, "country": 0.013333333333333334, "house": 0.20666666666666667, "m": 0.013333333333333334, "from": 0.04, "center": 0.02666666666666667, "person": 0.02666666666666667, "internet,": 0.006666666666666667, "pool,": 0.006666666666666667, "terrace": 0.006666666666666667, "road": 0.64, "beach": 0.12666666666666668, "car": 0.056666666666666664, "was": 0.023333333333333334, "found": 0.006666666666666667, "in": 0.19666666666666666, "middle": 0.03, "city": 0.11333333333333333, "town": 0.05, "village": 0.03333333333333333, "castle": 0.03666666666666667, "lined": 0.02, "trees": 0.03, "tree": 0.03, "building": 0.016666666666666666, "maze": 0.0033333333333333335, "tunnels": 0.0033333333333333335, "mountains": 0.13666666666666666, "beautiful": 0.02, "border": 0.006666666666666667, "farm": 0.09333333333333334, "small": 0.05, "where": 0.013333333333333334, "lived": 0.013333333333333334, "countryside": 0.04666666666666667, "large": 0.023333333333333334, "swimming": 0.02, "pool": 0.02, "state": 0.0033333333333333335, "disrepair": 0.0033333333333333335, "ranch": 0.0033333333333333335, "style": 0.0033333333333333335, "cabin": 0.0033333333333333335, "on": 0.03, "banks": 0.0033333333333333335, "parked": 0.013333333333333334, "desert": 0.02, "located": 0.043333333333333335, "site": 0.013333333333333334, "original": 0.0033333333333333335, "quarry": 0.0033333333333333335, "heart": 0.006666666666666667, "park": 0.0033333333333333335, "man": 0.013333333333333334, "walks": 0.006666666666666667, "down": 0.006666666666666667, "future": 0.006666666666666667, "good": 0.0033333333333333335, "condition": 0.0033333333333333335, "path": 0.0033333333333333335, "movie": 0.0033333333333333335, "a-mile": 0.0033333333333333335, "stretch": 0.0033333333333333335, "land": 0.0033333333333333335, "villa": 0.006666666666666667, "spotted": 0.01, "driving": 0.0033333333333333335, "highway": 0.01, "streets": 0.0033333333333333335, "palm": 0.006666666666666667, "view": 0.013333333333333334, "trip": 0.006666666666666667, "through": 0.01, "short": 0.013333333333333334, "walk": 0.01, "hotel": 0.01, "person,": 0.006666666666666667, "trip,": 0.006666666666666667, "roads": 0.006666666666666667, "home": 0.006666666666666667, "blues": 0.0033333333333333335, "artist": 0.0033333333333333335, "woods": 0.0033333333333333335, "proposed": 0.01, "new": 0.01, "school": 0.006666666666666667, "parking": 0.01, "lot": 0.01, "apartment": 0.016666666666666666, "air": 0.006666666666666667, "conditioning,": 0.006666666666666667, "washing": 0.006666666666666667, "machine": 0.006666666666666667, "typical": 0.006666666666666667, "stone": 0.006666666666666667, "house,": 0.006666666666666667, "standing": 0.006666666666666667, "alone,": 0.006666666666666667, "near": 0.006666666666666667, "beach,": 0.006666666666666667, "nature": 0.006666666666666667, "reserve": 0.006666666666666667, "growing": 0.0033333333333333335, "driveway": 0.006666666666666667, "olive": 0.006666666666666667, "full": 0.0033333333333333335, "bloom": 0.0033333333333333335, "filmed": 0.0033333333333333335, "walking": 0.0033333333333333335, "his": 0.006666666666666667, "dog": 0.0033333333333333335, "top": 0.02, "hill": 0.006666666666666667, "car's": 0.0033333333333333335, "lights": 0.0033333333333333335, "visible": 0.0033333333333333335, "this": 0.0033333333333333335, "undated": 0.0033333333333333335, "animals": 0.0033333333333333335, "grave": 0.0033333333333333335, "first": 0.0033333333333333335, "die": 0.0033333333333333335, "crash": 0.0033333333333333335, "drive": 0.0033333333333333335, "street": 0.0033333333333333335, "sign": 0.0033333333333333335, "detached": 0.0033333333333333335, "holiday": 0.0033333333333333335, "quiet": 0.0033333333333333335, "location": 0.0033333333333333335, "garden,": 0.0033333333333333335, "at": 0.006666666666666667, "mother": 0.0033333333333333335, "arrested": 0.0033333333333333335, "after": 0.0033333333333333335, "he": 0.0033333333333333335, "allegedly": 0.0033333333333333335, "threw": 0.0033333333333333335, "bottle": 0.0033333333333333335, "pedestrian": 0.0033333333333333335, "vineyard": 0.0033333333333333335, "trail": 0.0033333333333333335, "farmer's": 0.0033333333333333335, "field": 0.013333333333333334, "region": 0.006666666666666667, "mountain": 0.0033333333333333335, "place": 0.013333333333333334, "visit": 0.006666666666666667, "set": 0.0033333333333333335, "acres": 0.0033333333333333335, "woodland": 0.0033333333333333335, "landscape": 0.006666666666666667, "mixture": 0.0033333333333333335, "dry": 0.0033333333333333335, "wet": 0.0033333333333333335, "front": 0.0033333333333333335, "drives": 0.006666666666666667, "past": 0.0033333333333333335, "oak": 0.0033333333333333335, "neighborhood": 0.006666666666666667, "old": 0.0033333333333333335, "for": 0.006666666666666667, "sale": 0.0033333333333333335, "wheat": 0.0033333333333333335, "summer": 0.0033333333333333335, "now": 0.0033333333333333335, "market": 0.0033333333333333335, "\u00a3": 0.0033333333333333335, "1": 0.0033333333333333335, "river": 0.006666666666666667, "so": 0.0033333333333333335, "deep": 0.0033333333333333335, "almost": 0.0033333333333333335, "invisible": 0.0033333333333333335, "eye": 0.0033333333333333335, "garden": 0.0033333333333333335, "along": 0.0033333333333333335, "forest": 0.0033333333333333335, "sea": 0.0033333333333333335, "views": 0.0033333333333333335, "right": 0.0033333333333333335, "its": 0.0033333333333333335, "own": 0.0033333333333333335, "chair!": 0.0033333333333333335}