{"car": 0.48000000000000026, "potted plant": 0.01, "person": 0.26000000000000006, "traffic light": 0.05, "snowboard": 0.01, "sheep": 0.01, "kite": 0.03, "cow": 0.01, "truck": 0.02, "bench": 0.01, "bird": 0.01, "fire hydrant": 0.01, "clock": 0.01, "train": 0.01, "density": 0.93}