{"person": 0.24999999999999967, "traffic light": 0.03333333333333333, "stop sign": 0.016666666666666666, "train": 0.016666666666666666, "car": 0.4100000000000007, "truck": 0.04666666666666667, "potted plant": 0.023333333333333334, "fire hydrant": 0.006666666666666667, "bench": 0.023333333333333334, "snowboard": 0.0033333333333333335, "tv": 0.0033333333333333335, "kite": 0.016666666666666666, "parking meter": 0.006666666666666667, "bird": 0.016666666666666666, "bus": 0.0033333333333333335, "bear": 0.01, "skis": 0.0033333333333333335, "surfboard": 0.0033333333333333335, "dog": 0.0033333333333333335, "clock": 0.0033333333333333335, "chair": 0.0033333333333333335, "cow": 0.0033333333333333335, "sheep": 0.0033333333333333335, "density": 0.91}