{"city": 0.14, "in": 0.16666666666666666, "winter": 0.06, "road": 0.6466666666666666, "mountains": 0.43666666666666665, "view": 0.03, "from": 0.023333333333333334, "castle": 0.056666666666666664, "house": 0.15666666666666668, "where": 0.03, "person": 0.03, "was": 0.04, "found": 0.016666666666666666, "valley": 0.0033333333333333335, "lined": 0.013333333333333334, "trees": 0.013333333333333334, "top": 0.023333333333333334, "mountain": 0.016666666666666666, "stone": 0.0033333333333333335, "wall": 0.01, "property": 0.03333333333333333, "image": 0.02666666666666667, "#": 0.02666666666666667, "farm": 0.01, "animals": 0.01, "short": 0.0033333333333333335, "walk": 0.0033333333333333335, "first": 0.0033333333333333335, "snow": 0.056666666666666664, "season": 0.0033333333333333335, "snowboarder": 0.013333333333333334, "gets": 0.0033333333333333335, "hit": 0.0033333333333333335, "car": 0.04, "town": 0.006666666666666667, "so": 0.006666666666666667, "thick": 0.0033333333333333335, "it's": 0.0033333333333333335, "almost": 0.006666666666666667, "invisible": 0.0033333333333333335, "eye": 0.0033333333333333335, "spotted": 0.0033333333333333335, "on": 0.016666666666666666, "slopes": 0.0033333333333333335, "still": 0.006666666666666667, "bit": 0.01, "too": 0.006666666666666667, "heavy": 0.006666666666666667, "for": 0.013333333333333334, "sale": 0.0033333333333333335, "not": 0.01, "only": 0.006666666666666667, "thing": 0.006666666666666667, "that's": 0.0033333333333333335, "causing": 0.006666666666666667, "problem": 0.006666666666666667, "located": 0.03, "skiers": 0.0033333333333333335, "snowboarders": 0.0033333333333333335, "piste": 0.0033333333333333335, "detached": 0.01, "chalet": 0.01, "countryside": 0.0033333333333333335, "large": 0.0033333333333333335, "swimming": 0.0033333333333333335, "pool": 0.0033333333333333335, "artist": 0.01, "middle": 0.006666666666666667, "parking": 0.006666666666666667, "lot": 0.006666666666666667, "hotel": 0.01, "building": 0.016666666666666666, "tree": 0.006666666666666667, "train": 0.0033333333333333335, "station": 0.0033333333333333335, "beautiful": 0.013333333333333334, "place": 0.006666666666666667, "visit": 0.006666666666666667, "forest": 0.02, "full": 0.006666666666666667, "ski": 0.006666666666666667, "resort": 0.006666666666666667, "sign": 0.0033333333333333335, "light": 0.0033333333333333335, "window": 0.0033333333333333335, "beach": 0.006666666666666667, "small": 0.0033333333333333335, "little": 0.0033333333333333335, "narrow": 0.0033333333333333335, "man": 0.006666666666666667, "problems": 0.0033333333333333335, "tent": 0.0033333333333333335, "closed": 0.0033333333333333335, "weekend": 0.0033333333333333335, "driving": 0.0033333333333333335, "through": 0.006666666666666667, "landscape": 0.0033333333333333335, "village": 0.01, "park": 0.016666666666666666, "starting": 0.006666666666666667, "fall": 0.006666666666666667, "apartment": 0.01, "walks": 0.0033333333333333335, "dark": 0.0033333333333333335, "room": 0.0033333333333333335, "lived": 0.01, "his": 0.01, "mother": 0.01, "covered": 0.006666666666666667, "range": 0.0033333333333333335, "center": 0.006666666666666667, "killer": 0.006666666666666667, "staying": 0.0033333333333333335, "future": 0.0033333333333333335, "air": 0.0033333333333333335, "conditioning,": 0.0033333333333333335, "washing": 0.0033333333333333335, "machine": 0.0033333333333333335, "cave": 0.0033333333333333335, "born": 0.0033333333333333335, "woods": 0.006666666666666667, "parked": 0.01, "front": 0.0033333333333333335, "sea": 0.0033333333333333335, "helicopter": 0.0033333333333333335, "flies": 0.0033333333333333335, "over": 0.0033333333333333335, "stolen": 0.006666666666666667, "hill": 0.0033333333333333335, "snow,": 0.0033333333333333335, "looking": 0.0033333333333333335, "back": 0.0033333333333333335, "desert": 0.0033333333333333335, "rock": 0.006666666666666667, "big": 0.0033333333333333335, "touching": 0.0033333333333333335, "ground": 0.0033333333333333335, "street": 0.0033333333333333335, "thought": 0.0033333333333333335, "have": 0.0033333333333333335, "been": 0.0033333333333333335, "made": 0.0033333333333333335, "fisherman": 0.0033333333333333335, "popular": 0.0033333333333333335, "tourist": 0.0033333333333333335, "destination": 0.0033333333333333335, "entrance": 0.0033333333333333335, "attacked": 0.0033333333333333335, "more": 0.0033333333333333335, "rugged": 0.0033333333333333335, "than": 0.0033333333333333335, "rest": 0.0033333333333333335, "world": 0.0033333333333333335, "couple's": 0.0033333333333333335, "home": 0.0033333333333333335}