{"cow": 0.05, "car": 0.060000000000000005, "bench": 0.05, "train": 0.01, "fire hydrant": 0.01, "truck": 0.03, "giraffe": 0.05, "motorcycle": 0.04, "person": 0.060000000000000005, "boat": 0.01, "density": 0.37}