{"car": 0.09333333333333328, "motorcycle": 0.060000000000000005, "person": 0.07666666666666665, "boat": 0.006666666666666667, "horse": 0.0033333333333333335, "giraffe": 0.030000000000000002, "sports ball": 0.006666666666666667, "truck": 0.05, "train": 0.013333333333333334, "fire hydrant": 0.016666666666666666, "bench": 0.06666666666666667, "bicycle": 0.006666666666666667, "traffic light": 0.01, "kite": 0.0033333333333333335, "sheep": 0.006666666666666667, "zebra": 0.01, "cow": 0.023333333333333334, "parking meter": 0.0033333333333333335, "skateboard": 0.0033333333333333335, "bird": 0.0033333333333333335, "elephant": 0.0033333333333333335, "potted plant": 0.006666666666666667, "density": 0.5033333333333333}