{"car": 0.7800000000000005, "person": 0.09999999999999999, "bus": 0.05, "truck": 0.16, "airplane": 0.01, "parking meter": 0.02, "stop sign": 0.04, "bird": 0.01, "chair": 0.05, "potted plant": 0.01, "bench": 0.04, "train": 0.01, "giraffe": 0.01, "traffic light": 0.01, "fire hydrant": 0.07, "density": 1.37}