{"road": 0.7133333333333334, "farm": 0.04666666666666667, "car": 0.17, "was": 0.09666666666666666, "stolen": 0.013333333333333334, "from": 0.03, "home": 0.013333333333333334, "house": 0.14666666666666667, "in": 0.14666666666666667, "woods": 0.016666666666666666, "mountains": 0.2866666666666667, "city": 0.10666666666666667, "small": 0.023333333333333334, "town": 0.02, "view": 0.02, "lined": 0.03333333333333333, "trees": 0.04666666666666667, "shrubs": 0.013333333333333334, "spotted": 0.05, "on": 0.06, "airport": 0.03333333333333333, "castle": 0.02666666666666667, "side": 0.0033333333333333335, "property": 0.006666666666666667, "located": 0.043333333333333335, "heart": 0.006666666666666667, "seen": 0.02666666666666667, "speeding": 0.0033333333333333335, "through": 0.02, "forest": 0.02666666666666667, "parked": 0.03333333333333333, "middle": 0.03333333333333333, "bridge": 0.03, "this": 0.016666666666666666, "undated": 0.016666666666666666, "image": 0.013333333333333334, "full": 0.0033333333333333335, "bloom": 0.0033333333333333335, "tree": 0.0033333333333333335, "found": 0.013333333333333334, "beach": 0.006666666666666667, "couple": 0.0033333333333333335, "were": 0.0033333333333333335, "walking": 0.006666666666666667, "park": 0.043333333333333335, "over": 0.023333333333333334, "river": 0.02, "closed": 0.013333333333333334, "for": 0.013333333333333334, "time": 0.0033333333333333335, "being": 0.0033333333333333335, "at": 0.006666666666666667, "factory": 0.006666666666666667, "highway": 0.016666666666666666, "near": 0.0033333333333333335, "beautiful": 0.006666666666666667, "place": 0.006666666666666667, "visit": 0.0033333333333333335, "village": 0.02, "where": 0.006666666666666667, "person": 0.006666666666666667, "lived": 0.006666666666666667, "field": 0.03, "countryside": 0.006666666666666667, "front": 0.006666666666666667, "grass": 0.0033333333333333335, "mountain": 0.0033333333333333335, "farmer": 0.006666666666666667, "planting": 0.006666666666666667, "beans": 0.0033333333333333335, "his": 0.01, "now": 0.0033333333333333335, "season": 0.0033333333333333335, "tomato": 0.0033333333333333335, "plant": 0.0033333333333333335, "weekend": 0.0033333333333333335, "hotel": 0.02, "back": 0.0033333333333333335, "yard": 0.0033333333333333335, "entrance": 0.0033333333333333335, "building": 0.006666666666666667, "tractor": 0.0033333333333333335, "man": 0.016666666666666666, "struck": 0.006666666666666667, "sign": 0.0033333333333333335, "area": 0.01, "rice": 0.0033333333333333335, "centre": 0.0033333333333333335, "biological": 0.0033333333333333335, "species": 0.0033333333333333335, "arrested": 0.0033333333333333335, "after": 0.0033333333333333335, "he": 0.006666666666666667, "reportedly": 0.0033333333333333335, "ran": 0.0033333333333333335, "new": 0.0033333333333333335, "logo": 0.0033333333333333335, "file": 0.0033333333333333335, "driving": 0.006666666666666667, "when": 0.0033333333333333335, "suddenly": 0.0033333333333333335, "saw": 0.0033333333333333335, "large": 0.0033333333333333335, "snake": 0.0033333333333333335, "coming": 0.0033333333333333335, "out": 0.0033333333333333335, "window": 0.0033333333333333335, "parking": 0.006666666666666667, "lot": 0.006666666666666667, "truck": 0.0033333333333333335, "trailer": 0.0033333333333333335, "street": 0.0033333333333333335, "interior": 0.0033333333333333335, "modern": 0.0033333333333333335, "office": 0.0033333333333333335, "day": 0.0033333333333333335, "private": 0.0033333333333333335, "community": 0.0033333333333333335, "movie": 0.006666666666666667, "aerial": 0.0033333333333333335, "neighborhood": 0.0033333333333333335, "landscape": 0.0033333333333333335, "region": 0.006666666666666667, "farmer's": 0.0033333333333333335, "garden": 0.0033333333333333335}