{"car": 0.876666666666664, "bus": 0.043333333333333335, "truck": 0.18666666666666645, "traffic light": 0.01, "person": 0.10999999999999992, "bench": 0.02, "parking meter": 0.01, "bird": 0.0033333333333333335, "train": 0.006666666666666667, "cow": 0.016666666666666666, "potted plant": 0.006666666666666667, "airplane": 0.01, "fire hydrant": 0.030000000000000002, "dog": 0.0033333333333333335, "stop sign": 0.023333333333333334, "motorcycle": 0.006666666666666667, "giraffe": 0.0033333333333333335, "kite": 0.013333333333333334, "chair": 0.016666666666666666, "density": 1.3966666666666667}