{"field": 0.24666666666666667, "animals": 0.25333333333333335, "in": 0.2, "background": 0.06, "car": 0.34, "some": 0.02666666666666667, "on": 0.45, "road": 0.5633333333333334, "lot": 0.043333333333333335, "trees": 0.04, "motorcycle": 0.23666666666666666, "parked": 0.21666666666666667, "side": 0.12333333333333334, "green": 0.15333333333333332, "cars": 0.05333333333333334, "motorcycles": 0.03666666666666667, "group": 0.013333333333333334, "houses": 0.006666666666666667, "sitting": 0.013333333333333334, "top": 0.07333333333333333, "hillside": 0.023333333333333334, "blurry": 0.03333333333333333, "herd": 0.22666666666666666, "sheep": 0.12333333333333334, "near": 0.043333333333333335, "forest": 0.016666666666666666, "small": 0.01, "store": 0.0033333333333333335, "street": 0.1, "corner": 0.0033333333333333335, "front": 0.02, "narrow": 0.006666666666666667, "horse": 0.03666666666666667, "drawn": 0.0033333333333333335, "carriage": 0.0033333333333333335, "driving": 0.17333333333333334, "through": 0.0033333333333333335, "cows": 0.03333333333333333, "grazing": 0.08666666666666667, "standing": 0.08333333333333333, "dirt": 0.18, "mountain": 0.05333333333333334, "few": 0.01, "next": 0.11333333333333333, "wooden": 0.0033333333333333335, "structure": 0.0033333333333333335, "bunch": 0.02666666666666667, "hills": 0.006666666666666667, "truck": 0.006666666666666667, "down": 0.17666666666666667, "cattle": 0.03333333333333333, "building": 0.02666666666666667, "person": 0.05, "bike": 0.0033333333333333335, "walking": 0.02, "pile": 0.0033333333333333335, "wood": 0.0033333333333333335, "stop": 0.013333333333333334, "sign": 0.02, "van": 0.01, "train": 0.0033333333333333335, "large": 0.06, "tunnel": 0.0033333333333333335, "going": 0.0033333333333333335, "under": 0.0033333333333333335, "beach": 0.0033333333333333335, "lush": 0.04, "pasture": 0.03666666666666667, "farm": 0.03, "white": 0.02, "couple": 0.03666666666666667, "house": 0.01, "hill": 0.006666666666666667, "behind": 0.0033333333333333335, "two": 0.02666666666666667, "rock": 0.0033333333333333335, "vans": 0.0033333333333333335, "riding": 0.01, "zebras": 0.0033333333333333335, "grass": 0.01, "covered": 0.0033333333333333335, "elephants": 0.0033333333333333335, "buildings": 0.0033333333333333335, "them": 0.0033333333333333335, "past": 0.0033333333333333335, "three": 0.0033333333333333335, "each": 0.006666666666666667, "other": 0.006666666666666667, "across": 0.0033333333333333335, "stone": 0.0033333333333333335, "wall": 0.0033333333333333335, "man": 0.013333333333333334, "an": 0.0033333333333333335, "aerial": 0.0033333333333333335, "view": 0.0033333333333333335, "middle": 0.02, "tree": 0.01, "circular": 0.0033333333333333335, "object": 0.0033333333333333335, "trailer": 0.006666666666666667, "highway": 0.0033333333333333335, "silver": 0.006666666666666667, "scooters": 0.0033333333333333335, "grassy": 0.0033333333333333335, "area": 0.006666666666666667, "rocky": 0.006666666666666667, "cliff": 0.0033333333333333335, "people": 0.0033333333333333335, "driveway": 0.0033333333333333335, "pair": 0.0033333333333333335, "metal": 0.01, "fence": 0.0033333333333333335, "bench": 0.0033333333333333335, "moped": 0.0033333333333333335, "tractor": 0.0033333333333333335, "blue": 0.0033333333333333335, "amount": 0.0033333333333333335, "taking": 0.006666666666666667, "passing": 0.0033333333333333335, "mountains": 0.0033333333333333335, "parking": 0.0033333333333333335, "meters": 0.0033333333333333335, "image": 0.0033333333333333335, "trucks": 0.0033333333333333335, "scene": 0.0033333333333333335, "planes": 0.0033333333333333335, "flying": 0.0033333333333333335, "over": 0.0033333333333333335, "curvy": 0.0033333333333333335, "benches": 0.0033333333333333335}