{"stop sign": 0.02, "car": 0.2700000000000001, "truck": 0.05, "person": 0.060000000000000005, "fire hydrant": 0.01, "motorcycle": 0.01, "bus": 0.02, "train": 0.02, "bench": 0.01, "umbrella": 0.01, "chair": 0.02, "density": 0.5}