{"truck": 0.05666666666666667, "car": 0.23333333333333303, "bus": 0.013333333333333334, "train": 0.01, "person": 0.060000000000000005, "bench": 0.013333333333333334, "umbrella": 0.0033333333333333335, "sheep": 0.0033333333333333335, "skis": 0.0033333333333333335, "snowboard": 0.006666666666666667, "backpack": 0.01, "giraffe": 0.0033333333333333335, "boat": 0.02, "stop sign": 0.01, "bird": 0.006666666666666667, "cow": 0.016666666666666666, "kite": 0.006666666666666667, "fire hydrant": 0.006666666666666667, "chair": 0.006666666666666667, "traffic light": 0.006666666666666667, "horse": 0.006666666666666667, "motorcycle": 0.0033333333333333335, "density": 0.5066666666666667}