{"car": 0.23333333333333303, "sports ball": 0.0033333333333333335, "person": 0.05333333333333334, "bird": 0.006666666666666667, "bench": 0.023333333333333334, "truck": 0.03666666666666667, "chair": 0.0033333333333333335, "cow": 0.01, "stop sign": 0.013333333333333334, "train": 0.006666666666666667, "bus": 0.006666666666666667, "airplane": 0.006666666666666667, "toilet": 0.0033333333333333335, "horse": 0.0033333333333333335, "elephant": 0.0033333333333333335, "zebra": 0.0033333333333333335, "traffic light": 0.01, "boat": 0.0033333333333333335, "fire hydrant": 0.006666666666666667, "frisbee": 0.0033333333333333335, "density": 0.44}