{"road": 0.5533333333333333, "mountains": 0.06, "lined": 0.023333333333333334, "trees": 0.02666666666666667, "shrubs": 0.0033333333333333335, "farm": 0.17333333333333334, "house": 0.18, "city": 0.16333333333333333, "beautiful": 0.07333333333333333, "place": 0.04666666666666667, "visit": 0.04, "small": 0.013333333333333334, "town": 0.023333333333333334, "car": 0.08666666666666667, "driving": 0.016666666666666666, "through": 0.023333333333333334, "desert": 0.05, "this": 0.05, "front": 0.01, "entrance": 0.0033333333333333335, "park": 0.016666666666666666, "top": 0.0033333333333333335, "tree": 0.03, "in": 0.13, "middle": 0.03666666666666667, "mile": 0.0033333333333333335, "long": 0.0033333333333333335, "parked": 0.03333333333333333, "field": 0.04666666666666667, "forest": 0.02666666666666667, "full": 0.01, "dead": 0.0033333333333333335, "us": 0.0033333333333333335, "state": 0.01, "man": 0.02666666666666667, "woman": 0.01, "walking": 0.0033333333333333335, "future": 0.02, "pilgrimage": 0.0033333333333333335, "for": 0.013333333333333334, "followers": 0.0033333333333333335, "located": 0.06, "my": 0.013333333333333334, "i": 0.013333333333333334, "grew": 0.006666666666666667, "up": 0.006666666666666667, "national": 0.0033333333333333335, "beach": 0.04666666666666667, "property": 0.03, "image": 0.013333333333333334, "#": 0.01, "cabin": 0.0033333333333333335, "woods": 0.01, "landscape": 0.006666666666666667, "biological": 0.006666666666666667, "species": 0.006666666666666667, "country": 0.016666666666666666, "view": 0.03666666666666667, "pasture": 0.0033333333333333335, "highway": 0.02, "area": 0.016666666666666666, "drives": 0.006666666666666667, "who": 0.016666666666666666, "stole": 0.0033333333333333335, "from": 0.05333333333333334, "backyard": 0.0033333333333333335, "home": 0.03666666666666667, "drive": 0.013333333333333334, "boat": 0.0033333333333333335, "driveway": 0.02666666666666667, "trip": 0.006666666666666667, "prairies": 0.0033333333333333335, "corn": 0.0033333333333333335, "rural": 0.0033333333333333335, "on": 0.03333333333333333, "neighborhood": 0.013333333333333334, "our": 0.006666666666666667, "border": 0.013333333333333334, "trip,": 0.0033333333333333335, "roads": 0.0033333333333333335, "trail": 0.0033333333333333335, "was": 0.02666666666666667, "found": 0.006666666666666667, "ghost": 0.01, "east": 0.01, "river": 0.006666666666666667, "so": 0.0033333333333333335, "wide,": 0.0033333333333333335, "it's": 0.0033333333333333335, "almost": 0.0033333333333333335, "like": 0.0033333333333333335, "parking": 0.02666666666666667, "lot": 0.023333333333333334, "stolen": 0.0033333333333333335, "seen": 0.006666666666666667, "running": 0.0033333333333333335, "backpack": 0.0033333333333333335, "struck": 0.01, "person": 0.013333333333333334, "sign": 0.0033333333333333335, "where": 0.0033333333333333335, "lived": 0.006666666666666667, "undated": 0.0033333333333333335, "street": 0.0033333333333333335, "movie": 0.006666666666666667, "couple's": 0.0033333333333333335, "block": 0.0033333333333333335, "i'm": 0.006666666666666667, "going": 0.006666666666666667, "go": 0.006666666666666667, "person,": 0.01, "shot": 0.006666666666666667, "mall": 0.0033333333333333335, "now": 0.0033333333333333335, "closed": 0.0033333333333333335, "killed": 0.0033333333333333335, "actor": 0.0033333333333333335, "at": 0.006666666666666667, "sun": 0.01, "sets": 0.006666666666666667, "over": 0.006666666666666667, "luxury": 0.0033333333333333335, "villa": 0.0033333333333333335, "sale": 0.006666666666666667, "plant": 0.0033333333333333335, "growing": 0.0033333333333333335, "farmer": 0.0033333333333333335, "said": 0.0033333333333333335, "he": 0.0033333333333333335, "had": 0.006666666666666667, "been": 0.0033333333333333335, "his": 0.006666666666666667, "tractor": 0.0033333333333333335, "just": 0.0033333333333333335, "finished": 0.0033333333333333335, "shift": 0.0033333333333333335, "lake": 0.0033333333333333335, "short": 0.0033333333333333335, "walk": 0.0033333333333333335, "green": 0.0033333333333333335, "m": 0.0033333333333333335, "center": 0.0033333333333333335, "internet,": 0.0033333333333333335, "air": 0.0033333333333333335, "conditioning,": 0.0033333333333333335, "ranch": 0.0033333333333333335, "died": 0.0033333333333333335, "intersection": 0.0033333333333333335, "busy": 0.0033333333333333335, "spot": 0.0033333333333333335, "traffic": 0.0033333333333333335, "countryside": 0.006666666666666667, "airport": 0.006666666666666667, "yard": 0.0033333333333333335, "took": 0.0033333333333333335, "hospital": 0.0033333333333333335, "mountain": 0.0033333333333333335, "range": 0.0033333333333333335, "region": 0.006666666666666667, "private": 0.0033333333333333335, "what": 0.0033333333333333335, "see": 0.0033333333333333335, "when": 0.0033333333333333335, "look": 0.0033333333333333335, "sky": 0.0033333333333333335, "down": 0.0033333333333333335, "were": 0.0033333333333333335, "shining": 0.0033333333333333335, "horizon": 0.0033333333333333335, "sunflowers": 0.0033333333333333335}