{"road": 0.30333333333333334, "car": 0.35, "motorcycle": 0.09, "on": 0.21, "driving": 0.10333333333333333, "down": 0.09, "dirt": 0.19, "field": 0.52, "animals": 0.48333333333333334, "in": 0.4533333333333333, "parked": 0.14333333333333334, "side": 0.023333333333333334, "past": 0.006666666666666667, "herd": 0.14666666666666667, "cattle": 0.05, "truck": 0.11666666666666667, "street": 0.02, "motorcycles": 0.006666666666666667, "desert": 0.15333333333333332, "few": 0.06, "horse": 0.06666666666666667, "blurry": 0.02666666666666667, "large": 0.17666666666666667, "grazing": 0.09666666666666666, "lush": 0.01, "green": 0.043333333333333335, "cars": 0.013333333333333334, "dry": 0.016666666666666666, "grass": 0.02, "sheep": 0.03, "goat": 0.0033333333333333335, "train": 0.0033333333333333335, "background": 0.09333333333333334, "lot": 0.11, "bunch": 0.0033333333333333335, "computer": 0.0033333333333333335, "generated": 0.0033333333333333335, "images": 0.0033333333333333335, "city": 0.0033333333333333335, "zebras": 0.016666666666666666, "next": 0.09, "big": 0.0033333333333333335, "dog": 0.006666666666666667, "camel": 0.01, "tree": 0.006666666666666667, "person": 0.016666666666666666, "standing": 0.02666666666666667, "near": 0.006666666666666667, "elephants": 0.0033333333333333335, "fog": 0.0033333333333333335, "forest": 0.006666666666666667, "top": 0.013333333333333334, "amount": 0.03, "sand": 0.0033333333333333335, "highway": 0.01, "vegetation": 0.01, "middle": 0.03333333333333333, "group": 0.01, "three": 0.006666666666666667, "white": 0.013333333333333334, "fields": 0.0033333333333333335, "mountain": 0.0033333333333333335, "trees": 0.013333333333333334, "cows": 0.0033333333333333335, "plane": 0.006666666666666667, "distance": 0.01, "sandy": 0.0033333333333333335, "couple": 0.006666666666666667, "trailer": 0.0033333333333333335, "landscape": 0.0033333333333333335, "land": 0.0033333333333333335, "number": 0.02666666666666667, "farm": 0.006666666666666667, "very": 0.0033333333333333335, "area": 0.0033333333333333335, "fence": 0.006666666666666667, "factory": 0.0033333333333333335, "covered": 0.0033333333333333335, "hillside": 0.0033333333333333335, "goats": 0.006666666666666667, "parking": 0.0033333333333333335, "foreground": 0.0033333333333333335, "several": 0.0033333333333333335, "some": 0.0033333333333333335, "vehicles": 0.0033333333333333335, "each": 0.0033333333333333335, "other": 0.0033333333333333335, "front": 0.0033333333333333335, "tracks": 0.0033333333333333335, "beach": 0.0033333333333333335}