{"truck": 0.02, "car": 0.06666666666666667, "person": 0.09666666666666661, "airplane": 0.01, "cow": 0.016666666666666666, "train": 0.006666666666666667, "surfboard": 0.006666666666666667, "kite": 0.02, "stop sign": 0.0033333333333333335, "parking meter": 0.0033333333333333335, "giraffe": 0.0033333333333333335, "toilet": 0.0033333333333333335, "frisbee": 0.0033333333333333335, "tennis racket": 0.0033333333333333335, "sheep": 0.0033333333333333335, "bird": 0.0033333333333333335, "density": 0.27}