{"tree": 0.023333333333333334, "growing": 0.0033333333333333335, "in": 0.08666666666666667, "middle": 0.02666666666666667, "road": 0.4766666666666667, "city": 0.41333333333333333, "beautiful": 0.16333333333333333, "place": 0.14333333333333334, "visit": 0.13, "highway": 0.07666666666666666, "beach": 0.21666666666666667, "desert": 0.20333333333333334, "located": 0.056666666666666664, "car": 0.07, "parked": 0.01, "popular": 0.03333333333333333, "tourist": 0.03333333333333333, "destination": 0.03333333333333333, "man": 0.013333333333333334, "walks": 0.006666666666666667, "through": 0.08, "field": 0.013333333333333334, "for": 0.006666666666666667, "sale": 0.0033333333333333335, "property": 0.006666666666666667, "driving": 0.03333333333333333, "border": 0.07666666666666666, "small": 0.05333333333333334, "town": 0.05, "trip": 0.03333333333333333, "early": 0.0033333333333333335, "morning": 0.0033333333333333335, "short": 0.023333333333333334, "drive": 0.02, "walk": 0.006666666666666667, "from": 0.02, "house": 0.02666666666666667, "sign": 0.01, "farm": 0.02, "drives": 0.016666666666666666, "along": 0.006666666666666667, "airport": 0.01, "was": 0.016666666666666666, "stolen": 0.0033333333333333335, "home": 0.0033333333333333335, "building": 0.0033333333333333335, "community": 0.0033333333333333335, "park": 0.023333333333333334, "view": 0.0033333333333333335, "parking": 0.006666666666666667, "lot": 0.006666666666666667, "coyote": 0.006666666666666667, "spotted": 0.0033333333333333335, "area": 0.01, "found": 0.0033333333333333335, "nowhere": 0.0033333333333333335, "village": 0.0033333333333333335, "entrance": 0.0033333333333333335, "site": 0.01, "heart": 0.0033333333333333335, "when": 0.0033333333333333335, "he": 0.0033333333333333335, "struck": 0.0033333333333333335, "space": 0.0033333333333333335, "at": 0.0033333333333333335, "night": 0.0033333333333333335, "private": 0.0033333333333333335, "shot": 0.0033333333333333335, "killed": 0.0033333333333333335, "while": 0.0033333333333333335, "trying": 0.0033333333333333335, "elude": 0.0033333333333333335, "authorities": 0.0033333333333333335, "future": 0.006666666666666667, "where": 0.0033333333333333335, "person": 0.0033333333333333335, "lived": 0.0033333333333333335, "his": 0.0033333333333333335, "parents": 0.0033333333333333335, "proposed": 0.0033333333333333335, "new": 0.0033333333333333335, "school": 0.0033333333333333335, "closed": 0.0033333333333333335, "day": 0.0033333333333333335, "landscape": 0.0033333333333333335, "mixture": 0.0033333333333333335, "dry": 0.0033333333333333335, "wet": 0.0033333333333333335}