{"car": 0.37000000000000044, "boat": 0.006666666666666667, "cow": 0.016666666666666666, "stop sign": 0.02, "sheep": 0.006666666666666667, "fire hydrant": 0.023333333333333334, "truck": 0.05666666666666667, "bird": 0.0033333333333333335, "airplane": 0.01, "person": 0.06333333333333334, "bench": 0.013333333333333334, "bus": 0.0033333333333333335, "potted plant": 0.013333333333333334, "giraffe": 0.0033333333333333335, "umbrella": 0.006666666666666667, "sports ball": 0.0033333333333333335, "train": 0.0033333333333333335, "kite": 0.0033333333333333335, "traffic light": 0.006666666666666667, "density": 0.6333333333333333}