{"road": 0.56, "mountains": 0.03333333333333333, "car": 0.06333333333333334, "park": 0.023333333333333334, "at": 0.0033333333333333335, "village": 0.06, "was": 0.056666666666666664, "found": 0.02, "in": 0.25, "middle": 0.02666666666666667, "field": 0.03333333333333333, "house": 0.30666666666666664, "located": 0.09333333333333334, "castle": 0.05, "property": 0.1, "on": 0.03666666666666667, "market": 0.013333333333333334, "for": 0.02, "\u00a3": 0.013333333333333334, "1": 0.013333333333333334, "this": 0.006666666666666667, "i": 0.0033333333333333335, "grew": 0.0033333333333333335, "up": 0.0033333333333333335, "countryside": 0.08666666666666667, "from": 0.05, "where": 0.05, "person": 0.056666666666666664, "lived": 0.03666666666666667, "his": 0.02, "mother": 0.01, "farm": 0.2, "green": 0.0033333333333333335, "grass": 0.0033333333333333335, "bridge": 0.01, "over": 0.01, "river": 0.01, "entrance": 0.01, "neighborhood": 0.016666666666666666, "closed": 0.006666666666666667, "several": 0.006666666666666667, "hours": 0.006666666666666667, "attacked": 0.006666666666666667, "tree": 0.023333333333333334, "woods": 0.01, "image": 0.03666666666666667, "#": 0.03333333333333333, "apartment": 0.006666666666666667, "center": 0.02666666666666667, "air": 0.013333333333333334, "conditioning,": 0.013333333333333334, "washing": 0.006666666666666667, "machine": 0.006666666666666667, "forest": 0.03, "full": 0.01, "trees": 0.03333333333333333, "region": 0.01, "beach": 0.016666666666666666, "country": 0.0033333333333333335, "m": 0.016666666666666666, "unesco": 0.0033333333333333335, "world": 0.0033333333333333335, "heritage": 0.0033333333333333335, "site": 0.0033333333333333335, "internet,": 0.013333333333333334, "pool,": 0.0033333333333333335, "heart": 0.013333333333333334, "tunnel": 0.0033333333333333335, "leading": 0.0033333333333333335, "city": 0.04, "beautiful": 0.02666666666666667, "place": 0.016666666666666666, "visit": 0.013333333333333334, "spotted": 0.013333333333333334, "parked": 0.0033333333333333335, "view": 0.02666666666666667, "parents": 0.016666666666666666, "foggy": 0.0033333333333333335, "fields": 0.0033333333333333335, "couple": 0.02, "were": 0.02, "wheat": 0.013333333333333334, "movie": 0.006666666666666667, "trip,": 0.006666666666666667, "roads": 0.006666666666666667, "after": 0.006666666666666667, "incident": 0.0033333333333333335, "building": 0.01, "area": 0.013333333333333334, "born": 0.0033333333333333335, "parking": 0.01, "hotel": 0.01, "through": 0.03333333333333333, "temple": 0.0033333333333333335, "her": 0.006666666666666667, "good": 0.0033333333333333335, "condition": 0.0033333333333333335, "typical": 0.0033333333333333335, "rural": 0.0033333333333333335, "landscape": 0.0033333333333333335, "farmhouse": 0.0033333333333333335, "quiet": 0.0033333333333333335, "street": 0.006666666666666667, "couple's": 0.006666666666666667, "home": 0.013333333333333334, "person,": 0.0033333333333333335, "who": 0.0033333333333333335, "shot": 0.0033333333333333335, "killed": 0.0033333333333333335, "man": 0.006666666666666667, "large": 0.01, "swimming": 0.01, "pool": 0.01, "cut": 0.0033333333333333335, "down": 0.01, "lined": 0.02, "vineyards": 0.006666666666666667, "near": 0.0033333333333333335, "sun": 0.006666666666666667, "shines": 0.006666666666666667, "town": 0.006666666666666667, "square": 0.006666666666666667, "meters,": 0.0033333333333333335, "plot": 0.0033333333333333335, "meters": 0.0033333333333333335, "seen": 0.013333333333333334, "walking": 0.016666666666666666, "future": 0.0033333333333333335, "small": 0.006666666666666667, "spring": 0.0033333333333333335, "pub": 0.0033333333333333335, "set": 0.006666666666666667, "acres": 0.006666666666666667, "land": 0.006666666666666667, "garden": 0.0033333333333333335, "drive": 0.0033333333333333335, "rental": 0.0033333333333333335, "-": 0.0033333333333333335, "forced": 0.0033333333333333335, "flee": 0.0033333333333333335, "their": 0.0033333333333333335, "attack": 0.0033333333333333335, "bloom": 0.0033333333333333335, "plants": 0.0033333333333333335, "dandelions": 0.0033333333333333335, "need": 0.0033333333333333335, "some": 0.0033333333333333335, "work": 0.0033333333333333335, "corn": 0.0033333333333333335, "family": 0.0033333333333333335, "windows": 0.0033333333333333335, "church": 0.0033333333333333335, "rock": 0.0033333333333333335, "wall": 0.0033333333333333335, "jungle": 0.0033333333333333335, "sunflowers": 0.0033333333333333335, "shrubs": 0.0033333333333333335, "driving": 0.0033333333333333335}