{"person": 0.07666666666666665, "car": 0.2833333333333332, "refrigerator": 0.016666666666666666, "stop sign": 0.043333333333333335, "cow": 0.023333333333333334, "truck": 0.023333333333333334, "airplane": 0.0033333333333333335, "bench": 0.02, "kite": 0.01, "bicycle": 0.0033333333333333335, "potted plant": 0.023333333333333334, "motorcycle": 0.0033333333333333335, "umbrella": 0.0033333333333333335, "train": 0.01, "frisbee": 0.01, "bird": 0.01, "bus": 0.0033333333333333335, "suitcase": 0.0033333333333333335, "bear": 0.0033333333333333335, "elephant": 0.0033333333333333335, "traffic light": 0.0033333333333333335, "density": 2.0963855421686746}