{"stop sign": 0.030000000000000002, "car": 0.2000000000000001, "bench": 0.030000000000000002, "potted plant": 0.035, "bird": 0.02, "frisbee": 0.005, "person": 0.045, "refrigerator": 0.01, "truck": 0.015, "sports ball": 0.005, "cow": 0.035, "bus": 0.005, "elephant": 0.005, "train": 0.005, "boat": 0.005, "fire hydrant": 0.005, "suitcase": 0.01, "kite": 0.005, "density": 0.47}