{"car": 0.23200000000000018, "truck": 0.02800000000000001, "train": 0.008, "person": 0.08600000000000006, "refrigerator": 0.018000000000000002, "suitcase": 0.008, "bench": 0.016, "kite": 0.01, "stop sign": 0.04000000000000002, "bus": 0.004, "bird": 0.01, "dog": 0.002, "bicycle": 0.002, "potted plant": 0.022000000000000006, "elephant": 0.002, "toilet": 0.004, "boat": 0.004, "cow": 0.02800000000000001, "frisbee": 0.006, "tie": 0.002, "zebra": 0.006, "surfboard": 0.002, "motorcycle": 0.002, "sports ball": 0.002, "bear": 0.002, "umbrella": 0.002, "traffic light": 0.002, "airplane": 0.002, "horse": 0.002, "fire hydrant": 0.002, "density": 0.556}