{"property": 0.08666666666666667, "located": 0.07, "in": 0.2, "heart": 0.016666666666666666, "road": 0.64, "castle": 0.056666666666666664, "image": 0.05, "#": 0.05, "apartment": 0.023333333333333334, "center": 0.02666666666666667, "was": 0.03666666666666667, "closed": 0.01, "for": 0.02666666666666667, "day": 0.006666666666666667, "mountains": 0.06, "beach": 0.19666666666666666, "house": 0.26, "middle": 0.03, "village": 0.03, "temple": 0.0033333333333333335, "ask": 0.0033333333333333335, "owner": 0.0033333333333333335, "photos": 0.0033333333333333335, "car": 0.06333333333333334, "city": 0.07333333333333333, "a-acre": 0.0033333333333333335, "ranch": 0.0033333333333333335, "small": 0.013333333333333334, "town": 0.02, "beautiful": 0.02666666666666667, "place": 0.02, "visit": 0.02, "roof": 0.0033333333333333335, "parked": 0.01, "field": 0.006666666666666667, "farm": 0.08333333333333333, "suburb": 0.006666666666666667, "man": 0.006666666666666667, "arrested": 0.0033333333333333335, "after": 0.0033333333333333335, "he": 0.0033333333333333335, "allegedly": 0.0033333333333333335, "ran": 0.0033333333333333335, "over": 0.013333333333333334, "found": 0.01, "weekend": 0.0033333333333333335, "street": 0.02, "from": 0.05333333333333334, "path": 0.0033333333333333335, "view": 0.03333333333333333, "top": 0.02, "hill": 0.0033333333333333335, "area": 0.02666666666666667, "lined": 0.006666666666666667, "trees": 0.03, "airport": 0.01, "home": 0.01, "person,": 0.0033333333333333335, "who": 0.0033333333333333335, "shot": 0.0033333333333333335, "killed": 0.0033333333333333335, "coyote": 0.0033333333333333335, "good": 0.0033333333333333335, "condition": 0.0033333333333333335, "farmhouse": 0.006666666666666667, "front": 0.0033333333333333335, "hotel": 0.01, "m": 0.006666666666666667, "person": 0.03, "park": 0.016666666666666666, "villa": 0.006666666666666667, "tree": 0.016666666666666666, "garden": 0.0033333333333333335, "countryside": 0.04, "large": 0.02, "swimming": 0.023333333333333334, "pool": 0.023333333333333334, "olive": 0.006666666666666667, "lavender": 0.0033333333333333335, "parking": 0.006666666666666667, "lot": 0.0033333333333333335, "couple": 0.006666666666666667, "were": 0.006666666666666667, "seen": 0.006666666666666667, "walking": 0.006666666666666667, "down": 0.0033333333333333335, "most": 0.0033333333333333335, "world": 0.0033333333333333335, "rental": 0.0033333333333333335, "-": 0.0033333333333333335, "growing": 0.006666666666666667, "backyard": 0.006666666666666667, "popular": 0.006666666666666667, "tourist": 0.0033333333333333335, "destination": 0.0033333333333333335, "where": 0.02, "lived": 0.01, "his": 0.006666666666666667, "parents": 0.006666666666666667, "driving": 0.01, "through": 0.02, "rural": 0.01, "courtyard": 0.0033333333333333335, "walks": 0.0033333333333333335, "sale": 0.01, "attacked": 0.006666666666666667, "sign": 0.0033333333333333335, "desert": 0.0033333333333333335, "plant": 0.0033333333333333335, "ruins": 0.0033333333333333335, "ancient": 0.0033333333333333335, "shrubs": 0.0033333333333333335, "movie": 0.0033333333333333335, "bridge": 0.006666666666666667, "river": 0.006666666666666667, "landscape": 0.0033333333333333335, "region": 0.0033333333333333335, "set": 0.0033333333333333335, "acres": 0.0033333333333333335, "land": 0.0033333333333333335, "surrounded": 0.0033333333333333335, "grass": 0.0033333333333333335, "greener": 0.0033333333333333335, "on": 0.006666666666666667, "other": 0.0033333333333333335, "side": 0.0033333333333333335, "forest": 0.0033333333333333335, "full": 0.0033333333333333335, "bloom": 0.0033333333333333335, "quiet": 0.0033333333333333335, "residential": 0.0033333333333333335, "sun": 0.006666666666666667, "sets": 0.0033333333333333335, "spot": 0.0033333333333333335, "tourists": 0.0033333333333333335, "their": 0.0033333333333333335, "dog": 0.0033333333333333335, "drives": 0.0033333333333333335, "highway": 0.0033333333333333335, "centre": 0.0033333333333333335, "shining": 0.0033333333333333335, "waterfall": 0.0033333333333333335, "detached": 0.0033333333333333335, "chalet": 0.0033333333333333335, "stolen": 0.0033333333333333335}