{"car": 0.23666666666666636, "stop sign": 0.03333333333333333, "person": 0.10666666666666659, "cow": 0.04, "bench": 0.013333333333333334, "potted plant": 0.02666666666666667, "truck": 0.030000000000000002, "refrigerator": 0.01, "suitcase": 0.0033333333333333335, "tie": 0.0033333333333333335, "kite": 0.013333333333333334, "bicycle": 0.0033333333333333335, "bird": 0.006666666666666667, "train": 0.013333333333333334, "boat": 0.006666666666666667, "sports ball": 0.0033333333333333335, "traffic light": 0.0033333333333333335, "umbrella": 0.0033333333333333335, "frisbee": 0.006666666666666667, "airplane": 0.0033333333333333335, "dog": 0.0033333333333333335, "bus": 0.006666666666666667, "horse": 0.0033333333333333335, "surfboard": 0.0033333333333333335, "fire hydrant": 0.0033333333333333335, "density": 0.5866666666666667}