{"herd": 0.17666666666666667, "sheep": 0.12, "grazing": 0.09666666666666666, "in": 0.27666666666666667, "field": 0.2633333333333333, "car": 0.26666666666666666, "parked": 0.23333333333333334, "on": 0.38333333333333336, "side": 0.12333333333333334, "road": 0.48, "small": 0.02666666666666667, "farm": 0.03, "building": 0.08, "motorcycle": 0.24, "front": 0.03, "line": 0.016666666666666666, "motorcycles": 0.023333333333333334, "cows": 0.04, "cattle": 0.05, "dirt": 0.10333333333333333, "bench": 0.016666666666666666, "sitting": 0.016666666666666666, "middle": 0.01, "forest": 0.02666666666666667, "town": 0.0033333333333333335, "street": 0.09333333333333334, "green": 0.18666666666666668, "fence": 0.03, "pasture": 0.023333333333333334, "driving": 0.13, "down": 0.13, "large": 0.14333333333333334, "hill": 0.016666666666666666, "behind": 0.01, "animals": 0.18666666666666668, "stone": 0.01, "wall": 0.01, "background": 0.05, "trees": 0.05333333333333334, "van": 0.01, "grass": 0.05, "blue": 0.006666666666666667, "next": 0.09333333333333334, "white": 0.05, "": 0.0033333333333333335, "lush": 0.02666666666666667, "lot": 0.03666666666666667, "different": 0.0033333333333333335, "types": 0.0033333333333333335, "cars": 0.03666666666666667, "house": 0.01, "signs": 0.0033333333333333335, "very": 0.006666666666666667, "nice": 0.006666666666666667, "looking": 0.006666666666666667, "two": 0.03, "goats": 0.0033333333333333335, "truck": 0.02666666666666667, "wooden": 0.006666666666666667, "couple": 0.023333333333333334, "standing": 0.06, "clock": 0.0033333333333333335, "tower": 0.0033333333333333335, "top": 0.023333333333333334, "near": 0.013333333333333334, "tree": 0.006666666666666667, "blurry": 0.06, "woods": 0.0033333333333333335, "horse": 0.03, "beach": 0.0033333333333333335, "body": 0.0033333333333333335, "water": 0.0033333333333333335, "barn": 0.0033333333333333335, "boat": 0.0033333333333333335, "mountain": 0.02, "houses": 0.0033333333333333335, "dog": 0.023333333333333334, "park": 0.006666666666666667, "view": 0.01, "highway": 0.01, "some": 0.02666666666666667, "man": 0.01, "person": 0.05, "drives": 0.0033333333333333335, "elephants": 0.0033333333333333335, "wild": 0.0033333333333333335, "stop": 0.016666666666666666, "sign": 0.016666666666666666, "bunch": 0.01, "buildings": 0.0033333333333333335, "valley": 0.0033333333333333335, "range": 0.0033333333333333335, "metal": 0.0033333333333333335, "grassy": 0.0033333333333333335, "area": 0.0033333333333333335, "pair": 0.0033333333333333335, "motorized": 0.0033333333333333335, "scooters": 0.0033333333333333335, "seen": 0.0033333333333333335, "through": 0.01, "lens": 0.0033333333333333335, "past": 0.01, "city": 0.0033333333333333335, "from": 0.0033333333333333335, "distance": 0.0033333333333333335, "statue": 0.0033333333333333335, "corner": 0.0033333333333333335, "factory": 0.0033333333333333335, "planes": 0.006666666666666667, "train": 0.006666666666666667, "going": 0.0033333333333333335, "bridge": 0.0033333333333333335, "over": 0.006666666666666667, "cow": 0.006666666666666667, "walking": 0.006666666666666667, "running": 0.0033333333333333335, "black": 0.0033333333333333335, "arrow": 0.0033333333333333335, "image": 0.0033333333333333335, "vegetation": 0.0033333333333333335, "sidewalk": 0.0033333333333333335, "tractor": 0.006666666666666667, "trucks": 0.0033333333333333335, "few": 0.006666666666666667, "group": 0.006666666666666667, "roof": 0.0033333333333333335, "traveling": 0.0033333333333333335, "narrow": 0.006666666666666667, "flying": 0.0033333333333333335, "cats": 0.0033333333333333335, "foreground": 0.0033333333333333335, "taking": 0.0033333333333333335, "parking": 0.006666666666666667, "many": 0.0033333333333333335, "gate": 0.0033333333333333335, "three": 0.0033333333333333335, "each": 0.0033333333333333335, "other": 0.0033333333333333335}