{"truck": 0.029999999999999995, "train": 0.01, "stop sign": 0.0425, "car": 0.23750000000000016, "person": 0.07750000000000003, "cow": 0.027499999999999997, "bird": 0.0075, "bench": 0.015000000000000001, "kite": 0.01, "potted plant": 0.0125, "refrigerator": 0.0175, "sports ball": 0.0025, "bear": 0.0025, "suitcase": 0.005, "traffic light": 0.0025, "frisbee": 0.0075, "dog": 0.0025, "elephant": 0.0025, "bicycle": 0.0025, "surfboard": 0.0025, "motorcycle": 0.0025, "zebra": 0.0075, "airplane": 0.0025, "umbrella": 0.0025, "boat": 0.005, "fire hydrant": 0.0025, "toilet": 0.005, "density": 0.545}