{"road": 0.76, "house": 0.26666666666666666, "mountains": 0.32666666666666666, "located": 0.05, "in": 0.11333333333333333, "parking": 0.013333333333333334, "lot": 0.01, "beach": 0.06, "property": 0.07, "image": 0.06, "#": 0.056666666666666664, "apartment": 0.0033333333333333335, "center": 0.013333333333333334, "air": 0.01, "conditioning,": 0.006666666666666667, "washing": 0.006666666666666667, "machine": 0.006666666666666667, "farm": 0.04, "site": 0.006666666666666667, "proposed": 0.0033333333333333335, "new": 0.0033333333333333335, "park": 0.01, "area": 0.006666666666666667, "middle": 0.013333333333333334, "small": 0.006666666666666667, "village": 0.023333333333333334, "city": 0.04666666666666667, "beautiful": 0.01, "mountain": 0.006666666666666667, "neighborhood": 0.0033333333333333335, "castle": 0.09, "countryside": 0.016666666666666666, "large": 0.016666666666666666, "swimming": 0.016666666666666666, "pool": 0.02, "view": 0.043333333333333335, "from": 0.05, "car": 0.023333333333333334, "moon": 0.0033333333333333335, "driving": 0.01, "on": 0.013333333333333334, "highway": 0.0033333333333333335, "top": 0.013333333333333334, "closed": 0.013333333333333334, "for": 0.016666666666666666, "weekend": 0.01, "detached": 0.013333333333333334, "chalet": 0.013333333333333334, "garden": 0.0033333333333333335, "man": 0.01, "seen": 0.01, "along": 0.0033333333333333335, "trail": 0.006666666666666667, "main": 0.0033333333333333335, "street": 0.0033333333333333335, "where": 0.02, "person": 0.023333333333333334, "lived": 0.016666666666666666, "his": 0.01, "mother": 0.006666666666666667, "cottage": 0.0033333333333333335, "forest": 0.013333333333333334, "heated": 0.0033333333333333335, "may": 0.0033333333333333335, "october": 0.0033333333333333335, "waterfall": 0.0033333333333333335, "movie": 0.0033333333333333335, "was": 0.01, "found": 0.006666666666666667, "private": 0.0033333333333333335, "home": 0.0033333333333333335, "cave": 0.006666666666666667, "m": 0.01, "internet,": 0.006666666666666667, "lake": 0.006666666666666667, "sale": 0.0033333333333333335, "summit": 0.0033333333333333335, "this": 0.0033333333333333335, "undated": 0.0033333333333333335, "trip,": 0.0033333333333333335, "roads": 0.0033333333333333335, "town": 0.0033333333333333335, "country": 0.0033333333333333335, "unesco": 0.0033333333333333335, "world": 0.0033333333333333335, "heritage": 0.0033333333333333335, "pool,": 0.0033333333333333335, "parents": 0.0033333333333333335, "tree": 0.013333333333333334, "hotel": 0.013333333333333334, "trees": 0.01, "good": 0.0033333333333333335, "condition": 0.0033333333333333335, "heart": 0.006666666666666667, "old": 0.0033333333333333335, "19th": 0.0033333333333333335, "century,": 0.0033333333333333335, "completely": 0.0033333333333333335, "renovated": 0.0033333333333333335, "bloom": 0.0033333333333333335, "time": 0.0033333333333333335, "being": 0.0033333333333333335, "woods": 0.0033333333333333335, "square": 0.006666666666666667, "meters,": 0.0033333333333333335, "plot": 0.0033333333333333335, "meters": 0.0033333333333333335, "struck": 0.0033333333333333335, "through": 0.0033333333333333335, "sky": 0.01, "limit": 0.0033333333333333335, "lined": 0.0033333333333333335, "shrubs": 0.0033333333333333335, "hill": 0.0033333333333333335, "ranch": 0.0033333333333333335, "style": 0.0033333333333333335, "cabin": 0.0033333333333333335, "banks": 0.0033333333333333335, "entrance": 0.0033333333333333335, "night": 0.0033333333333333335, "over": 0.006666666666666667, "dark": 0.0033333333333333335, "place": 0.0033333333333333335, "rock": 0.0033333333333333335, "so": 0.0033333333333333335, "big": 0.0033333333333333335, "it's": 0.0033333333333333335, "almost": 0.0033333333333333335, "invisible": 0.0033333333333333335, "eye": 0.0033333333333333335, "bridge": 0.0033333333333333335, "river": 0.0033333333333333335}