{"car": 0.3933333333333339, "truck": 0.04666666666666667, "person": 0.07333333333333332, "kite": 0.016666666666666666, "traffic light": 0.0033333333333333335, "fire hydrant": 0.006666666666666667, "potted plant": 0.006666666666666667, "train": 0.006666666666666667, "boat": 0.0033333333333333335, "sports ball": 0.0033333333333333335, "frisbee": 0.006666666666666667, "bench": 0.030000000000000002, "cow": 0.006666666666666667, "bicycle": 0.0033333333333333335, "motorcycle": 0.006666666666666667, "stop sign": 0.0033333333333333335, "horse": 0.006666666666666667, "airplane": 0.0033333333333333335, "surfboard": 0.0033333333333333335, "density": 0.63}