{"person": 0.032000000000000015, "cow": 0.06400000000000004, "bench": 0.020000000000000004, "stop sign": 0.004, "car": 0.19800000000000015, "truck": 0.03600000000000002, "bird": 0.004, "boat": 0.006, "train": 0.01, "traffic light": 0.002, "potted plant": 0.006, "sheep": 0.04200000000000002, "giraffe": 0.004, "kite": 0.01, "surfboard": 0.004, "bus": 0.004, "bicycle": 0.002, "backpack": 0.004, "horse": 0.002, "clock": 0.002, "fire hydrant": 0.002, "suitcase": 0.002, "density": 0.46}