{"car": 0.21250000000000013, "train": 0.01, "cow": 0.05000000000000001, "boat": 0.0075, "sheep": 0.034999999999999996, "bench": 0.024999999999999998, "person": 0.029999999999999995, "bird": 0.005, "kite": 0.01, "surfboard": 0.005, "truck": 0.034999999999999996, "fire hydrant": 0.0025, "potted plant": 0.005, "clock": 0.0025, "giraffe": 0.005, "bus": 0.0025, "bicycle": 0.0025, "backpack": 0.0025, "suitcase": 0.0025, "stop sign": 0.005, "traffic light": 0.0025, "density": 0.4575}