{"person": 0.043333333333333335, "cow": 0.060000000000000005, "train": 0.01, "car": 0.18666666666666645, "sheep": 0.006666666666666667, "truck": 0.023333333333333334, "bench": 0.02666666666666667, "surfboard": 0.006666666666666667, "kite": 0.006666666666666667, "boat": 0.01, "fire hydrant": 0.0033333333333333335, "traffic light": 0.0033333333333333335, "suitcase": 0.0033333333333333335, "bird": 0.006666666666666667, "potted plant": 0.006666666666666667, "clock": 0.0033333333333333335, "giraffe": 0.0033333333333333335, "density": 0.41}