{"person": 0.030000000000000002, "kite": 0.013333333333333334, "car": 0.18333333333333313, "bench": 0.023333333333333334, "bird": 0.006666666666666667, "truck": 0.03666666666666667, "cow": 0.04666666666666667, "traffic light": 0.0033333333333333335, "bus": 0.0033333333333333335, "sheep": 0.05333333333333334, "train": 0.01, "boat": 0.006666666666666667, "backpack": 0.0033333333333333335, "potted plant": 0.006666666666666667, "clock": 0.0033333333333333335, "suitcase": 0.0033333333333333335, "stop sign": 0.0033333333333333335, "giraffe": 0.006666666666666667, "fire hydrant": 0.0033333333333333335, "density": 1.9420289855072463}