{"road": 0.6733333333333333, "was": 0.08666666666666667, "closed": 0.013333333333333334, "for": 0.03666666666666667, "weekend": 0.01, "view": 0.09666666666666666, "from": 0.11, "beach": 0.03666666666666667, "bit": 0.0033333333333333335, "mess": 0.0033333333333333335, "castle": 0.06333333333333334, "ruins": 0.006666666666666667, "old": 0.006666666666666667, "mill": 0.0033333333333333335, "farm": 0.10666666666666667, "located": 0.03333333333333333, "in": 0.16, "countryside": 0.07333333333333333, "house": 0.35333333333333333, "couple": 0.02, "were": 0.023333333333333334, "found": 0.03666666666666667, "wandering": 0.006666666666666667, "movie": 0.006666666666666667, "car": 0.12, "spotted": 0.01, "on": 0.04666666666666667, "park": 0.07666666666666666, "short": 0.02, "walk": 0.02, "at": 0.01, "end": 0.0033333333333333335, "pub": 0.02, "property": 0.06666666666666667, "set": 0.03, "acres": 0.02666666666666667, "land": 0.02, "surrounded": 0.013333333333333334, "fields": 0.016666666666666666, "woodland": 0.023333333333333334, "where": 0.05333333333333334, "person": 0.056666666666666664, "born": 0.02, "leading": 0.006666666666666667, "village": 0.02, "lined": 0.016666666666666666, "trees": 0.02666666666666667, "shrubs": 0.006666666666666667, "area": 0.01, "lived": 0.006666666666666667, "her": 0.0033333333333333335, "parents": 0.0033333333333333335, "pictured": 0.006666666666666667, "city": 0.01, "small": 0.0033333333333333335, "mountains": 0.01, "site": 0.0033333333333333335, "original": 0.0033333333333333335, "church": 0.006666666666666667, "traffic": 0.0033333333333333335, "middle": 0.03, "front": 0.0033333333333333335, "river": 0.0033333333333333335, "trip,": 0.0033333333333333335, "roads": 0.0033333333333333335, "moon": 0.0033333333333333335, "only": 0.0033333333333333335, "star": 0.0033333333333333335, "sky": 0.0033333333333333335, "top": 0.01, "market": 0.02666666666666667, "\u00a3": 0.02666666666666667, "1": 0.02666666666666667, "left": 0.0033333333333333335, "broken": 0.0033333333333333335, "leg": 0.0033333333333333335, "after": 0.0033333333333333335, "they": 0.006666666666666667, "driving": 0.0033333333333333335, "struck": 0.0033333333333333335, "tree": 0.03, "so": 0.006666666666666667, "beautiful": 0.01, "summer": 0.0033333333333333335, "attacked": 0.02, "seen": 0.006666666666666667, "walking": 0.0033333333333333335, "through": 0.02, "last": 0.0033333333333333335, "together": 0.0033333333333333335, "growing": 0.0033333333333333335, "forest": 0.01, "country": 0.013333333333333334, "barn": 0.0033333333333333335, "parking": 0.0033333333333333335, "lot": 0.0033333333333333335, "passerby": 0.0033333333333333335, "estate": 0.0033333333333333335, "beautiful,": 0.0033333333333333335, "look": 0.0033333333333333335, "like": 0.0033333333333333335, "they're": 0.0033333333333333335, "floating": 0.0033333333333333335, "ocean": 0.0033333333333333335, "island": 0.0033333333333333335, "lake": 0.0033333333333333335, "field": 0.006666666666666667, "hotel": 0.006666666666666667, "place": 0.0033333333333333335, "visit": 0.0033333333333333335, "be": 0.0033333333333333335, "demolished": 0.0033333333333333335, "garden": 0.006666666666666667, "his": 0.0033333333333333335, "wife": 0.0033333333333333335, "children": 0.0033333333333333335, "trip": 0.0033333333333333335, "drives": 0.0033333333333333335, "along": 0.0033333333333333335, "quiet": 0.0033333333333333335, "long": 0.0033333333333333335, "narrow": 0.0033333333333333335, "wall": 0.0033333333333333335, "woods": 0.006666666666666667, "parked": 0.0033333333333333335, "outside": 0.0033333333333333335, "valley": 0.0033333333333333335, "landscape": 0.0033333333333333335, "region": 0.0033333333333333335}