{"field": 0.5366666666666666, "animals": 0.21, "grazing": 0.38666666666666666, "blurry": 0.09, "farm": 0.03666666666666667, "in": 0.2633333333333333, "grass": 0.06, "road": 0.25, "large": 0.21666666666666667, "green": 0.55, "horse": 0.04666666666666667, "on": 0.4033333333333333, "side": 0.06, "sheep": 0.2833333333333333, "trees": 0.09333333333333334, "pasture": 0.17666666666666667, "herd": 0.25333333333333335, "walking": 0.01, "across": 0.0033333333333333335, "lush": 0.09, "car": 0.23333333333333334, "parked": 0.08333333333333333, "cattle": 0.11, "passing": 0.013333333333333334, "line": 0.006666666666666667, "goats": 0.01, "cars": 0.01, "fence": 0.03666666666666667, "lot": 0.01, "cows": 0.04, "driving": 0.11666666666666667, "motorcycle": 0.04, "down": 0.09, "gate": 0.0033333333333333335, "through": 0.01, "grassy": 0.006666666666666667, "next": 0.03333333333333333, "background": 0.02666666666666667, "long": 0.0033333333333333335, "dirt": 0.023333333333333334, "front": 0.016666666666666666, "house": 0.01, "person": 0.02666666666666667, "standing": 0.03666666666666667, "couple": 0.013333333333333334, "stop": 0.0033333333333333335, "sign": 0.006666666666666667, "middle": 0.013333333333333334, "street": 0.03333333333333333, "bushes": 0.016666666666666666, "past": 0.006666666666666667, "near": 0.01, "tree": 0.01, "distance": 0.013333333333333334, "building": 0.013333333333333334, "two": 0.01, "shrubs": 0.0033333333333333335, "truck": 0.03, "bench": 0.013333333333333334, "sitting": 0.006666666666666667, "covered": 0.0033333333333333335, "white": 0.0033333333333333335, "black": 0.0033333333333333335, "dog": 0.01, "top": 0.02, "houses": 0.0033333333333333335, "stone": 0.006666666666666667, "window": 0.0033333333333333335, "man": 0.0033333333333333335, "highway": 0.0033333333333333335, "hillside": 0.01, "corner": 0.0033333333333333335, "small": 0.006666666666666667, "village": 0.0033333333333333335, "reads": 0.0033333333333333335, "\"the": 0.0033333333333333335, "arabic": 0.0033333333333333335, "language\"": 0.0033333333333333335, "": 0.17333333333333334, "forest": 0.01, "object": 0.0033333333333333335, "air": 0.0033333333333333335, "wall": 0.0033333333333333335, "bike": 0.0033333333333333335, "along": 0.0033333333333333335, "group": 0.0033333333333333335, "few": 0.0033333333333333335, "van": 0.0033333333333333335, "path": 0.0033333333333333335, "plane": 0.006666666666666667, "yard": 0.006666666666666667, "blue": 0.0033333333333333335, "zebras": 0.0033333333333333335, "wooden": 0.0033333333333333335, "mountain": 0.0033333333333333335, "taking": 0.0033333333333333335}