{"bench": 0.035, "person": 0.030000000000000002, "car": 0.18500000000000008, "sheep": 0.025, "truck": 0.02, "cow": 0.06499999999999999, "bicycle": 0.005, "backpack": 0.005, "surfboard": 0.005, "giraffe": 0.005, "stop sign": 0.005, "train": 0.01, "traffic light": 0.005, "potted plant": 0.01, "bird": 0.005, "horse": 0.005, "density": 0.42}