{"bench": 0.01, "bird": 0.02, "boat": 0.18000000000000002, "car": 0.05, "person": 0.36000000000000015, "suitcase": 0.03, "surfboard": 0.03, "hot dog": 0.01, "sheep": 0.03, "train": 0.05, "truck": 0.12999999999999998, "bus": 0.01, "backpack": 0.01, "bottle": 0.01, "microwave": 0.01, "cell phone": 0.02, "dog": 0.01, "chair": 0.01, "stop sign": 0.01, "airplane": 0.01, "skis": 0.01, "density": 1.01}