{"river": 0.006666666666666667, "short": 0.023333333333333334, "walk": 0.013333333333333334, "from": 0.15, "house": 0.08, "so": 0.02666666666666667, "cold": 0.006666666666666667, "almost": 0.013333333333333334, "frozen": 0.0033333333333333335, "landscape": 0.09666666666666666, "region": 0.06, "road": 0.22, "mountains": 0.14666666666666667, "boat": 0.12666666666666668, "we": 0.03333333333333333, "took": 0.016666666666666666, "beach": 0.08, "person": 0.04, "on": 0.13666666666666666, "in": 0.16333333333333333, "fog": 0.006666666666666667, "city": 0.07666666666666666, "small": 0.05, "town": 0.02, "edge": 0.0033333333333333335, "sea": 0.04666666666666667, "most": 0.013333333333333334, "beautiful": 0.06, "thing": 0.0033333333333333335, "world": 0.013333333333333334, "alive": 0.01, "sound": 0.01, "wind": 0.013333333333333334, "man": 0.03333333333333333, "outside": 0.0033333333333333335, "red": 0.01, "hoodie": 0.0033333333333333335, "standing": 0.01, "cliff": 0.006666666666666667, "near": 0.0033333333333333335, "water": 0.03666666666666667, "places": 0.006666666666666667, "stands": 0.0033333333333333335, "view": 0.10333333333333333, "summit": 0.06333333333333334, "way": 0.02, "kitchen": 0.006666666666666667, "fully": 0.0033333333333333335, "equipped": 0.0033333333333333335, "all": 0.0033333333333333335, "appliances": 0.0033333333333333335, "place": 0.03666666666666667, "visit": 0.006666666666666667, "were": 0.02, "warehouse": 0.0033333333333333335, "now": 0.0033333333333333335, "open": 0.0033333333333333335, "for": 0.016666666666666666, "business": 0.0033333333333333335, "trail": 0.013333333333333334, "steep": 0.006666666666666667, "narrow": 0.0033333333333333335, "kayak": 0.006666666666666667, "kayaker": 0.006666666666666667, "paddling": 0.0033333333333333335, "through": 0.02, "waters": 0.0033333333333333335, "sun": 0.013333333333333334, "sets": 0.01, "over": 0.013333333333333334, "field": 0.006666666666666667, "grass": 0.0033333333333333335, "was": 0.02, "spotted": 0.01, "off": 0.016666666666666666, "coast": 0.05333333333333334, "top": 0.09666666666666666, "lake": 0.02666666666666667, "car": 0.02, "front": 0.023333333333333334, "hotel": 0.01, "good": 0.0033333333333333335, "condition": 0.0033333333333333335, "village": 0.06, "person,": 0.023333333333333334, "drive": 0.01, "us": 0.0033333333333333335, "island": 0.016666666666666666, "mix": 0.016666666666666666, "native": 0.0033333333333333335, "exotic": 0.0033333333333333335, "plants": 0.0033333333333333335, "middle": 0.03, "walking": 0.0033333333333333335, "snow": 0.02, "ocean": 0.006666666666666667, "bit": 0.016666666666666666, "more": 0.006666666666666667, "rugged": 0.006666666666666667, "than": 0.01, "canyon": 0.0033333333333333335, "driving": 0.01, "ridge": 0.0033333333333333335, "ice": 0.006666666666666667, "melting": 0.0033333333333333335, "into": 0.0033333333333333335, "trip": 0.016666666666666666, "jacket": 0.0033333333333333335, "mountain": 0.04666666666666667, "remote": 0.006666666666666667, "rocks": 0.013333333333333334, "rock": 0.02666666666666667, "looking": 0.0033333333333333335, "at": 0.01, "blowing": 0.0033333333333333335, "direction": 0.0033333333333333335, "canyons": 0.0033333333333333335, "formation": 0.006666666666666667, "located": 0.016666666666666666, "dry": 0.006666666666666667, "warm": 0.006666666666666667, "too": 0.0033333333333333335, "high": 0.0033333333333333335, "me": 0.0033333333333333335, "climb": 0.0033333333333333335, "up": 0.0033333333333333335, "surrounding": 0.0033333333333333335, "area": 0.0033333333333333335, "northernmost": 0.01, "point": 0.01, "range": 0.016666666666666666, "-": 0.006666666666666667, "covered": 0.016666666666666666, "seen": 0.006666666666666667, "this": 0.0033333333333333335, "undated": 0.0033333333333333335, "image": 0.0033333333333333335, "parking": 0.006666666666666667, "lot": 0.006666666666666667, "ceiling": 0.0033333333333333335, "loft": 0.0033333333333333335, "natural": 0.006666666666666667, "manmade": 0.006666666666666667, "just": 0.0033333333333333335, "horizon": 0.0033333333333333335, "volcanic": 0.0033333333333333335, "deck": 0.0033333333333333335, "cruise": 0.006666666666666667, "ship": 0.006666666666666667, "peninsula": 0.0033333333333333335, "glacier": 0.023333333333333334, "thought": 0.0033333333333333335, "be": 0.0033333333333333335, "world's": 0.0033333333333333335, "largest": 0.006666666666666667, "other": 0.006666666666666667, "side": 0.006666666666666667, "steep,": 0.0033333333333333335, "but": 0.0033333333333333335, "not": 0.0033333333333333335, "bad": 0.0033333333333333335, "trek": 0.0033333333333333335, "grey": 0.0033333333333333335, "around": 0.0033333333333333335, "end": 0.0033333333333333335, "formations": 0.0033333333333333335, "i": 0.006666666666666667, "little": 0.0033333333333333335, "smaller": 0.0033333333333333335, "rest": 0.0033333333333333335, "winter": 0.01, "valley": 0.01, "completely": 0.0033333333333333335, "buried": 0.0033333333333333335, "still": 0.0033333333333333335, "very": 0.0033333333333333335, "much": 0.0033333333333333335, "ground": 0.0033333333333333335, "movie": 0.006666666666666667, "paddles": 0.0033333333333333335, "interior": 0.0033333333333333335, "building": 0.01, "visible": 0.0033333333333333335, "air": 0.0033333333333333335, "port": 0.0033333333333333335, "swims": 0.0033333333333333335, "shot": 0.0033333333333333335, "killed": 0.0033333333333333335, "fisherman": 0.0033333333333333335, "while": 0.0033333333333333335, "fishing": 0.0033333333333333335, "plane": 0.0033333333333333335, "flies": 0.0033333333333333335, "sight": 0.0033333333333333335, "rides": 0.0033333333333333335, "motorcycle": 0.0033333333333333335, "quad": 0.0033333333333333335, "bike": 0.0033333333333333335, "dog's": 0.0033333333333333335, "owner": 0.0033333333333333335, "left": 0.0033333333333333335, "shocked": 0.0033333333333333335, "when": 0.0033333333333333335, "she": 0.0033333333333333335, "saw": 0.0033333333333333335, "man's": 0.0033333333333333335, "face": 0.006666666666666667, "window": 0.0033333333333333335, "first": 0.0033333333333333335, "part": 0.0033333333333333335, "hike": 0.0033333333333333335, "descent": 0.0033333333333333335, "down": 0.0033333333333333335, "distance": 0.0033333333333333335, "day": 0.0033333333333333335, "big,": 0.0033333333333333335, "it's": 0.006666666666666667, "like": 0.0033333333333333335, "giant": 0.0033333333333333335, "tree": 0.0033333333333333335, "popular": 0.0033333333333333335, "spot": 0.0033333333333333335, "tourists": 0.0033333333333333335, "big": 0.0033333333333333335, "invisible": 0.0033333333333333335, "eye": 0.0033333333333333335, "gods": 0.0033333333333333335, "desert": 0.0033333333333333335, "pilgrimage": 0.0033333333333333335, "many": 0.0033333333333333335, "people": 0.0033333333333333335, "background": 0.0033333333333333335}