{"person": 0.38333333333333386, "truck": 0.07333333333333332, "cow": 0.01, "car": 0.06333333333333334, "boat": 0.1799999999999998, "surfboard": 0.043333333333333335, "cell phone": 0.013333333333333334, "dog": 0.006666666666666667, "chair": 0.0033333333333333335, "bench": 0.013333333333333334, "train": 0.043333333333333335, "sheep": 0.02666666666666667, "kite": 0.0033333333333333335, "skis": 0.006666666666666667, "bird": 0.030000000000000002, "snowboard": 0.006666666666666667, "skateboard": 0.006666666666666667, "keyboard": 0.0033333333333333335, "suitcase": 0.02666666666666667, "tv": 0.0033333333333333335, "book": 0.0033333333333333335, "oven": 0.0033333333333333335, "mouse": 0.0033333333333333335, "bed": 0.0033333333333333335, "backpack": 0.01, "bottle": 0.0033333333333333335, "microwave": 0.006666666666666667, "broccoli": 0.01, "horse": 0.0033333333333333335, "elephant": 0.0033333333333333335, "bus": 0.0033333333333333335, "bowl": 0.0033333333333333335, "stop sign": 0.0033333333333333335, "airplane": 0.0033333333333333335, "hot dog": 0.0033333333333333335, "bear": 0.0033333333333333335, "motorcycle": 0.01, "density": 1.0266666666666666}