{"property": 0.006666666666666667, "located": 0.08, "in": 0.08, "neighborhood": 0.013333333333333334, "road": 0.66, "beach": 0.12666666666666668, "trip": 0.04, "through": 0.06333333333333334, "desert": 0.17, "city": 0.23333333333333334, "beautiful": 0.09666666666666666, "place": 0.08333333333333333, "drive": 0.013333333333333334, "visit": 0.06333333333333334, "parking": 0.006666666666666667, "lot": 0.006666666666666667, "national": 0.01, "park": 0.023333333333333334, "mountains": 0.09, "highway": 0.01, "house": 0.09, "car": 0.056666666666666664, "was": 0.03, "found": 0.016666666666666666, "middle": 0.02666666666666667, "field": 0.016666666666666666, "farm": 0.11, "driveway": 0.0033333333333333335, "where": 0.023333333333333334, "person": 0.03, "lived": 0.016666666666666666, "future": 0.006666666666666667, "border": 0.02, "drives": 0.01, "building": 0.0033333333333333335, "small": 0.03333333333333333, "town": 0.03, "tree": 0.013333333333333334, "parked": 0.006666666666666667, "pilgrimage": 0.006666666666666667, "for": 0.01, "me": 0.0033333333333333335, "village": 0.01, "lined": 0.006666666666666667, "trees": 0.01, "driving": 0.013333333333333334, "along": 0.006666666666666667, "country": 0.013333333333333334, "airport": 0.013333333333333334, "his": 0.006666666666666667, "mother": 0.0033333333333333335, "home": 0.006666666666666667, "nowhere": 0.006666666666666667, "ghost": 0.0033333333333333335, "east": 0.0033333333333333335, "state": 0.0033333333333333335, "shrubs": 0.0033333333333333335, "view": 0.0033333333333333335, "from": 0.0033333333333333335, "street": 0.006666666666666667, "good": 0.0033333333333333335, "condition": 0.0033333333333333335, "trail": 0.0033333333333333335, "wide": 0.0033333333333333335, "easy": 0.0033333333333333335, "follow": 0.0033333333333333335, "spotted": 0.0033333333333333335, "near": 0.0033333333333333335, "ranch": 0.0033333333333333335, "countryside": 0.016666666666666666, "born": 0.0033333333333333335, "restaurant": 0.0033333333333333335, "prairies": 0.01, "castle": 0.02, "landscape": 0.01, "bit": 0.0033333333333333335, "more": 0.0033333333333333335, "rugged": 0.0033333333333333335, "than": 0.0033333333333333335, "short": 0.0033333333333333335, "back": 0.0033333333333333335, "garden": 0.0033333333333333335, "top": 0.0033333333333333335, "tunnel": 0.0033333333333333335, "basement": 0.0033333333333333335, "mix": 0.0033333333333333335, "natural": 0.0033333333333333335, "manmade": 0.0033333333333333335, "main": 0.0033333333333333335, "woods": 0.0033333333333333335, "sign": 0.0033333333333333335, "this": 0.0033333333333333335, "region": 0.0033333333333333335, "grass": 0.006666666666666667, "blue": 0.006666666666666667, "sky": 0.006666666666666667, "rural": 0.0033333333333333335, "area": 0.01, "closed": 0.0033333333333333335, "weekend": 0.0033333333333333335, "on": 0.01, "way": 0.0033333333333333335, "summit": 0.0033333333333333335, "church": 0.0033333333333333335, "person,": 0.0033333333333333335, "many": 0.0033333333333333335, "travelers": 0.0033333333333333335, "heart": 0.0033333333333333335, "man": 0.01, "walks": 0.0033333333333333335, "dog": 0.0033333333333333335, "struck": 0.006666666666666667}