{"car": 0.23333333333333303, "truck": 0.05, "person": 0.09333333333333328, "bus": 0.006666666666666667, "horse": 0.006666666666666667, "bench": 0.006666666666666667, "bicycle": 0.013333333333333334, "backpack": 0.0033333333333333335, "cow": 0.01, "chair": 0.0033333333333333335, "bird": 0.013333333333333334, "sheep": 0.01, "boat": 0.0033333333333333335, "stop sign": 0.006666666666666667, "frisbee": 0.006666666666666667, "sports ball": 0.0033333333333333335, "fire hydrant": 0.006666666666666667, "motorcycle": 0.01, "kite": 0.006666666666666667, "train": 0.0033333333333333335, "airplane": 0.0033333333333333335, "density": 0.5}