{"kite": 0.02, "truck": 0.07, "train": 0.01, "car": 0.36000000000000015, "person": 0.12999999999999998, "bird": 0.02, "boat": 0.01, "airplane": 0.01, "bus": 0.02, "frisbee": 0.01, "density": 0.66}