{"road": 0.6233333333333333, "jungle": 0.016666666666666666, "farm": 0.05, "tree": 0.02666666666666667, "in": 0.12, "middle": 0.06, "temple": 0.06, "city": 0.36666666666666664, "small": 0.16666666666666666, "town": 0.16333333333333333, "car": 0.06666666666666667, "drives": 0.01, "through": 0.03666666666666667, "desert": 0.10333333333333333, "ruins": 0.0033333333333333335, "old": 0.013333333333333334, "located": 0.01, "border": 0.016666666666666666, "driving": 0.013333333333333334, "rural": 0.006666666666666667, "area": 0.01, "village": 0.03666666666666667, "popular": 0.02, "tourist": 0.013333333333333334, "destination": 0.013333333333333334, "beautiful": 0.01, "place": 0.016666666666666666, "for": 0.016666666666666666, "sale": 0.006666666666666667, "property": 0.013333333333333334, "site": 0.013333333333333334, "original": 0.0033333333333333335, "quarry": 0.0033333333333333335, "trees": 0.01, "good": 0.0033333333333333335, "condition": 0.0033333333333333335, "beach": 0.13666666666666666, "house": 0.04666666666666667, "where": 0.016666666666666666, "person": 0.016666666666666666, "was": 0.02, "found": 0.0033333333333333335, "parked": 0.02666666666666667, "street": 0.016666666666666666, "lined": 0.013333333333333334, "shops": 0.0033333333333333335, "restaurants": 0.0033333333333333335, "nowhere": 0.0033333333333333335, "bridge": 0.0033333333333333335, "landscape": 0.0033333333333333335, "mixture": 0.0033333333333333335, "dry": 0.0033333333333333335, "wet": 0.0033333333333333335, "couple": 0.0033333333333333335, "were": 0.0033333333333333335, "seen": 0.0033333333333333335, "walking": 0.0033333333333333335, "grassland": 0.0033333333333333335, "cars": 0.01, "trucks": 0.006666666666666667, "spotted": 0.006666666666666667, "on": 0.006666666666666667, "houses": 0.0033333333333333335, "pilgrimage": 0.0033333333333333335, "me": 0.0033333333333333335, "tourists": 0.0033333333333333335, "proposed": 0.0033333333333333335, "new": 0.0033333333333333335, "school": 0.0033333333333333335, "man": 0.016666666666666666, "stands": 0.0033333333333333335, "airport": 0.02, "growing": 0.006666666666666667, "spot": 0.0033333333333333335, "photographers": 0.0033333333333333335, "state": 0.0033333333333333335, "full": 0.01, "bloom": 0.0033333333333333335, "forest": 0.013333333333333334, "lived": 0.006666666666666667, "fire": 0.0033333333333333335, "bush": 0.0033333333333333335, "lone": 0.0033333333333333335, "camel": 0.0033333333333333335, "park": 0.006666666666666667, "arrested": 0.0033333333333333335, "after": 0.0033333333333333335, "he": 0.0033333333333333335, "reportedly": 0.0033333333333333335, "threw": 0.0033333333333333335, "bottle": 0.0033333333333333335, "at": 0.0033333333333333335, "police": 0.0033333333333333335, "officer": 0.0033333333333333335, "his": 0.006666666666666667, "mother": 0.0033333333333333335, "hotel": 0.006666666666666667, "home": 0.0033333333333333335, "person,": 0.0033333333333333335, "who": 0.0033333333333333335, "now": 0.0033333333333333335, "living": 0.0033333333333333335, "trip": 0.0033333333333333335, "apartment": 0.0033333333333333335, "rental": 0.0033333333333333335, "-": 0.0033333333333333335, "garden": 0.0033333333333333335, "streets": 0.0033333333333333335, "building": 0.0033333333333333335, "built": 0.0033333333333333335, "walks": 0.006666666666666667, "field": 0.0033333333333333335, "museum": 0.0033333333333333335, "former": 0.006666666666666667, "factory": 0.0033333333333333335, "morning": 0.0033333333333333335, "visit": 0.0033333333333333335, "along": 0.0033333333333333335, "rides": 0.0033333333333333335, "bike": 0.0033333333333333335, "entrance": 0.0033333333333333335, "view": 0.0033333333333333335, "from": 0.0033333333333333335, "truck": 0.0033333333333333335, "load": 0.0033333333333333335, "rocks": 0.0033333333333333335, "born": 0.0033333333333333335, "past": 0.0033333333333333335, "prison": 0.0033333333333333335, "highway": 0.0033333333333333335}