{"car": 0.3200000000000001, "person": 0.46000000000000024, "bus": 0.01, "truck": 0.08, "stop sign": 0.01, "kite": 0.02, "traffic light": 0.01, "elephant": 0.01, "umbrella": 0.03, "apple": 0.01, "bird": 0.02, "airplane": 0.02, "refrigerator": 0.01, "motorcycle": 0.03, "parking meter": 0.01, "mouse": 0.01, "sheep": 0.02, "giraffe": 0.04, "fire hydrant": 0.01, "cow": 0.02, "chair": 0.01, "density": 1.16}