{"car": 0.2766666666666665, "motorcycle": 0.043333333333333335, "person": 0.5400000000000008, "truck": 0.07333333333333332, "refrigerator": 0.0033333333333333335, "elephant": 0.006666666666666667, "bus": 0.013333333333333334, "bottle": 0.01, "bench": 0.01, "chair": 0.006666666666666667, "boat": 0.016666666666666666, "stop sign": 0.0033333333333333335, "giraffe": 0.030000000000000002, "bicycle": 0.0033333333333333335, "toilet": 0.013333333333333334, "kite": 0.016666666666666666, "cow": 0.013333333333333334, "train": 0.006666666666666667, "airplane": 0.006666666666666667, "parking meter": 0.0033333333333333335, "bird": 0.013333333333333334, "umbrella": 0.01, "fire hydrant": 0.0033333333333333335, "surfboard": 0.0033333333333333335, "traffic light": 0.0033333333333333335, "mouse": 0.0033333333333333335, "horse": 0.006666666666666667, "apple": 0.0033333333333333335, "backpack": 0.0033333333333333335, "sheep": 0.006666666666666667, "density": 1.1533333333333333}