{"truck": 0.22333333333333305, "car": 0.6699999999999995, "person": 0.686666666666666, "parking meter": 0.006666666666666667, "motorcycle": 0.23333333333333303, "potted plant": 0.15999999999999984, "bicycle": 0.0833333333333333, "kite": 0.023333333333333334, "clock": 0.01, "bench": 0.11333333333333324, "elephant": 0.006666666666666667, "boat": 0.02, "bird": 0.023333333333333334, "bottle": 0.0033333333333333335, "fire hydrant": 0.02666666666666667, "airplane": 0.006666666666666667, "dining table": 0.016666666666666666, "umbrella": 0.030000000000000002, "chair": 0.023333333333333334, "traffic light": 0.01, "vase": 0.0033333333333333335, "bowl": 0.0033333333333333335, "toilet": 0.0033333333333333335, "banana": 0.0033333333333333335, "bear": 0.0033333333333333335, "stop sign": 0.013333333333333334, "dog": 0.006666666666666667, "bus": 0.03333333333333333, "train": 0.006666666666666667, "tv": 0.0033333333333333335, "backpack": 0.0033333333333333335, "sports ball": 0.006666666666666667, "sheep": 0.0033333333333333335, "bed": 0.006666666666666667, "cow": 0.006666666666666667, "giraffe": 0.006666666666666667, "skis": 0.0033333333333333335, "density": 2.493333333333333}