{"truck": 0.24000000000000007, "car": 0.6100000000000003, "person": 0.6900000000000004, "motorcycle": 0.2800000000000001, "bicycle": 0.09, "bus": 0.05, "potted plant": 0.26000000000000006, "bird": 0.03, "bench": 0.13999999999999999, "fire hydrant": 0.02, "boat": 0.04, "giraffe": 0.01, "kite": 0.01, "train": 0.01, "stop sign": 0.01, "tv": 0.01, "dining table": 0.01, "density": 2.51}