{"sun": 0.0033333333333333335, "sets": 0.0033333333333333335, "over": 0.0033333333333333335, "mountains": 0.04666666666666667, "road": 0.51, "house": 0.22, "lined": 0.016666666666666666, "trees": 0.01, "temple": 0.17666666666666667, "farm": 0.02666666666666667, "where": 0.07333333333333333, "person": 0.056666666666666664, "lived": 0.04, "his": 0.006666666666666667, "mother": 0.0033333333333333335, "city": 0.11666666666666667, "small": 0.02, "town": 0.043333333333333335, "from": 0.06666666666666667, "movie": 0.016666666666666666, "man": 0.023333333333333334, "was": 0.043333333333333335, "killed": 0.006666666666666667, "after": 0.0033333333333333335, "car": 0.02, "hit": 0.0033333333333333335, "him": 0.0033333333333333335, "in": 0.18333333333333332, "head": 0.0033333333333333335, "airport": 0.01, "beach": 0.11666666666666667, "village": 0.04, "building": 0.03333333333333333, "located": 0.056666666666666664, "heart": 0.023333333333333334, "main": 0.04, "street": 0.11, "boat": 0.0033333333333333335, "on": 0.01, "river": 0.016666666666666666, "walks": 0.013333333333333334, "down": 0.01, "valley": 0.0033333333333333335, "site": 0.006666666666666667, "proposed": 0.006666666666666667, "new": 0.006666666666666667, "school": 0.006666666666666667, "hotel": 0.03333333333333333, "beautiful": 0.04, "right": 0.0033333333333333335, "outside": 0.0033333333333333335, "your": 0.0033333333333333335, "door!": 0.0033333333333333335, "tree": 0.02, "middle": 0.04666666666666667, "forest": 0.01, "view": 0.03, "park": 0.03, "water": 0.006666666666666667, "so": 0.01, "clear": 0.0033333333333333335, "sky": 0.0033333333333333335, "visible": 0.0033333333333333335, "place": 0.03, "visit": 0.02, "good": 0.0033333333333333335, "condition": 0.006666666666666667, "advert": 0.01, "streets": 0.006666666666666667, "shops": 0.006666666666666667, "restaurants": 0.006666666666666667, "truck": 0.0033333333333333335, "seen": 0.006666666666666667, "parked": 0.006666666666666667, "front": 0.01, "gas": 0.0033333333333333335, "station": 0.0033333333333333335, "busy": 0.006666666666666667, "wall": 0.0033333333333333335, "popular": 0.006666666666666667, "for": 0.013333333333333334, "tourists": 0.006666666666666667, "center": 0.006666666666666667, "person,": 0.01, "family": 0.0033333333333333335, "lives": 0.0033333333333333335, "entrance": 0.01, "cottage": 0.0033333333333333335, "born": 0.013333333333333334, "remote": 0.0033333333333333335, "sign": 0.0033333333333333335, "at": 0.01, "found": 0.02, "lot": 0.006666666666666667, "nature": 0.0033333333333333335, "neighborhood": 0.006666666666666667, "landscape": 0.0033333333333333335, "mix": 0.0033333333333333335, "land": 0.0033333333333333335, "property": 0.006666666666666667, "field": 0.0033333333333333335, "sunflowers": 0.0033333333333333335, "countryside": 0.006666666666666667, "i": 0.01, "live": 0.0033333333333333335, "deity,": 0.0033333333333333335, "built": 0.006666666666666667, "12th": 0.0033333333333333335, "century": 0.0033333333333333335, "closed": 0.0033333333333333335, "weekend": 0.0033333333333333335, "home": 0.01, "who": 0.006666666666666667, "backyard": 0.0033333333333333335, "her": 0.0033333333333333335, "couple": 0.006666666666666667, "were": 0.006666666666666667, "passerby": 0.0033333333333333335, "cliffs": 0.0033333333333333335, "high": 0.0033333333333333335, "they": 0.0033333333333333335, "almost": 0.006666666666666667, "like": 0.0033333333333333335, "waterfall": 0.0033333333333333335, "deep": 0.0033333333333333335, "invisible": 0.0033333333333333335, "eye": 0.0033333333333333335, "courtyard": 0.0033333333333333335, "jungle": 0.006666666666666667, "ruins": 0.0033333333333333335, "old": 0.006666666666666667, "spend": 0.0033333333333333335, "day": 0.0033333333333333335, "short": 0.0033333333333333335, "walk": 0.0033333333333333335, "woods": 0.006666666666666667, "top": 0.006666666666666667, "traditional": 0.0033333333333333335, "wooden": 0.0033333333333333335, "hut": 0.0033333333333333335, "this": 0.0033333333333333335, "grew": 0.0033333333333333335, "up": 0.0033333333333333335, "parents": 0.0033333333333333335, "taken": 0.0033333333333333335, "hospital": 0.0033333333333333335, "serious": 0.0033333333333333335, "parking": 0.0033333333333333335, "castle": 0.0033333333333333335, "child": 0.0033333333333333335, "plays": 0.0033333333333333335, "most": 0.0033333333333333335, "houses": 0.0033333333333333335, "world": 0.0033333333333333335, "restaurant": 0.0033333333333333335, "church": 0.0033333333333333335, "suburbs": 0.0033333333333333335, "train": 0.0033333333333333335, "shot": 0.0033333333333333335, "along": 0.0033333333333333335, "flows": 0.0033333333333333335, "through": 0.0033333333333333335, "palm": 0.0033333333333333335, "area": 0.0033333333333333335, "hill": 0.0033333333333333335, "natural": 0.0033333333333333335, "wonder": 0.0033333333333333335, "walking": 0.0033333333333333335, "image": 0.0033333333333333335, "#": 0.0033333333333333335, "square": 0.006666666666666667, "meters,": 0.0033333333333333335, "plot": 0.0033333333333333335, "meters": 0.0033333333333333335, "market": 0.0033333333333333335, "$1": 0.0033333333333333335, "crowd": 0.0033333333333333335, "concert": 0.0033333333333333335, "zoo": 0.0033333333333333335, "past": 0.0033333333333333335, "large": 0.0033333333333333335}