{"motorcycle": 0.3066666666666667, "person": 0.6233333333333333, "potted plant": 0.23333333333333303, "bench": 0.0833333333333333, "fire hydrant": 0.006666666666666667, "car": 0.16333333333333316, "refrigerator": 0.006666666666666667, "boat": 0.07333333333333332, "frisbee": 0.006666666666666667, "bowl": 0.013333333333333334, "vase": 0.03333333333333333, "tv": 0.013333333333333334, "book": 0.013333333333333334, "chair": 0.08666666666666663, "mouse": 0.0033333333333333335, "cow": 0.006666666666666667, "dog": 0.013333333333333334, "umbrella": 0.03666666666666667, "bed": 0.01, "bottle": 0.013333333333333334, "bicycle": 0.04666666666666667, "bus": 0.04666666666666667, "bird": 0.023333333333333334, "bear": 0.0033333333333333335, "elephant": 0.006666666666666667, "truck": 0.12333333333333323, "stop sign": 0.0033333333333333335, "train": 0.04666666666666667, "clock": 0.016666666666666666, "cup": 0.006666666666666667, "snowboard": 0.006666666666666667, "backpack": 0.006666666666666667, "dining table": 0.006666666666666667, "couch": 0.0033333333333333335, "cat": 0.006666666666666667, "horse": 0.013333333333333334, "kite": 0.02, "surfboard": 0.0033333333333333335, "giraffe": 0.01, "suitcase": 0.013333333333333334, "handbag": 0.0033333333333333335, "sports ball": 0.006666666666666667, "density": 2.17}