{"road": 0.36666666666666664, "through": 0.013333333333333334, "jungle": 0.02666666666666667, "beach": 0.07666666666666666, "ferry": 0.0033333333333333335, "boat": 0.0033333333333333335, "popular": 0.0033333333333333335, "tourist": 0.0033333333333333335, "attraction": 0.0033333333333333335, "entrance": 0.006666666666666667, "temple": 0.1, "mountains": 0.043333333333333335, "interior": 0.01, "building": 0.02, "city": 0.09, "bus": 0.006666666666666667, "stop": 0.0033333333333333335, "in": 0.22, "car": 0.03333333333333333, "parked": 0.016666666666666666, "forest": 0.03333333333333333, "house": 0.22, "located": 0.05333333333333334, "center": 0.013333333333333334, "village": 0.05333333333333334, "full": 0.016666666666666666, "trees": 0.013333333333333334, "truck": 0.0033333333333333335, "large": 0.02, "load": 0.0033333333333333335, "stones": 0.0033333333333333335, "street": 0.03333333333333333, "front": 0.01, "our": 0.006666666666666667, "hotel": 0.006666666666666667, "streets": 0.01, "lined": 0.01, "shops": 0.006666666666666667, "restaurants": 0.006666666666666667, "tv": 0.0033333333333333335, "living": 0.016666666666666666, "room": 0.02, "dead": 0.0033333333333333335, "-": 0.0033333333333333335, "screenshot": 0.0033333333333333335, "#": 0.03, "farm": 0.05, "river": 0.07, "so": 0.013333333333333334, "wide": 0.01, "almost": 0.01, "invisible": 0.01, "eye": 0.01, "promenade": 0.0033333333333333335, "which": 0.01, "person": 0.03333333333333333, "lived": 0.02, "heart": 0.02, "was": 0.01, "closed": 0.0033333333333333335, "for": 0.01, "day": 0.0033333333333333335, "aerial": 0.05, "view": 0.11666666666666667, "countryside": 0.02666666666666667, "decorated": 0.0033333333333333335, "variety": 0.0033333333333333335, "items": 0.0033333333333333335, "rice": 0.016666666666666666, "fields": 0.01, "where": 0.013333333333333334, "his": 0.0033333333333333335, "mother": 0.0033333333333333335, "driving": 0.01, "rain": 0.006666666666666667, "old": 0.03333333333333333, "town": 0.02666666666666667, "square": 0.01, "church": 0.0033333333333333335, "province": 0.0033333333333333335, "night": 0.006666666666666667, "before": 0.0033333333333333335, "fire": 0.006666666666666667, "from": 0.09333333333333334, "outside": 0.006666666666666667, "rural": 0.0033333333333333335, "area": 0.006666666666666667, "main": 0.016666666666666666, "property": 0.04, "image": 0.03, "m": 0.0033333333333333335, "woman": 0.0033333333333333335, "walks": 0.006666666666666667, "down": 0.006666666666666667, "bridge": 0.006666666666666667, "over": 0.01, "group": 0.0033333333333333335, "plants": 0.013333333333333334, "field": 0.02, "tree": 0.02666666666666667, "symbol": 0.01, "spirit": 0.0033333333333333335, "flowing": 0.0033333333333333335, "park": 0.023333333333333334, "pharmacy": 0.0033333333333333335, "on": 0.03, "small": 0.013333333333333334, "little": 0.0033333333333333335, "bit": 0.0033333333333333335, "like": 0.006666666666666667, "beautiful": 0.02, "place": 0.01, "top": 0.03333333333333333, "family": 0.0033333333333333335, "traditional": 0.0033333333333333335, "couple": 0.013333333333333334, "were": 0.013333333333333334, "forced": 0.0033333333333333335, "leave": 0.0033333333333333335, "their": 0.0033333333333333335, "home": 0.013333333333333334, "after": 0.0033333333333333335, "attack": 0.0033333333333333335, "hill": 0.013333333333333334, "this": 0.006666666666666667, "i": 0.006666666666666667, "grew": 0.0033333333333333335, "up": 0.0033333333333333335, "dirt": 0.0033333333333333335, "airport": 0.0033333333333333335, "country": 0.0033333333333333335, "family's": 0.0033333333333333335, "wheat": 0.0033333333333333335, "man": 0.016666666666666666, "site": 0.006666666666666667, "proposed": 0.006666666666666667, "new": 0.01, "school": 0.006666666666666667, "quarry": 0.006666666666666667, "swimming": 0.013333333333333334, "pool": 0.013333333333333334, "morning": 0.0033333333333333335, "outdoor": 0.0033333333333333335, "villa": 0.0033333333333333335, "titled": 0.0033333333333333335, "live": 0.0033333333333333335, "step": 0.0033333333333333335, "short": 0.01, "walk": 0.01, "dog": 0.0033333333333333335, "palm": 0.0033333333333333335, "garden": 0.02, "now": 0.01, "museum": 0.0033333333333333335, "sun": 0.0033333333333333335, "sets": 0.0033333333333333335, "rock": 0.0033333333333333335, "lake": 0.01, "person,": 0.0033333333333333335, "who": 0.0033333333333333335, "neighborhood": 0.01, "green": 0.0033333333333333335, "grass": 0.0033333333333333335, "middle": 0.02, "stadium": 0.0033333333333333335, "being": 0.0033333333333333335, "sold": 0.0033333333333333335, "$1": 0.0033333333333333335, "peace": 0.0033333333333333335, "big": 0.006666666666666667, "window": 0.01, "advert": 0.0033333333333333335, "young": 0.0033333333333333335, "common": 0.0033333333333333335, "sight": 0.006666666666666667, "gardens": 0.0033333333333333335, "valley": 0.0033333333333333335, "rainforest": 0.0033333333333333335, "shrubs": 0.0033333333333333335, "water": 0.0033333333333333335, "level": 0.0033333333333333335, "very": 0.0033333333333333335, "low": 0.0033333333333333335, "animals": 0.0033333333333333335, "driveway": 0.0033333333333333335, "visit": 0.0033333333333333335, "seen": 0.01, "walking": 0.01, "along": 0.006666666666666667, "lights": 0.0033333333333333335, "at": 0.006666666666666667, "what": 0.0033333333333333335, "my": 0.0033333333333333335, "looks": 0.0033333333333333335, "when": 0.0033333333333333335, "get": 0.0033333333333333335, "air": 0.0033333333333333335, "waterfall": 0.0033333333333333335, "market": 0.0033333333333333335, "\u00a3": 0.0033333333333333335, "1": 0.0033333333333333335, "plant": 0.0033333333333333335, "good": 0.006666666666666667, "source": 0.0033333333333333335, "pollen": 0.0033333333333333335, "natural": 0.0033333333333333335, "phenomenon": 0.0033333333333333335, "white": 0.0033333333333333335, "shirt": 0.0033333333333333335, "sitting": 0.0033333333333333335, "desk": 0.0033333333333333335, "mountain": 0.0033333333333333335, "mix": 0.0033333333333333335, "landscape": 0.006666666666666667, "region": 0.0033333333333333335, "movie": 0.0033333333333333335, "ground": 0.0033333333333333335, "floor": 0.0033333333333333335, "compound": 0.0033333333333333335, "set": 0.0033333333333333335, "acres": 0.0033333333333333335, "land": 0.0033333333333333335, "has": 0.0033333333333333335, "garage": 0.0033333333333333335, "found": 0.0033333333333333335, "parking": 0.0033333333333333335, "lot": 0.0033333333333333335, "meters,": 0.0033333333333333335, "plot": 0.0033333333333333335, "meters": 0.0033333333333333335, "standing": 0.006666666666666667, "abandoned": 0.0033333333333333335, "wooden": 0.0033333333333333335, "swing": 0.0033333333333333335, "packed": 0.0033333333333333335, "people": 0.0033333333333333335, "wall": 0.0033333333333333335, "artist": 0.0033333333333333335, "same": 0.0033333333333333335, "name": 0.0033333333333333335, "condition": 0.0033333333333333335, "garden,": 0.0033333333333333335, "terrace": 0.0033333333333333335, "sea": 0.0033333333333333335, "roof": 0.0033333333333333335, "cave": 0.0033333333333333335, "canal": 0.0033333333333333335, "national": 0.0033333333333333335, "nature": 0.0033333333333333335, "looking": 0.0033333333333333335}