{"person": 0.49000000000000027, "potted plant": 0.4400000000000002, "bird": 0.05, "umbrella": 0.08, "chair": 0.13999999999999999, "bench": 0.09, "cat": 0.02, "motorcycle": 0.2700000000000001, "boat": 0.08, "train": 0.060000000000000005, "bus": 0.04, "truck": 0.07, "car": 0.10999999999999999, "bear": 0.01, "elephant": 0.01, "backpack": 0.01, "vase": 0.060000000000000005, "tv": 0.03, "dog": 0.02, "clock": 0.04, "fire hydrant": 0.02, "bowl": 0.03, "dining table": 0.01, "bed": 0.02, "cup": 0.01, "couch": 0.01, "suitcase": 0.04, "bicycle": 0.060000000000000005, "handbag": 0.01, "sports ball": 0.02, "book": 0.01, "bottle": 0.01, "cow": 0.01, "giraffe": 0.01, "density": 2.39}