{"car": 0.5433333333333341, "stop sign": 0.023333333333333334, "truck": 0.07666666666666665, "clock": 0.006666666666666667, "sports ball": 0.0033333333333333335, "parking meter": 0.006666666666666667, "person": 0.05666666666666667, "backpack": 0.0033333333333333335, "refrigerator": 0.006666666666666667, "horse": 0.006666666666666667, "potted plant": 0.013333333333333334, "bench": 0.02666666666666667, "sheep": 0.030000000000000002, "train": 0.013333333333333334, "bus": 0.0033333333333333335, "cow": 0.023333333333333334, "kite": 0.016666666666666666, "motorcycle": 0.006666666666666667, "frisbee": 0.0033333333333333335, "bicycle": 0.0033333333333333335, "elephant": 0.0033333333333333335, "traffic light": 0.0033333333333333335, "fire hydrant": 0.006666666666666667, "chair": 0.04, "dining table": 0.0033333333333333335, "bed": 0.0033333333333333335, "couch": 0.0033333333333333335, "book": 0.0033333333333333335, "giraffe": 0.01, "airplane": 0.0033333333333333335, "density": 0.9533333333333334}