{"couple": 0.03666666666666667, "cats": 0.006666666666666667, "sitting": 0.013333333333333334, "on": 0.36, "side": 0.14, "road": 0.3466666666666667, "person": 0.056666666666666664, "standing": 0.04, "in": 0.31333333333333335, "field": 0.41, "horse": 0.02, "large": 0.23, "green": 0.3433333333333333, "building": 0.06333333333333334, "motorcycle": 0.17, "parked": 0.25333333333333335, "trees": 0.05333333333333334, "car": 0.21666666666666667, "herd": 0.12, "sheep": 0.15333333333333332, "grazing": 0.23666666666666666, "cattle": 0.04666666666666667, "driving": 0.13, "down": 0.12333333333333334, "past": 0.04, "top": 0.023333333333333334, "highway": 0.02, "tree": 0.0033333333333333335, "small": 0.016666666666666666, "walking": 0.016666666666666666, "dirt": 0.06333333333333334, "blurry": 0.04, "few": 0.01, "animals": 0.13333333333333333, "truck": 0.05, "farm": 0.056666666666666664, "grass": 0.03666666666666667, "clock": 0.0033333333333333335, "tower": 0.0033333333333333335, "background": 0.05333333333333334, "street": 0.11333333333333333, "pasture": 0.10333333333333333, "tractor": 0.06, "near": 0.013333333333333334, "house": 0.03333333333333333, "two": 0.01, "cows": 0.09, "yard": 0.006666666666666667, "long": 0.01, "narrow": 0.006666666666666667, "fence": 0.04666666666666667, "dog": 0.01, "wooden": 0.01, "front": 0.04, "scene": 0.01, "city": 0.0033333333333333335, "taking": 0.006666666666666667, "big": 0.0033333333333333335, "next": 0.03333333333333333, "forest": 0.02666666666666667, "motorcycles": 0.016666666666666666, "bike": 0.0033333333333333335, "train": 0.0033333333333333335, "bunch": 0.0033333333333333335, "metal": 0.006666666666666667, "bicycle": 0.006666666666666667, "path": 0.0033333333333333335, "lush": 0.016666666666666666, "blue": 0.01, "cars": 0.023333333333333334, "elephants": 0.0033333333333333335, "houses": 0.006666666666666667, "driveway": 0.0033333333333333335, "object": 0.0033333333333333335, "middle": 0.013333333333333334, "town": 0.006666666666666667, "buildings": 0.0033333333333333335, "barn": 0.0033333333333333335, "number": 0.006666666666666667, "behind": 0.0033333333333333335, "lawn": 0.006666666666666667, "white": 0.01, "sign": 0.01, "blur": 0.0033333333333333335, "dealership": 0.0033333333333333335, "black": 0.0033333333333333335, "bench": 0.006666666666666667, "lot": 0.006666666666666667, "boat": 0.0033333333333333335, "stop": 0.0033333333333333335, "bushes": 0.0033333333333333335, "both": 0.0033333333333333335, "sides": 0.0033333333333333335, "some": 0.0033333333333333335, "roof": 0.006666666666666667, "along": 0.0033333333333333335, "woman": 0.0033333333333333335, "man": 0.0033333333333333335, "distance": 0.0033333333333333335, "goats": 0.0033333333333333335, "corner": 0.0033333333333333335, "group": 0.0033333333333333335, "three": 0.0033333333333333335, "zebra": 0.0033333333333333335, "park": 0.0033333333333333335}