{"person": 0.05, "horse": 0.01, "car": 0.4200000000000002, "truck": 0.07, "bench": 0.04, "train": 0.05, "stop sign": 0.060000000000000005, "sheep": 0.060000000000000005, "cow": 0.03, "dog": 0.01, "chair": 0.11999999999999998, "dining table": 0.01, "bed": 0.01, "potted plant": 0.02, "couch": 0.01, "book": 0.01, "bus": 0.01, "boat": 0.02, "fire hydrant": 0.01, "density": 1.02}