{"property": 0.09, "located": 0.09333333333333334, "in": 0.25, "countryside": 0.07, "field": 0.03666666666666667, "crops": 0.0033333333333333335, "city": 0.07333333333333333, "small": 0.006666666666666667, "town": 0.006666666666666667, "house": 0.36333333333333334, "where": 0.07666666666666666, "person": 0.06666666666666667, "lived": 0.04, "road": 0.5166666666666667, "farm": 0.19333333333333333, "same": 0.006666666666666667, "family": 0.0033333333333333335, "as": 0.006666666666666667, "was": 0.056666666666666664, "found": 0.016666666666666666, "woods": 0.01, "factory": 0.0033333333333333335, "village": 0.06, "couple": 0.05, "were": 0.05, "forced": 0.01, "move": 0.0033333333333333335, "out": 0.0033333333333333335, "their": 0.01, "home": 0.016666666666666666, "after": 0.01, "told": 0.0033333333333333335, "they": 0.0033333333333333335, "would": 0.0033333333333333335, "be": 0.0033333333333333335, "evicted": 0.0033333333333333335, "last": 0.01, "seen": 0.043333333333333335, "together": 0.006666666666666667, "car": 0.06, "park": 0.03333333333333333, "airport": 0.023333333333333334, "this": 0.01, "street": 0.03666666666666667, "view": 0.03, "from": 0.07, "country": 0.016666666666666666, "wheat": 0.016666666666666666, "through": 0.023333333333333334, "walking": 0.03, "down": 0.016666666666666666, "tree": 0.02, "middle": 0.016666666666666666, "spotted": 0.006666666666666667, "garden": 0.013333333333333334, "set": 0.016666666666666666, "acres": 0.016666666666666666, "land": 0.013333333333333334, "surrounded": 0.013333333333333334, "large": 0.023333333333333334, "river": 0.0033333333333333335, "short": 0.006666666666666667, "walk": 0.006666666666666667, "for": 0.03666666666666667, "sale": 0.01, "his": 0.03, "mother": 0.02666666666666667, "girl": 0.0033333333333333335, "movie": 0.016666666666666666, "castle": 0.023333333333333334, "beautiful": 0.016666666666666666, "place": 0.006666666666666667, "visit": 0.006666666666666667, "trip": 0.0033333333333333335, "heart": 0.01, "building": 0.02, "neighborhood": 0.01, "closed": 0.016666666666666666, "weekend": 0.006666666666666667, "woodland": 0.01, "forest": 0.006666666666666667, "at": 0.006666666666666667, "site": 0.01, "fields": 0.006666666666666667, "beach": 0.01, "typical": 0.013333333333333334, "area": 0.0033333333333333335, "person,": 0.006666666666666667, "born": 0.006666666666666667, "leave": 0.0033333333333333335, "attack": 0.006666666666666667, "parked": 0.013333333333333334, "lane": 0.0033333333333333335, "trees": 0.03333333333333333, "full": 0.0033333333333333335, "bloom": 0.0033333333333333335, "on": 0.02666666666666667, "stubble": 0.0033333333333333335, "farmer's": 0.0033333333333333335, "market": 0.016666666666666666, "\u00a3": 0.016666666666666666, "1": 0.016666666666666666, "attacked": 0.013333333333333334, "leading": 0.006666666666666667, "outside": 0.0033333333333333335, "proposed": 0.0033333333333333335, "new": 0.0033333333333333335, "school": 0.0033333333333333335, "man": 0.0033333333333333335, "cafe": 0.0033333333333333335, "image": 0.016666666666666666, "pictured": 0.006666666666666667, "sign": 0.0033333333333333335, "driveway": 0.006666666666666667, "lined": 0.01, "traffic": 0.01, "grass": 0.0033333333333333335, "mountains": 0.0033333333333333335, "good": 0.0033333333333333335, "condition": 0.0033333333333333335, "original": 0.0033333333333333335, "train": 0.0033333333333333335, "station": 0.0033333333333333335, "parents": 0.0033333333333333335, "parking": 0.0033333333333333335, "lot": 0.0033333333333333335, "sun": 0.006666666666666667, "shines": 0.006666666666666667, "church": 0.0033333333333333335, "summer": 0.0033333333333333335, "#": 0.013333333333333334, "detached": 0.0033333333333333335, "holiday": 0.0033333333333333335, "quiet": 0.0033333333333333335, "location": 0.0033333333333333335, "garden,": 0.0033333333333333335, "m": 0.0033333333333333335, "my": 0.0033333333333333335, "backyard": 0.0033333333333333335, "region": 0.0033333333333333335, "near": 0.0033333333333333335, "border": 0.0033333333333333335, "shrubs": 0.0033333333333333335, "swimming": 0.01, "pool": 0.01, "killer": 0.0033333333333333335, "shot": 0.0033333333333333335, "interior": 0.0033333333333333335, "modern": 0.0033333333333333335, "office": 0.0033333333333333335, "hotel": 0.0033333333333333335, "flee": 0.0033333333333333335, "lawn": 0.0033333333333333335, "barn": 0.0033333333333333335, "i": 0.0033333333333333335, "grew": 0.0033333333333333335, "up": 0.0033333333333333335, "who": 0.0033333333333333335, "accused": 0.0033333333333333335, "stealing": 0.0033333333333333335, "back": 0.0033333333333333335}