{"car": 0.49500000000000033, "elephant": 0.005, "truck": 0.049999999999999996, "boat": 0.01, "person": 0.049999999999999996, "fire hydrant": 0.01, "kite": 0.02, "stop sign": 0.01, "cow": 0.045, "bench": 0.02, "airplane": 0.005, "surfboard": 0.005, "giraffe": 0.01, "clock": 0.005, "sports ball": 0.005, "sheep": 0.035, "potted plant": 0.01, "horse": 0.005, "backpack": 0.005, "train": 0.005, "refrigerator": 0.005, "density": 0.81}