{"horse": 0.0033333333333333335, "person": 0.05666666666666667, "car": 0.6833333333333327, "potted plant": 0.013333333333333334, "truck": 0.07999999999999997, "traffic light": 0.0033333333333333335, "dog": 0.0033333333333333335, "clock": 0.0033333333333333335, "stop sign": 0.02, "fire hydrant": 0.006666666666666667, "frisbee": 0.0033333333333333335, "bench": 0.02666666666666667, "boat": 0.01, "kite": 0.013333333333333334, "surfboard": 0.006666666666666667, "sheep": 0.006666666666666667, "cow": 0.02, "train": 0.013333333333333334, "bus": 0.0033333333333333335, "giraffe": 0.006666666666666667, "parking meter": 0.0033333333333333335, "refrigerator": 0.006666666666666667, "motorcycle": 0.006666666666666667, "sports ball": 0.0033333333333333335, "chair": 0.04, "dining table": 0.0033333333333333335, "bed": 0.0033333333333333335, "couch": 0.0033333333333333335, "book": 0.0033333333333333335, "density": 2.830357142857143}