{"car": 0.6049999999999981, "bench": 0.034999999999999996, "person": 0.05250000000000001, "truck": 0.06750000000000002, "fire hydrant": 0.0075, "train": 0.015000000000000001, "traffic light": 0.0025, "boat": 0.0075, "horse": 0.005, "parking meter": 0.0025, "stop sign": 0.0225, "cow": 0.04, "refrigerator": 0.005, "giraffe": 0.005, "kite": 0.0125, "potted plant": 0.0075, "sheep": 0.0225, "surfboard": 0.005, "dog": 0.0025, "airplane": 0.0025, "backpack": 0.0025, "chair": 0.029999999999999995, "dining table": 0.0025, "bed": 0.0025, "couch": 0.0025, "book": 0.0025, "motorcycle": 0.0075, "bicycle": 0.0025, "clock": 0.0025, "frisbee": 0.0025, "density": 0.9825}