{"car": 0.5720000000000004, "truck": 0.07200000000000005, "potted plant": 0.01, "cow": 0.03600000000000002, "person": 0.05000000000000003, "fire hydrant": 0.006, "stop sign": 0.018000000000000002, "kite": 0.014, "horse": 0.006, "frisbee": 0.002, "elephant": 0.002, "boat": 0.006, "airplane": 0.002, "sports ball": 0.002, "sheep": 0.018000000000000002, "train": 0.016, "parking meter": 0.004, "bench": 0.030000000000000013, "surfboard": 0.004, "motorcycle": 0.006, "chair": 0.024000000000000007, "dining table": 0.002, "bed": 0.002, "couch": 0.002, "book": 0.002, "clock": 0.004, "bus": 0.002, "refrigerator": 0.004, "dog": 0.002, "traffic light": 0.002, "giraffe": 0.006, "backpack": 0.002, "bicycle": 0.002, "density": 0.932}